time,冰水入口溫度,冰水出口溫度,冷卻水入口溫度,冷卻水出口溫度,右機LEV開度Step,右機低壓,右機吐出溫度,右機電流,右機高壓,右耗電,右飽和冷凝溫度,右飽和蒸發溫度,壓縮機頻率,左機LEV開度Step,左機低壓,左機吐出溫度,左機電流,左機高壓,左耗電,左飽和冷凝溫度,左飽和蒸發溫度,設溫
1590508915,12.7,12.5,28.4,29.7,,4.02,57.9,0,4.15,0,,,0,,3.86,56,0,4.48,0,,,8
1590508915,12.7,12.5,28.4,29.7,,4.02,57.9,0,4.15,0,,,0,,3.86,56,0,4.48,0,,,8
1590509096,13.5,13.2,27.9,28.5,,4.04,53.9,0,4.09,0,,,0,,3.89,52.4,0,3.97,0,,,8
1590509096,13.5,13.2,27.9,28.5,,4.04,53.9,0,4.09,0,,,0,,3.89,52.4,0,3.97,0,,,8
1590509276,14,13.6,27.4,27.9,,4.09,51.4,0,4.17,0,,,0,,3.94,50,0,4.03,0,,,8
1590509276,14,13.6,27.4,27.9,,4.09,51.4,0,4.17,0,,,0,,3.94,50,0,4.03,0,,,8
1590509456,14.4,14,27.1,27.5,,4.13,48.9,0,4.19,0,,,0,,4.02,47.9,0,4.1,0,,,8
1590509457,14.4,14,27.1,27.5,,4.13,48.9,0,4.19,0,,,0,,4.02,47.9,0,4.1,0,,,8
1590509636,14.7,14.4,27,27.3,,4.18,47.1,0,4.23,0,,,0,,4.08,46.1,0,4.17,0,,,8
1590509637,14.7,14.4,27,27.3,,4.18,47.1,0,4.23,0,,,0,,4.08,46.1,0,4.17,0,,,8
1590509816,15,14.6,26.8,27.2,,4.2,45.6,0,4.28,0,,,0,,4.1,44.7,0,4.18,0,,,8
1590509817,15,14.6,26.8,27.2,,4.2,45.6,0,4.28,0,,,0,,4.1,44.7,0,4.18,0,,,8
1590509996,15.3,14.9,26.7,27.1,,4.25,44.2,0,4.32,0,,,0,,4.15,43.5,0,4.23,0,,,8
1590509997,15.3,14.9,26.7,27.1,,4.25,44.2,0,4.32,0,,,0,,4.15,43.5,0,4.23,0,,,8
1590510177,15.5,15.1,26.7,27,,4.28,43.2,0,4.32,0,,,0,,4.18,42.6,0,4.24,0,,,8
1590510178,15.5,15.1,26.7,27,,4.28,43.2,0,4.32,0,,,0,,4.18,42.6,0,4.24,0,,,8
1590510362,15.7,15.3,26.6,26.9,,4.29,42.1,0,4.34,0,,,0,,4.2,41.5,0,4.29,0,,,8
1590510363,15.7,15.3,26.6,26.9,,4.29,42.1,0,4.34,0,,,0,,4.2,41.5,0,4.29,0,,,8
1590510540,15.9,15.5,26.6,26.9,,4.33,41.2,0,4.37,0,,,0,,4.23,40.5,0,4.3,0,,,8
1590510541,15.9,15.5,26.6,26.9,,4.33,41.2,0,4.37,0,,,0,,4.23,40.5,0,4.3,0,,,8
1590510721,16,15.6,26.6,27,,4.34,40.4,0,4.4,0,,,0,,4.24,39.8,0,4.34,0,,,8
1590510721,16,15.6,26.6,27,,4.34,40.4,0,4.4,0,,,0,,4.24,39.8,0,4.34,0,,,8
1590510902,16.1,15.7,26.7,26.9,,4.37,39.6,0,4.4,0,,,0,,4.27,39.2,0,4.34,0,,,8
1590510902,16.1,15.7,26.7,26.9,,4.37,39.6,0,4.4,0,,,0,,4.27,39.2,0,4.34,0,,,8
1590511082,16.2,15.8,26.7,27,,4.38,39,0,4.44,0,,,0,,4.28,38.6,0,4.37,0,,,8
1590511082,16.2,15.8,26.7,27,,4.38,39,0,4.44,0,,,0,,4.28,38.6,0,4.37,0,,,8
1590511263,16.3,15.9,26.7,27,,4.4,38.5,0,4.44,0,,,0,,4.29,38.1,0,4.39,0,,,8
1590511263,16.3,15.9,26.7,27,,4.4,38.5,0,4.44,0,,,0,,4.29,38.1,0,4.39,0,,,8
1590511445,16.3,15.9,26.7,27,,4.4,38,0,4.48,0,,,0,,4.29,37.5,0,4.37,0,,,8
1590511445,16.3,15.9,26.7,27,,4.4,38,0,4.48,0,,,0,,4.29,37.5,0,4.37,0,,,8
1590511807,16.5,16,26.6,26.9,,4.43,37.1,0,4.48,0,,,0,,4.32,36.6,0,4.39,0,,,8
1590511807,16.5,16,26.6,26.9,,4.43,37.1,0,4.48,0,,,0,,4.32,36.6,0,4.39,0,,,8
1590511988,16.5,16.1,26.6,26.9,,4.44,36.6,0,4.5,0,,,0,,4.34,36.2,0,4.42,0,,,8
1590511988,16.5,16.1,26.6,26.9,,4.44,36.6,0,4.5,0,,,0,,4.34,36.2,0,4.42,0,,,8
1590512169,16.6,16.1,26.7,26.9,,4.43,36.2,0,4.48,0,,,0,,4.35,35.8,0,4.43,0,,,8
1590512169,16.6,16.1,26.7,26.9,,4.43,36.2,0,4.48,0,,,0,,4.35,35.8,0,4.43,0,,,8
1590512407,16.6,16.2,26.6,26.9,,4.44,35.7,0,4.5,0,,,0,,4.35,35.4,0,4.44,0,,,8
1590512407,16.6,16.2,26.6,26.9,,4.44,35.7,0,4.5,0,,,0,,4.35,35.4,0,4.44,0,,,8
1590512585,16.7,16.3,26.6,27,,4.44,35.3,0,4.48,0,,,0,,4.37,35,0,4.44,0,,,8
1590512585,16.7,16.3,26.6,27,,4.44,35.3,0,4.48,0,,,0,,4.37,35,0,4.44,0,,,8
1590512765,16.7,16.3,26.6,26.9,,4.44,35,0,4.48,0,,,0,,4.35,34.8,0,4.44,0,,,8
1590512765,16.7,16.3,26.6,26.9,,4.44,35,0,4.48,0,,,0,,4.35,34.8,0,4.44,0,,,8
1590512945,16.7,16.3,26.7,27,,4.43,34.8,0,4.48,0,,,0,,4.35,34.6,0,4.45,0,,,8
1590512945,16.7,16.3,26.7,27,,4.43,34.8,0,4.48,0,,,0,,4.35,34.6,0,4.45,0,,,8
1590513308,16.7,16.3,26.7,27,,4.43,34.3,0,4.49,0,,,0,,4.35,34.1,0,4.43,0,,,8
1590513308,16.7,16.3,26.7,27,,4.43,34.3,0,4.49,0,,,0,,4.35,34.1,0,4.43,0,,,8
1590513489,16.8,16.3,26.6,27,,4.44,34.1,0,4.5,0,,,0,,4.37,33.9,0,4.43,0,,,8
1590513489,16.8,16.3,26.6,27,,4.44,34.1,0,4.5,0,,,0,,4.37,33.9,0,4.43,0,,,8
1590513676,16.7,16.3,26.6,26.9,,4.43,33.9,0,4.5,0,,,0,,4.35,33.8,0,4.44,0,,,8
1590513676,16.7,16.3,26.6,26.9,,4.43,33.9,0,4.5,0,,,0,,4.35,33.8,0,4.44,0,,,8
1590513855,16.7,16.3,26.7,27,,4.42,33.7,0,4.5,0,,,0,,4.35,33.6,0,4.42,0,,,8
1590513855,16.7,16.3,26.7,27,,4.42,33.7,0,4.5,0,,,0,,4.35,33.6,0,4.42,0,,,8
1590514034,16.7,16.3,26.7,26.9,,4.43,33.5,0,4.48,0,,,0,,4.35,33.4,0,4.45,0,,,8
1590514035,16.7,16.3,26.7,26.9,,4.43,33.5,0,4.48,0,,,0,,4.35,33.4,0,4.45,0,,,8
1590514220,16.7,16.3,26.7,26.9,,4.43,33.4,0,4.49,0,,,0,,4.35,33.3,0,4.43,0,,,8
1590514220,16.7,16.3,26.7,26.9,,4.43,33.4,0,4.49,0,,,0,,4.35,33.3,0,4.43,0,,,8
1590514399,16.7,16.3,26.7,27,,4.43,33.2,0,4.52,0,,,0,,4.35,33.2,0,4.44,0,,,8
1590514399,16.7,16.3,26.7,27,,4.43,33.2,0,4.52,0,,,0,,4.35,33.2,0,4.44,0,,,8
1590514579,16.7,16.3,26.7,27,,4.44,33.1,0,4.49,0,,,0,,4.37,33,0,4.45,0,,,8
1590514579,16.7,16.3,26.7,27,,4.44,33.1,0,4.49,0,,,0,,4.37,33,0,4.45,0,,,8
1590514759,16.7,16.3,26.7,27,,4.44,32.9,0,4.49,0,,,0,,4.35,32.9,0,4.43,0,,,8
1590514759,16.7,16.3,26.7,27,,4.44,32.9,0,4.49,0,,,0,,4.35,32.9,0,4.43,0,,,8
1590514942,16.7,16.3,26.7,27,,4.44,32.8,0,4.5,0,,,0,,4.37,32.8,0,4.44,0,,,8
1590514942,16.7,16.3,26.7,27,,4.44,32.8,0,4.5,0,,,0,,4.37,32.8,0,4.44,0,,,8
1590515122,16.7,16.3,26.7,27,,4.44,32.6,0,4.49,0,,,0,,4.35,32.6,0,4.44,0,,,8
1590515122,16.7,16.3,26.7,27,,4.44,32.6,0,4.49,0,,,0,,4.35,32.6,0,4.44,0,,,8
1590515485,16.7,16.3,26.7,27,,4.44,32.4,0,4.49,0,,,0,,4.35,32.4,0,4.44,0,,,8
1590515485,16.7,16.3,26.7,27,,4.44,32.4,0,4.49,0,,,0,,4.35,32.4,0,4.44,0,,,8
1590515669,16.8,16.3,26.7,27,,4.45,32.3,0,4.49,0,,,0,,4.37,32.3,0,4.44,0,,,8
1590515669,16.8,16.3,26.7,27,,4.45,32.3,0,4.49,0,,,0,,4.37,32.3,0,4.44,0,,,8
1590515849,16.7,16.3,26.6,27,,4.45,32.2,0,4.53,0,,,0,,4.37,32.2,0,4.44,0,,,8
1590515849,16.7,16.3,26.6,27,,4.45,32.2,0,4.53,0,,,0,,4.37,32.2,0,4.44,0,,,8
1590516076,16.8,16.4,26.8,27,,4.45,32.1,0,4.54,0,,,0,,4.37,32.1,0,4.44,0,,,8
1590516076,16.8,16.4,26.8,27,,4.45,32.1,0,4.54,0,,,0,,4.37,32.1,0,4.44,0,,,8
1590516255,16.8,16.4,26.7,27,,4.45,32,0,4.52,0,,,0,,4.37,32,0,4.44,0,,,8
1590516255,16.8,16.4,26.7,27,,4.45,32,0,4.52,0,,,0,,4.37,32,0,4.44,0,,,8
1590516436,16.8,16.4,26.8,27.1,,4.47,31.9,0,4.54,0,,,0,,4.37,31.9,0,4.44,0,,,8
1590516436,16.8,16.4,26.8,27.1,,4.47,31.9,0,4.54,0,,,0,,4.37,31.9,0,4.44,0,,,8
1590516616,16.9,16.4,26.9,27.1,,4.47,31.8,0,4.53,0,,,0,,4.37,31.9,0,4.47,0,,,8
1590516616,16.9,16.4,26.9,27.1,,4.47,31.8,0,4.53,0,,,0,,4.37,31.9,0,4.47,0,,,8
1590516799,16.9,16.5,26.9,27.2,,4.48,31.7,0,4.54,0,,,0,,4.39,31.8,0,4.47,0,,,8
1590516799,16.9,16.5,26.9,27.2,,4.48,31.7,0,4.54,0,,,0,,4.39,31.8,0,4.47,0,,,8
1590516980,16.9,16.5,26.9,27.2,,4.49,31.7,0,4.54,0,,,0,,4.4,31.7,0,4.48,0,,,8
1590516980,16.9,16.5,26.9,27.2,,4.49,31.7,0,4.54,0,,,0,,4.4,31.7,0,4.48,0,,,8
1590517160,16.9,16.5,26.8,27.2,,4.49,31.6,0,4.54,0,,,0,,4.39,31.7,0,4.49,0,,,8
1590517160,16.9,16.5,26.8,27.2,,4.49,31.6,0,4.54,0,,,0,,4.39,31.7,0,4.49,0,,,8
1590517340,17,16.6,26.9,27.1,,4.49,31.5,0,4.57,0,,,0,,4.4,31.6,0,4.45,0,,,8
1590517340,17,16.6,26.9,27.1,,4.49,31.5,0,4.57,0,,,0,,4.4,31.6,0,4.45,0,,,8
1590517521,17,16.6,27,27.2,,4.5,31.4,0,4.57,0,,,0,,4.4,31.5,0,4.48,0,,,8
1590517521,17,16.6,27,27.2,,4.5,31.4,0,4.57,0,,,0,,4.4,31.5,0,4.48,0,,,8
1590517701,17,16.6,27,27.2,,4.5,31.4,0,4.57,0,,,0,,4.4,31.4,0,4.49,0,,,8
1590517701,17,16.6,27,27.2,,4.5,31.4,0,4.57,0,,,0,,4.4,31.4,0,4.49,0,,,8
1590517884,17.1,16.6,26.9,27.2,,4.52,31.3,0,4.57,0,,,0,,4.42,31.4,0,4.49,0,,,8
1590517884,17.1,16.6,26.9,27.2,,4.52,31.3,0,4.57,0,,,0,,4.42,31.4,0,4.49,0,,,8
1590518065,17.1,16.6,26.9,27.2,,4.5,31.3,0,4.57,0,,,0,,4.42,31.3,0,4.48,0,,,8
1590518065,17.1,16.6,26.9,27.2,,4.5,31.3,0,4.57,0,,,0,,4.42,31.3,0,4.48,0,,,8
1590518245,17.1,16.7,26.9,27.2,,4.52,31.2,0,4.57,0,,,0,,4.42,31.3,0,4.47,0,,,8
1590518245,17.1,16.7,26.9,27.2,,4.52,31.2,0,4.57,0,,,0,,4.42,31.3,0,4.47,0,,,8
1590518607,17.1,16.6,26.9,27.2,,4.52,31.1,0,4.57,0,,,0,,4.42,31.2,0,4.48,0,,,8
1590518607,17.1,16.6,26.9,27.2,,4.52,31.1,0,4.57,0,,,0,,4.42,31.2,0,4.48,0,,,8
1590518796,17.1,16.7,26.9,27.2,,4.52,31.1,0,4.59,0,,,0,,4.42,31.2,0,4.49,0,,,8
1590518796,17.1,16.7,26.9,27.2,,4.52,31.1,0,4.59,0,,,0,,4.42,31.2,0,4.49,0,,,8
1590518970,17,16.6,27,27.2,,4.5,31,0,4.57,0,,,0,,4.42,31.1,0,4.48,0,,,8
1590518970,17,16.6,27,27.2,,4.5,31,0,4.57,0,,,0,,4.42,31.1,0,4.48,0,,,8
1590519151,17,16.6,27,27.3,,4.52,31,0,4.58,0,,,0,,4.42,31.1,0,4.48,0,,,8
1590519151,17,16.6,27,27.3,,4.52,31,0,4.58,0,,,0,,4.42,31.1,0,4.48,0,,,8
1590519331,17,16.6,26.9,27.2,,4.52,30.9,0,4.55,0,,,0,,4.42,31,0,4.47,0,,,8
1590519331,17,16.6,26.9,27.2,,4.52,30.9,0,4.55,0,,,0,,4.42,31,0,4.47,0,,,8
1590519827,17,16.6,26.9,27.2,,4.5,30.8,0,4.55,0,,,0,,4.4,30.9,0,4.47,0,,,8
1590519827,17,16.6,26.9,27.2,,4.5,30.8,0,4.55,0,,,0,,4.4,30.9,0,4.47,0,,,8
1590520008,17,16.6,26.9,27.2,,4.5,30.8,0,4.55,0,,,0,,4.39,30.9,0,4.48,0,,,8
1590520008,17,16.6,26.9,27.2,,4.5,30.8,0,4.55,0,,,0,,4.39,30.9,0,4.48,0,,,8
1590520188,17,16.5,26.9,27.1,,4.5,30.8,0,4.57,0,,,0,,4.4,30.9,0,4.48,0,,,8
1590520188,17,16.5,26.9,27.1,,4.5,30.8,0,4.57,0,,,0,,4.4,30.9,0,4.48,0,,,8
1590520369,17,16.6,26.8,27.1,,4.49,30.7,0,4.57,0,,,0,,4.4,30.8,0,4.48,0,,,8
1590520369,17,16.6,26.8,27.1,,4.49,30.7,0,4.57,0,,,0,,4.4,30.8,0,4.48,0,,,8
1590520549,17,16.6,26.8,27.1,,4.5,30.7,0,4.57,0,,,0,,4.4,30.8,0,4.49,0,,,8
1590520549,17,16.6,26.8,27.1,,4.5,30.7,0,4.57,0,,,0,,4.4,30.8,0,4.49,0,,,8
1590520729,17,16.6,26.7,27.1,,4.5,30.6,0,4.54,0,,,0,,4.4,30.8,0,4.48,0,,,8
1590520729,17,16.6,26.7,27.1,,4.5,30.6,0,4.54,0,,,0,,4.4,30.8,0,4.48,0,,,8
1590520910,17,16.6,26.8,27.1,,4.5,30.6,0,4.55,0,,,0,,4.4,30.7,0,4.49,0,,,8
1590520910,17,16.6,26.8,27.1,,4.5,30.6,0,4.55,0,,,0,,4.4,30.7,0,4.49,0,,,8
1590521090,17,16.6,26.9,27.2,,4.5,30.6,0,4.57,0,,,0,,4.42,30.7,0,4.49,0,,,8
1590521271,17.1,16.6,27.1,27.3,,4.5,30.5,0,4.57,0,,,0,,4.42,30.7,0,4.48,0,,,8
1590521271,17.1,16.6,27.1,27.3,,4.5,30.5,0,4.57,0,,,0,,4.42,30.7,0,4.48,0,,,8
1590521451,17,16.6,27,27.3,,4.52,30.5,0,4.55,0,,,0,,4.42,30.7,0,4.49,0,,,8
1590521452,17,16.6,27,27.3,,4.52,30.5,0,4.55,0,,,0,,4.42,30.7,0,4.49,0,,,8
1590521635,17.1,16.6,27.1,27.3,,4.52,30.5,0,4.55,0,,,0,,4.43,30.6,0,4.49,0,,,8
1590521635,17.1,16.6,27.1,27.3,,4.52,30.5,0,4.55,0,,,0,,4.43,30.6,0,4.49,0,,,8
1590521815,17.1,16.7,27.1,27.3,,4.52,30.4,0,4.58,0,,,0,,4.42,30.6,0,4.5,0,,,8
1590521815,17.1,16.7,27.1,27.3,,4.52,30.4,0,4.58,0,,,0,,4.42,30.6,0,4.5,0,,,8
1590521996,17.1,16.7,27.1,27.3,,4.52,30.4,0,4.57,0,,,0,,4.42,30.5,0,4.5,0,,,8
1590521996,17.1,16.7,27.1,27.3,,4.52,30.4,0,4.57,0,,,0,,4.42,30.5,0,4.5,0,,,8
1590522357,17.1,16.7,27,27.2,,4.53,30.4,0,4.57,0,,,0,,4.43,30.5,0,4.49,0,,,8
1590522357,17.1,16.7,27,27.2,,4.53,30.4,0,4.57,0,,,0,,4.43,30.5,0,4.49,0,,,8
1590522537,17.1,16.6,27.1,27.3,,4.52,30.3,0,4.57,0,,,0,,4.42,30.5,0,4.49,0,,,8
1590522537,17.1,16.6,27.1,27.3,,4.52,30.3,0,4.57,0,,,0,,4.42,30.5,0,4.49,0,,,8
1590522721,17.1,16.6,27,27.3,,4.5,30.3,0,4.57,0,,,0,,4.4,30.4,0,4.49,0,,,8
1590522721,17.1,16.6,27,27.3,,4.5,30.3,0,4.57,0,,,0,,4.4,30.4,0,4.49,0,,,8
1590522902,17,16.5,27.1,27.3,,4.52,30.3,0,4.54,0,,,0,,4.42,30.4,0,4.48,0,,,8
1590522902,17,16.5,27.1,27.3,,4.52,30.3,0,4.54,0,,,0,,4.42,30.4,0,4.48,0,,,8
1590523082,17,16.6,27.1,27.3,,4.49,30.3,0,4.55,0,,,0,,4.4,30.4,0,4.47,0,,,8
1590523082,17,16.6,27.1,27.3,,4.49,30.3,0,4.55,0,,,0,,4.4,30.4,0,4.47,0,,,8
1590523263,17,16.5,26.9,27.2,,4.5,30.2,0,4.57,0,,,0,,4.4,30.4,0,4.47,0,,,8
1590523263,17,16.5,26.9,27.2,,4.5,30.2,0,4.57,0,,,0,,4.4,30.4,0,4.47,0,,,8
1590523493,16.9,16.5,26.8,27.1,,4.49,30.2,0,4.53,0,,,0,,4.39,30.3,0,4.47,0,,,8
1590523493,16.9,16.5,26.8,27.1,,4.49,30.2,0,4.53,0,,,0,,4.39,30.3,0,4.47,0,,,8
1590523673,16.9,16.4,26.6,27,,4.48,30.1,0,4.53,0,,,0,,4.38,30.3,0,4.45,0,,,8
1590523673,16.9,16.4,26.6,27,,4.48,30.1,0,4.53,0,,,0,,4.38,30.3,0,4.45,0,,,8
1590523854,16.7,16.3,26.6,26.9,,4.47,30.1,0,4.54,0,,,0,,4.37,30.2,0,4.44,0,,,8
1590523854,16.7,16.3,26.6,26.9,,4.47,30.1,0,4.54,0,,,0,,4.37,30.2,0,4.44,0,,,8
1590524034,16.7,16.3,26.6,26.8,,4.45,30.1,0,4.52,0,,,0,,4.34,30.2,0,4.42,0,,,8
1590524034,16.7,16.3,26.6,26.8,,4.45,30.1,0,4.52,0,,,0,,4.34,30.2,0,4.42,0,,,8
1590524215,16.6,16.2,26.5,26.7,,4.45,30,0,4.49,0,,,0,,4.34,30.2,0,4.4,0,,,8
1590524215,16.6,16.2,26.5,26.7,,4.45,30,0,4.49,0,,,0,,4.34,30.2,0,4.4,0,,,8
1590524395,16.5,16.1,26.4,26.7,,4.43,30,0,4.49,0,,,0,,4.33,30.1,0,4.39,0,,,8
1590524395,16.5,16.1,26.4,26.7,,4.43,30,0,4.49,0,,,0,,4.33,30.1,0,4.39,0,,,8
1590524575,16.5,16.1,26.2,26.6,,4.43,30,0,4.48,0,,,0,,4.32,30.1,0,4.38,0,,,8
1590524575,16.5,16.1,26.2,26.6,,4.43,30,0,4.48,0,,,0,,4.32,30.1,0,4.38,0,,,8
1590524756,16.4,15.9,26.3,26.5,,4.42,30,0,4.48,0,,,0,,4.3,30.1,0,4.38,0,,,8
1590524756,16.4,15.9,26.3,26.5,,4.42,30,0,4.48,0,,,0,,4.3,30.1,0,4.38,0,,,8
1590524938,16.3,15.9,26.2,26.5,,4.4,29.9,0,4.47,0,,,0,,4.3,30,0,4.35,0,,,8
1590524938,16.3,15.9,26.2,26.5,,4.4,29.9,0,4.47,0,,,0,,4.3,30,0,4.35,0,,,8
1590525122,16.3,15.9,26.2,26.4,,4.4,29.9,0,4.44,0,,,0,,4.3,30,0,4.35,0,,,8
1590525122,16.3,15.9,26.2,26.4,,4.4,29.9,0,4.44,0,,,0,,4.3,30,0,4.35,0,,,8
1590525300,16.2,15.8,26.2,26.4,,4.39,29.9,0,4.44,0,,,0,,4.29,30,0,4.35,0,,,8
1590525300,16.2,15.8,26.2,26.4,,4.39,29.9,0,4.44,0,,,0,,4.29,30,0,4.35,0,,,8
1590525481,16.2,15.7,26.2,26.4,,4.38,29.9,0,4.43,0,,,0,,4.27,29.9,0,4.35,0,,,8
1590525481,16.2,15.7,26.2,26.4,,4.38,29.9,0,4.43,0,,,0,,4.27,29.9,0,4.35,0,,,8
1590525661,16.1,15.7,26.1,26.4,,4.38,29.9,0,4.4,0,,,0,,4.27,29.9,0,4.32,0,,,8
1590525661,16.1,15.7,26.1,26.4,,4.38,29.9,0,4.4,0,,,0,,4.27,29.9,0,4.32,0,,,8
1590526023,16,15.6,26.1,26.4,,4.35,29.8,0,4.42,0,,,0,,4.24,29.9,0,4.32,0,,,8
1590526023,16,15.6,26.1,26.4,,4.35,29.8,0,4.42,0,,,0,,4.24,29.9,0,4.32,0,,,8
1590526204,16,15.5,26,26.3,,4.35,29.8,0,4.4,0,,,0,,4.24,29.9,0,4.3,0,,,8
1590526204,16,15.5,26,26.3,,4.35,29.8,0,4.4,0,,,0,,4.24,29.9,0,4.3,0,,,8
1590526385,15.9,15.4,26.1,26.3,,4.34,29.8,0,4.39,0,,,0,,4.23,29.9,0,4.28,0,,,8
1590526385,15.9,15.4,26.1,26.3,,4.34,29.8,0,4.39,0,,,0,,4.23,29.9,0,4.28,0,,,8
1590526566,15.9,15.4,25.9,26.2,,4.33,29.8,0,4.38,0,,,0,,4.23,29.9,0,4.3,0,,,8
1590526566,15.9,15.4,25.9,26.2,,4.33,29.8,0,4.38,0,,,0,,4.23,29.9,0,4.3,0,,,8
1590526746,15.8,15.3,25.9,26.2,,4.33,29.8,0,4.39,0,,,0,,4.23,29.9,0,4.27,0,,,8
1590526747,15.8,15.3,25.9,26.2,,4.33,29.8,0,4.39,0,,,0,,4.23,29.9,0,4.27,0,,,8
1590526927,15.5,13.6,25.8,27.5,,3.18,52.8,66.2,8.55,22.2,,,0,,4.07,29.9,0,4.13,0,,,8
1590526927,15.5,13.6,25.8,27.5,,3.18,52.8,66.2,8.55,22.2,,,0,,4.07,29.9,0,4.13,0,,,8
1590527160,14.6,12.6,26.3,29.4,,3.07,57.6,80.7,8.36,26.2,,,0,,3.42,29.9,39.1,5.72,12.4,,,8
1590527160,14.6,12.6,26.3,29.4,,3.07,57.6,80.7,8.36,26.2,,,0,,3.42,29.9,39.1,5.72,12.4,,,8
1590527341,13.9,10.7,26.7,32,,3,59,77.9,8.58,24.7,,,0,,2.93,55.2,63.1,7.82,19.9,,,8
1590527341,13.9,10.7,26.7,32,,3,59,77.9,8.58,24.7,,,0,,2.93,55.2,63.1,7.82,19.9,,,8
1590527521,13.2,9.5,27.3,34.4,,2.72,59.6,91.2,8.68,31.2,,,0,,2.65,59.7,96.2,8.38,34.1,,,8
1590527521,13.2,9.5,27.3,34.4,,2.72,59.6,91.2,8.68,31.2,,,0,,2.65,59.7,96.2,8.38,34.1,,,8
1590527703,12.5,9.3,27.7,34.1,,2.92,59.3,67.8,8.35,22.7,,,0,,2.86,58.6,68.7,8.13,23.6,,,8
1590527703,12.5,9.3,27.7,34.1,,2.92,59.3,67.8,8.35,22.7,,,0,,2.86,58.6,68.7,8.13,23.6,,,8
1590527883,12.1,9,27.9,34.1,,2.83,59.4,71.9,8.31,24.8,,,0,,2.73,59.2,78.6,8.16,26.3,,,8
1590527883,12.1,9,27.9,34.1,,2.83,59.4,71.9,8.31,24.8,,,0,,2.73,59.2,78.6,8.16,26.3,,,8
1590528067,11.8,8.3,28,33.9,,2.76,58.7,85.8,9.45,24.4,,,0,,2.73,57.4,82.9,9.2,27.8,,,8
1590528067,11.8,8.3,28,33.9,,2.76,58.7,85.8,9.45,24.4,,,0,,2.73,57.4,82.9,9.2,27.8,,,8
1590528247,11.6,8.7,28,34.3,,2.92,59.5,78.3,9.93,23.2,,,0,,2.83,59,80.1,10.08,24.2,,,8
1590528247,11.6,8.7,28,34.3,,2.92,59.5,78.3,9.93,23.2,,,0,,2.83,59,80.1,10.08,24.2,,,8
1590528427,11.5,8.6,28,34.3,,2.82,59.3,70.5,8.69,20.8,,,0,,2.75,58,71,8.58,20.7,,,8
1590528427,11.5,8.6,28,34.3,,2.82,59.3,70.5,8.69,20.8,,,0,,2.75,58,71,8.58,20.7,,,8
1590528608,11.4,8.5,27.9,34,,2.85,58.6,73.8,9.3,23.1,,,0,,2.76,57.6,76.1,9.4,23.4,,,8
1590528608,11.4,8.5,27.9,34,,2.85,58.6,73.8,9.3,23.1,,,0,,2.76,57.6,76.1,9.4,23.4,,,8
1590528788,11.3,8.5,27.8,34.1,,2.88,58.9,75.6,9.61,22.9,,,0,,2.77,58.4,80,9.87,25,,,8
1590528788,11.3,8.5,27.8,34.1,,2.88,58.9,75.6,9.61,22.9,,,0,,2.77,58.4,80,9.87,25,,,8
1590528972,11.2,8.6,27.7,34.3,,2.77,59.5,70.2,8.2,23.1,,,0,,2.75,59.1,65.2,7.84,22.1,,,8
1590528972,11.2,8.6,27.7,34.3,,2.77,59.5,70.2,8.2,23.1,,,0,,2.75,59.1,65.2,7.84,22.1,,,8
1590529149,11.1,8.5,27.8,34.2,,2.83,59.7,72.6,8.65,22,,,0,,2.76,59.2,68,8.36,20.2,,,8
1590529149,11.1,8.5,27.8,34.2,,2.83,59.7,72.6,8.65,22,,,0,,2.76,59.2,68,8.36,20.2,,,8
1590529330,11.2,8.1,27.8,34.4,,2.64,59.7,82.4,8.64,27.2,,,0,,2.65,58.7,67.8,8.09,22.6,,,8
1590529330,11.2,8.1,27.8,34.4,,2.64,59.7,82.4,8.64,27.2,,,0,,2.65,58.7,67.8,8.09,22.6,,,8
1590529510,11.1,8.4,27.7,34.1,,2.77,59.1,66.7,8.12,21.9,,,0,,2.65,58.5,68.1,7.95,22.5,,,8
1590529510,11.1,8.4,27.7,34.1,,2.77,59.1,66.7,8.12,21.9,,,0,,2.65,58.5,68.1,7.95,22.5,,,8
1590529691,11.1,8.3,27.7,34.1,,2.82,58.6,69.5,8.65,22.4,,,0,,2.7,58.1,72.4,8.74,23.8,,,8
1590529691,11.1,8.3,27.7,34.1,,2.82,58.6,69.5,8.65,22.4,,,0,,2.7,58.1,72.4,8.74,23.8,,,8
1590529871,11,8.4,27.7,34,,2.91,59.1,75.4,9.97,22.1,,,0,,2.78,59.2,79.7,10.37,24.4,,,8
1590529871,11,8.4,27.7,34,,2.91,59.1,75.4,9.97,22.1,,,0,,2.78,59.2,79.7,10.37,24.4,,,8
1590530052,11,8.4,27.5,34.2,,2.85,58.7,73.4,9.26,22.4,,,0,,2.81,58.5,68.9,9.12,20.8,,,8
1590530052,11,8.4,27.5,34.2,,2.85,58.7,73.4,9.26,22.4,,,0,,2.81,58.5,68.9,9.12,20.8,,,8
1590530232,11.1,8.5,27.5,33.7,,2.86,58.7,73.5,9.24,22.9,,,0,,2.77,58.7,69,9.22,21.8,,,8
1590530232,11.1,8.5,27.5,33.7,,2.86,58.7,73.5,9.24,22.9,,,0,,2.77,58.7,69,9.22,21.8,,,8
1590530412,11,8.5,27.5,33.8,,2.87,59.2,75.7,9.61,24,,,0,,2.77,59.6,70.3,9.58,21.9,,,8
1590530412,11,8.5,27.5,33.8,,2.87,59.2,75.7,9.61,24,,,0,,2.77,59.6,70.3,9.58,21.9,,,8
1590530593,11,8.4,27.4,33.8,,2.83,58.6,75.3,9.35,23.2,,,0,,2.75,58.9,69.5,9.27,21.9,,,8
1590530593,11,8.4,27.4,33.8,,2.83,58.6,75.3,9.35,23.2,,,0,,2.75,58.9,69.5,9.27,21.9,,,8
1590530827,11,8.5,27.5,34.7,,2.75,59.9,70.8,8.18,21.8,,,0,,2.66,60.8,64.4,7.87,19.6,,,8
1590530827,11,8.5,27.5,34.7,,2.75,59.9,70.8,8.18,21.8,,,0,,2.66,60.8,64.4,7.87,19.6,,,8
1590531009,11,8.3,27.5,34.8,,2.65,60.2,80.2,8.3,25.3,,,0,,2.61,60.9,64.5,7.78,19.6,,,8
1590531009,11,8.3,27.5,34.8,,2.65,60.2,80.2,8.3,25.3,,,0,,2.61,60.9,64.5,7.78,19.6,,,8
1590531189,10.9,8.2,27.4,33.6,,2.82,58.5,70.7,9.14,20,,,0,,2.71,58.9,70.8,9.31,21.5,,,8
1590531189,10.9,8.2,27.4,33.6,,2.82,58.5,70.7,9.14,20,,,0,,2.71,58.9,70.8,9.31,21.5,,,8
1590531370,10.9,8.2,27.4,33.6,,2.77,58.6,69,8.6,21.2,,,0,,2.67,58.9,68.4,8.58,21,,,8
1590531370,10.9,8.2,27.4,33.6,,2.77,58.6,69,8.6,21.2,,,0,,2.67,58.9,68.4,8.58,21,,,8
1590531551,10.9,8.4,27.2,33,,2.86,58.9,74.2,9.92,20.2,,,0,,2.76,59.3,74.2,10.15,20.1,,,8
1590531551,10.9,8.4,27.2,33,,2.86,58.9,74.2,9.92,20.2,,,0,,2.76,59.3,74.2,10.15,20.1,,,8
1590531731,10.9,8,27.2,33.2,,2.73,58.6,70,8.71,20.1,,,0,,2.61,58.5,69.2,8.65,19.9,,,8
1590531731,10.9,8,27.2,33.2,,2.73,58.6,70,8.71,20.1,,,0,,2.61,58.5,69.2,8.65,19.9,,,8
1590531913,10.9,8.1,27.2,32.7,,2.83,58.7,67.5,8.89,19.4,,,0,,2.67,59,67.4,8.85,19.3,,,8
1590531913,10.9,8.1,27.2,32.7,,2.83,58.7,67.5,8.89,19.4,,,0,,2.67,59,67.4,8.85,19.3,,,8
1590532093,11,7.9,27.2,32.6,,2.81,58.9,68.2,8.97,20.9,,,0,,2.36,59.8,68.7,8.92,21.7,,,8
1590532093,11,7.9,27.2,32.6,,2.81,58.9,68.2,8.97,20.9,,,0,,2.36,59.8,68.7,8.92,21.7,,,8
1590532826,11.1,7.9,27.1,32.4,,2.73,61.6,63.7,8.36,19,,,0,,2.42,61.4,64,7.87,19.2,,,8
1590532826,11.1,7.9,27.1,32.4,,2.73,61.6,63.7,8.36,19,,,0,,2.42,61.4,64,7.87,19.2,,,8
1590533179,11.3,8.1,27,32.8,,2.73,62.6,64.7,8.39,19.5,,,0,,2.41,61,66.4,8.04,21.6,,,8
1590533179,11.3,8.1,27,32.8,,2.73,62.6,64.7,8.39,19.5,,,0,,2.41,61,66.4,8.04,21.6,,,8
1590533541,11.4,8.2,26.9,32.8,,2.78,63.3,70.1,9.81,20.6,,,0,,2.5,61.3,72.6,9.62,21.6,,,8
1590533541,11.4,8.2,26.9,32.8,,2.78,63.3,70.1,9.81,20.6,,,0,,2.5,61.3,72.6,9.62,21.6,,,8
1590533722,11.3,8,27,32.6,,2.7,63,69.5,9.4,19.5,,,0,,2.32,60.7,72.4,9.07,19.7,,,8
1590533722,11.3,8,27,32.6,,2.7,63,69.5,9.4,19.5,,,0,,2.32,60.7,72.4,9.07,19.7,,,8
1590533910,11.3,8.2,26.9,32.4,,2.71,63.3,71.5,9.9,21,,,0,,2.37,61.8,74.1,9.56,21.7,,,8
1590533910,11.3,8.2,26.9,32.4,,2.71,63.3,71.5,9.9,21,,,0,,2.37,61.8,74.1,9.56,21.7,,,8
1590534085,11.3,8.3,26.9,33,,2.66,63.6,66.2,8.23,21.7,,,0,,2.65,61.4,62.3,7.6,19.8,,,8
1590534085,11.3,8.3,26.9,33,,2.66,63.6,66.2,8.23,21.7,,,0,,2.65,61.4,62.3,7.6,19.8,,,8
1590534265,11.3,8.5,26.9,32.9,,2.75,63.4,73.4,9.93,21.9,,,0,,2.78,59.9,68,9.35,19.9,,,8
1590534266,11.3,8.5,26.9,32.9,,2.75,63.4,73.4,9.93,21.9,,,0,,2.78,59.9,68,9.35,19.9,,,8
1590534495,11.2,8.3,26.9,32.6,,2.69,63.2,73,9.5,21.8,,,0,,2.44,60.4,66.5,8.87,20.3,,,8
1590534496,11.2,8.3,26.9,32.6,,2.69,63.2,73,9.5,21.8,,,0,,2.44,60.4,66.5,8.87,20.3,,,8
1590534675,11.2,8.4,27.1,33,,2.76,64.1,63.2,8.13,19.1,,,0,,2.5,62.8,62.4,7.62,18.7,,,8
1590534676,11.2,8.4,27.1,33,,2.76,64.1,63.2,8.13,19.1,,,0,,2.5,62.8,62.4,7.62,18.7,,,8
1590534856,11.3,8.6,26.9,32.8,,2.77,63.5,67.5,9.32,20.6,,,0,,2.27,62.8,67.3,8.92,20,,,8
1590534857,11.3,8.6,26.9,32.8,,2.77,63.5,67.5,9.32,20.6,,,0,,2.27,62.8,67.3,8.92,20,,,8
1590535036,11.4,8.7,26.7,32.5,,2.81,63.9,67.1,9.25,21.2,,,0,,2.46,63.6,66.4,8.83,20.5,,,8
1590535037,11.4,8.7,26.7,32.5,,2.81,63.9,67.1,9.25,21.2,,,0,,2.46,63.6,66.4,8.83,20.5,,,8
1590535217,11.4,8.7,26.7,32.5,,2.75,64.4,53.4,9.3,0,,,0,,2.49,63.7,67.2,8.92,21.3,,,8
1590535217,11.4,8.7,26.7,32.5,,2.75,64.4,53.4,9.3,0,,,0,,2.49,63.7,67.2,8.92,21.3,,,8
1590535397,11.8,9.4,26.5,31.5,,3.94,60.2,0,5.67,0,,,0,,2.47,65.2,85.9,7.95,27.5,,,8
1590535397,11.8,9.4,26.5,31.5,,3.94,60.2,0,5.67,0,,,0,,2.47,65.2,85.9,7.95,27.5,,,8
1590535577,11.9,9.3,26.4,31.7,,4.13,55.3,0,5.39,0,,,0,,2.69,58.4,94.7,9.55,26.5,,,8
1590535577,11.9,9.3,26.4,31.7,,4.13,55.3,0,5.39,0,,,0,,2.69,58.4,94.7,9.55,26.5,,,8
1590535758,12,9.4,26.4,31.1,,4.2,52.3,0,5.06,0,,,0,,2.85,57.1,91.6,10.66,26.1,,,8
1590535758,12,9.4,26.4,31.1,,4.2,52.3,0,5.06,0,,,0,,2.85,57.1,91.6,10.66,26.1,,,8
1590535938,11.9,9,26.4,32.5,,2.93,62.9,61.7,8.92,18.7,,,0,,2.85,57.8,81.4,9.05,23.6,,,8
1590535938,11.9,9,26.4,32.5,,2.93,62.9,61.7,8.92,18.7,,,0,,2.85,57.8,81.4,9.05,23.6,,,8
1590536121,11.6,8.7,26.6,33.4,,2.85,64.5,75,10.2,20.7,,,0,,2.88,58.4,79.4,9.9,22.3,,,8
1590536121,11.6,8.7,26.6,33.4,,2.85,64.5,75,10.2,20.7,,,0,,2.88,58.4,79.4,9.9,22.3,,,8
1590536301,11.4,8.3,26.9,33.7,,2.71,63.7,69.8,8.65,22.4,,,0,,2.69,56.6,73,8.24,23.8,,,8
1590536301,11.4,8.3,26.9,33.7,,2.71,63.7,69.8,8.65,22.4,,,0,,2.69,56.6,73,8.24,23.8,,,8
1590536481,11.2,8.5,27.1,33.7,,2.85,63.7,74.8,10.17,21.4,,,0,,2.82,57.6,81.6,10.15,24.1,,,8
1590536482,11.2,8.5,27.1,33.7,,2.85,63.7,74.8,10.17,21.4,,,0,,2.82,57.6,81.6,10.15,24.1,,,8
1590536667,11.2,8.3,27,33.9,,2.81,63.3,75.7,10.16,22.8,,,0,,2.78,57.2,81.1,10.03,24.1,,,8
1590536667,11.2,8.3,27,33.9,,2.81,63.3,75.7,10.16,22.8,,,0,,2.78,57.2,81.1,10.03,24.1,,,8
1590536845,11.1,8.4,27.1,34.1,,2.72,63.6,65.5,8.12,20.2,,,0,,2.64,58.1,72.9,7.8,22.8,,,8
1590536845,11.1,8.4,27.1,34.1,,2.72,63.6,65.5,8.12,20.2,,,0,,2.64,58.1,72.9,7.8,22.8,,,8
1590537027,11.2,8.3,27.2,34,,2.8,62.8,70.1,9.36,20,,,0,,2.8,56.8,72.6,9.01,20.5,,,8
1590537027,11.2,8.3,27.2,34,,2.8,62.8,70.1,9.36,20,,,0,,2.8,56.8,72.6,9.01,20.5,,,8
1590537207,11.2,8.3,27.2,33.8,,2.72,63.1,67.6,8.53,22.1,,,0,,2.72,56.6,68.5,8.03,22.7,,,8
1590537207,11.2,8.3,27.2,33.8,,2.72,63.1,67.6,8.53,22.1,,,0,,2.72,56.6,68.5,8.03,22.7,,,8
1590537388,11.2,8.5,27.2,33.5,,2.78,63.1,73.1,9.95,22.1,,,0,,2.77,57.1,74.8,9.67,23.6,,,8
1590537388,11.2,8.5,27.2,33.5,,2.78,63.1,73.1,9.95,22.1,,,0,,2.77,57.1,74.8,9.67,23.6,,,8
1590537572,11.3,8.6,27.2,33.7,,2.85,63.9,71.4,10.18,20.9,,,0,,2.81,58.2,77.5,10.12,23.5,,,8
1590537572,11.3,8.6,27.2,33.7,,2.85,63.9,71.4,10.18,20.9,,,0,,2.81,58.2,77.5,10.12,23.5,,,8
1590537750,11.3,8.5,27.2,33.8,,2.82,64,71,9.9,21.9,,,0,,2.8,57.5,76.7,9.85,23.6,,,8
1590537750,11.3,8.5,27.2,33.8,,2.82,64,71,9.9,21.9,,,0,,2.8,57.5,76.7,9.85,23.6,,,8
1590537931,11.2,8.5,27.2,33.9,,2.81,64.4,71,9.87,21.3,,,0,,2.77,57.9,76.4,9.75,23.1,,,8
1590537931,11.2,8.5,27.2,33.9,,2.81,64.4,71,9.87,21.3,,,0,,2.77,57.9,76.4,9.75,23.1,,,8
1590538163,11.1,8.5,27.5,34.7,,2.77,65.3,63.3,8.13,19.6,,,0,,2.67,59.2,68.5,7.77,21.4,,,8
1590538163,11.1,8.5,27.5,34.7,,2.77,65.3,63.3,8.13,19.6,,,0,,2.67,59.2,68.5,7.77,21.4,,,8
1590538351,11.3,8.5,27.4,34.2,,2.8,64.7,63.9,8.45,19.5,,,0,,2.69,58.2,70.5,8.25,23.4,,,8
1590538351,11.3,8.5,27.4,34.2,,2.8,64.7,63.9,8.45,19.5,,,0,,2.69,58.2,70.5,8.25,23.4,,,8
1590538525,11.4,8.9,27.2,34.2,,2.91,65.3,69,9.98,19.5,,,0,,2.87,59.2,73.2,9.96,19.8,,,8
1590538525,11.4,8.9,27.2,34.2,,2.91,65.3,69,9.98,19.5,,,0,,2.87,59.2,73.2,9.96,19.8,,,8
1590538706,11.5,9,27.3,34.2,,2.91,65.4,69.7,10.06,19.6,,,0,,2.88,59.3,73,9.95,20.1,,,8
1590538706,11.5,9,27.3,34.2,,2.91,65.4,69.7,10.06,19.6,,,0,,2.88,59.3,73,9.95,20.1,,,8
1590538887,11.6,9,27.2,34.2,,2.92,65.4,70.1,10.12,20.8,,,0,,2.88,59.3,73.3,10.05,21.5,,,8
1590538887,11.6,9,27.2,34.2,,2.92,65.4,70.1,10.12,20.8,,,0,,2.88,59.3,73.3,10.05,21.5,,,8
1590539069,11.6,8.9,27.1,33.7,,2.91,64.6,69.6,9.85,21.4,,,0,,2.88,58.2,72.6,9.77,22,,,8
1590539069,11.6,8.9,27.1,33.7,,2.91,64.6,69.6,9.85,21.4,,,0,,2.88,58.2,72.6,9.77,22,,,8
1590539249,11.6,9.9,27.3,33.8,,2.98,64.9,69.8,9.63,21.9,,,0,,3.41,59,0,7.31,0,,,8
1590539250,11.6,9.9,27.3,33.8,,2.98,64.9,69.8,9.63,21.9,,,0,,3.41,59,0,7.31,0,,,8
1590539431,12,10.3,27.3,32,,2.96,63,87.4,10.78,26.5,,,0,,3.64,54.7,0,6.28,0,,,8
1590539431,12,10.3,27.3,32,,2.96,63,87.4,10.78,26.5,,,0,,3.64,54.7,0,6.28,0,,,8
1590539611,12.2,10.1,27.1,31.6,,3,60.5,78.2,9.37,25.5,,,0,,3.69,51.5,0,6.04,0,,,8
1590539611,12.2,10.1,27.1,31.6,,3,60.5,78.2,9.37,25.5,,,0,,3.69,51.5,0,6.04,0,,,8
1590539792,12.4,10.1,27,31.7,,3,59.4,83.4,10.02,25.9,,,0,,3.11,50.7,45.9,7.9,13.6,,,8
1590539792,12.4,10.1,27,31.7,,3,59.4,83.4,10.02,25.9,,,0,,3.11,50.7,45.9,7.9,13.6,,,8
1590539972,12.2,8.7,27,33.7,,2.82,59.4,95.9,10.46,28.8,,,0,,2.81,58.8,78.6,9.93,19.9,,,8
1590539972,12.2,8.7,27,33.7,,2.82,59.4,95.9,10.46,28.8,,,0,,2.81,58.8,78.6,9.93,19.9,,,8
1590540152,11.9,9.1,27.3,35.3,,2.8,60.7,72.9,8.14,23.4,,,0,,2.77,61,65.7,7.72,20.5,,,8
1590540152,11.9,9.1,27.3,35.3,,2.8,60.7,72.9,8.14,23.4,,,0,,2.77,61,65.7,7.72,20.5,,,8
1590540340,11.8,9,27.6,34.9,,2.82,60,70.8,8.15,24.4,,,0,,2.77,60,66.3,7.77,20.5,,,8
1590540340,11.8,9,27.6,34.9,,2.82,60,70.8,8.15,24.4,,,0,,2.77,60,66.3,7.77,20.5,,,8
1590540696,11.6,9,27.5,34.4,,2.95,59.7,81.7,10.32,24.5,,,0,,2.93,59.2,72.4,9.93,21.5,,,8
1590540696,11.6,9,27.5,34.4,,2.95,59.7,81.7,10.32,24.5,,,0,,2.93,59.2,72.4,9.93,21.5,,,8
1590540877,11.7,9.1,27.5,34.3,,2.97,59.6,74.5,9.75,23.2,,,0,,2.9,59.3,73,9.8,22.8,,,8
1590540877,11.7,9.1,27.5,34.3,,2.97,59.6,74.5,9.75,23.2,,,0,,2.9,59.3,73,9.8,22.8,,,8
1590541057,11.7,8.5,27.5,34.4,,2.85,59,77.7,9.27,25.5,,,0,,2.75,58.3,80.3,9.32,27,,,8
1590541057,11.7,8.5,27.5,34.4,,2.85,59,77.7,9.27,25.5,,,0,,2.75,58.3,80.3,9.32,27,,,8
1590541238,11.7,8.8,27.5,34.5,,2.9,59.1,75.7,9.5,23.7,,,0,,2.87,58.3,70.2,9.17,21.6,,,8
1590541238,11.7,8.8,27.5,34.5,,2.9,59.1,75.7,9.5,23.7,,,0,,2.87,58.3,70.2,9.17,21.6,,,8
1590541418,11.7,8.8,27.7,35.1,,2.8,60.1,72.8,8.5,22.1,,,0,,2.78,59.3,67.1,8.13,21.2,,,8
1590541418,11.7,8.8,27.7,35.1,,2.8,60.1,72.8,8.5,22.1,,,0,,2.78,59.3,67.1,8.13,21.2,,,8
1590541598,11.6,9,27.5,34.8,,2.93,60.7,79.4,10.22,22.2,,,0,,2.87,60.2,74.5,10.13,20.5,,,8
1590541599,11.6,9,27.5,34.8,,2.93,60.7,79.4,10.22,22.2,,,0,,2.87,60.2,74.5,10.13,20.5,,,8
1590541830,11.6,9,27.7,34.9,,2.8,60.4,68.8,8.14,21.7,,,0,,2.78,60.1,63.2,7.68,19.8,,,8
1590541830,11.6,9,27.7,34.9,,2.8,60.4,68.8,8.14,21.7,,,0,,2.78,60.1,63.2,7.68,19.8,,,8
1590542010,11.6,9.1,27.7,34.9,,2.85,60.9,69.9,8.33,21.5,,,0,,2.82,60.6,64.3,7.9,19.6,,,8
1590542010,11.6,9.1,27.7,34.9,,2.85,60.9,69.9,8.33,21.5,,,0,,2.82,60.6,64.3,7.9,19.6,,,8
1590542194,11.7,9.2,27.7,34.8,,2.96,60.9,79.4,10.29,23.5,,,0,,2.93,60.5,72.1,10.01,22.3,,,8
1590542195,11.7,9.2,27.7,34.8,,2.96,60.9,79.4,10.29,23.5,,,0,,2.93,60.5,72.1,10.01,22.3,,,8
1590542373,11.8,9,27.6,34.7,,2.93,59.7,72.3,9.14,22.4,,,0,,2.83,59.2,72.3,9.2,23.2,,,8
1590542373,11.8,9,27.6,34.7,,2.93,59.7,72.3,9.14,22.4,,,0,,2.83,59.2,72.3,9.2,23.2,,,8
1590542554,11.8,9,27.6,34.7,,2.88,59.6,75.2,9.42,23.3,,,0,,2.87,59.1,69,9.07,21.1,,,8
1590542554,11.8,9,27.6,34.7,,2.88,59.6,75.2,9.42,23.3,,,0,,2.87,59.1,69,9.07,21.1,,,8
1590542735,11.8,9.2,27.7,35.7,,2.85,61.2,70.7,8.13,22.5,,,0,,2.8,60.6,66.3,7.75,21.4,,,8
1590542735,11.8,9.2,27.7,35.7,,2.85,61.2,70.7,8.13,22.5,,,0,,2.8,60.6,66.3,7.75,21.4,,,8
1590542915,11.7,8.9,27.5,34.7,,2.92,60.5,80.6,9.95,22.7,,,0,,2.86,59.6,77.3,9.83,23.4,,,8
1590542915,11.7,8.9,27.5,34.7,,2.92,60.5,80.6,9.95,22.7,,,0,,2.86,59.6,77.3,9.83,23.4,,,8
1590543096,11.8,9,27.5,34.4,,2.95,59.6,80.6,10.17,24.3,,,0,,2.9,58.7,76.9,10.07,22.6,,,8
1590543096,11.8,9,27.5,34.4,,2.95,59.6,80.6,10.17,24.3,,,0,,2.9,58.7,76.9,10.07,22.6,,,8
1590543282,11.8,9.1,27.4,34.2,,2.97,59,76.6,9.88,21.7,,,0,,2.95,57.9,72.5,9.73,20.1,,,8
1590543282,11.8,9.1,27.4,34.2,,2.97,59,76.6,9.88,21.7,,,0,,2.95,57.9,72.5,9.73,20.1,,,8
1590543458,11.9,9.4,27.5,34.9,,2.98,60.3,76.5,9.68,21.6,,,0,,2.98,59.8,69.1,9.37,19.9,,,8
1590543458,11.9,9.4,27.5,34.9,,2.98,60.3,76.5,9.68,21.6,,,0,,2.98,59.8,69.1,9.37,19.9,,,8
1590543819,11.9,8.9,27.5,35.2,,2.78,59.7,76.3,8.6,24.9,,,0,,2.72,58.7,74.2,8.34,24.9,,,8
1590543820,11.9,8.9,27.5,35.2,,2.78,59.7,76.3,8.6,24.9,,,0,,2.72,58.7,74.2,8.34,24.9,,,8
1590544000,11.9,9.3,27.5,35.4,,2.93,60.6,70,8.38,21.3,,,0,,2.87,59.8,68.9,8.12,20.7,,,8
1590544000,11.9,9.3,27.5,35.4,,2.93,60.6,70,8.38,21.3,,,0,,2.87,59.8,68.9,8.12,20.7,,,8
1590544182,11.9,9.3,27.5,34.8,,3,60.1,82.4,10.42,24.3,,,0,,2.97,59.1,75.4,10.22,21.5,,,8
1590544182,11.9,9.3,27.5,34.8,,3,60.1,82.4,10.42,24.3,,,0,,2.97,59.1,75.4,10.22,21.5,,,8
1590544365,11.9,8.9,27.5,34.6,,2.93,59.2,84.1,10.26,25.8,,,0,,2.92,57.8,75.8,10.02,22.5,,,8
1590544365,11.9,8.9,27.5,34.6,,2.93,59.2,84.1,10.26,25.8,,,0,,2.92,57.8,75.8,10.02,22.5,,,8
1590544545,11.9,9.1,27.6,35,,2.82,59.8,77.1,8.54,25.4,,,0,,2.86,58.3,65.2,7.95,20.9,,,8
1590544545,11.9,9.1,27.6,35,,2.82,59.8,77.1,8.54,25.4,,,0,,2.86,58.3,65.2,7.95,20.9,,,8
1590544736,11.9,9.2,27.7,35.2,,2.75,60.2,84.7,8.43,23.8,,,0,,2.78,59,66.3,7.75,21.3,,,8
1590544736,11.9,9.2,27.7,35.2,,2.75,60.2,84.7,8.43,23.8,,,0,,2.78,59,66.3,7.75,21.3,,,8
1590544908,11.8,9,27.5,34.8,,2.98,60.2,75.7,9.55,24.4,,,0,,2.92,58.6,74.7,9.4,24.2,,,8
1590544908,11.8,9,27.5,34.8,,2.98,60.2,75.7,9.55,24.4,,,0,,2.92,58.6,74.7,9.4,24.2,,,8
1590545270,11.9,9,27.7,34.4,,2.96,59.3,77.6,9.58,23.8,,,0,,2.92,57.8,76.2,9.57,22.6,,,8
1590545270,11.9,9,27.7,34.4,,2.96,59.3,77.6,9.58,23.8,,,0,,2.92,57.8,76.2,9.57,22.6,,,8
1590545503,11.8,9.1,27.6,34.6,,2.98,59.8,75.6,9.55,24.2,,,0,,2.92,58.6,74.5,9.47,24.3,,,8
1590545503,11.8,9.1,27.6,34.6,,2.98,59.8,75.6,9.55,24.2,,,0,,2.92,58.6,74.5,9.47,24.3,,,8
1590545680,11.8,8.8,27.6,34.5,,2.87,59.1,77.1,9.3,24.4,,,0,,2.82,57.2,75.8,9.12,24.4,,,8
1590545681,11.8,8.8,27.6,34.5,,2.87,59.1,77.1,9.3,24.4,,,0,,2.82,57.2,75.8,9.12,24.4,,,8
1590545861,11.7,9,27.7,34.6,,2.96,59.3,75.6,9.8,22.8,,,0,,2.92,57.5,73.1,9.7,21.4,,,8
1590545861,11.7,9,27.7,34.6,,2.96,59.3,75.6,9.8,22.8,,,0,,2.92,57.5,73.1,9.7,21.4,,,8
1590546043,11.7,8.9,27.6,34.1,,2.92,58.8,73,9.05,21.1,,,0,,2.87,56.9,70.1,8.86,19.8,,,8
1590546043,11.7,8.9,27.6,34.1,,2.92,58.8,73,9.05,21.1,,,0,,2.87,56.9,70.1,8.86,19.8,,,8
1590546223,11.7,8.9,27.7,34.6,,2.81,59.3,71.1,8.25,23.1,,,0,,2.78,57.6,67.2,7.87,21.6,,,8
1590546223,11.7,8.9,27.7,34.6,,2.81,59.3,71.1,8.25,23.1,,,0,,2.78,57.6,67.2,7.87,21.6,,,8
1590546404,11.8,8.9,27.7,34.3,,2.92,58.6,76.8,9.5,24.1,,,0,,2.87,56.9,73.4,9.37,22.6,,,8
1590546404,11.8,8.9,27.7,34.3,,2.92,58.6,76.8,9.5,24.1,,,0,,2.87,56.9,73.4,9.37,22.6,,,8
1590546585,11.8,8.8,27.6,34.1,,2.92,58.7,79.9,9.91,22.6,,,0,,2.88,56.9,77.3,9.88,21.1,,,8
1590546585,11.8,8.8,27.6,34.1,,2.92,58.7,79.9,9.91,22.6,,,0,,2.88,56.9,77.3,9.88,21.1,,,8
1590546766,11.7,8.9,27.8,35,,2.78,59.8,73,8.23,23.9,,,0,,2.81,58.5,64.3,7.69,20.2,,,8
1590546766,11.7,8.9,27.8,35,,2.78,59.8,73,8.23,23.9,,,0,,2.81,58.5,64.3,7.69,20.2,,,8
1590546946,11.6,8.8,27.7,34.2,,2.86,58.9,78.8,9.3,24.9,,,0,,2.86,57.3,69.8,8.95,22.2,,,8
1590546946,11.6,8.8,27.7,34.2,,2.86,58.9,78.8,9.3,24.9,,,0,,2.86,57.3,69.8,8.95,22.2,,,8
1590547127,11.7,9,27.8,34.4,,2.93,58.8,75.1,9.52,20.8,,,0,,2.86,57.9,72,9.52,19.6,,,8
1590547127,11.7,9,27.8,34.4,,2.93,58.8,75.1,9.52,20.8,,,0,,2.86,57.9,72,9.52,19.6,,,8
1590547307,11.8,8.9,27.8,34.6,,2.85,59.1,73.4,8.94,22.4,,,0,,2.8,58.4,69.6,8.7,21,,,8
1590547307,11.8,8.9,27.8,34.6,,2.85,59.1,73.4,8.94,22.4,,,0,,2.8,58.4,69.6,8.7,21,,,8
1590547488,11.7,8.9,27.8,34.3,,2.9,59.1,76.5,9.63,21.3,,,0,,2.82,58.4,73.8,9.65,22.8,,,8
1590547488,11.7,8.9,27.8,34.3,,2.9,59.1,76.5,9.63,21.3,,,0,,2.82,58.4,73.8,9.65,22.8,,,8
1590547674,11.7,9.2,27.9,35.4,,2.87,60.8,67.6,8.1,20.6,,,0,,2.82,60.4,63.9,7.78,19.2,,,8
1590547674,11.7,9.2,27.9,35.4,,2.87,60.8,67.6,8.1,20.6,,,0,,2.82,60.4,63.9,7.78,19.2,,,8
1590547854,11.8,9.3,27.9,35,,2.91,60.4,70.8,8.43,21.4,,,0,,2.85,60.2,66.2,8.13,19.5,,,8
1590547854,11.8,9.3,27.9,35,,2.91,60.4,70.8,8.43,21.4,,,0,,2.85,60.2,66.2,8.13,19.5,,,8
1590548035,11.8,9.2,27.8,35.2,,2.93,60.7,75.1,9.19,23.3,,,0,,2.91,60.8,67.3,8.92,19,,,8
1590548035,11.8,9.2,27.8,35.2,,2.93,60.7,75.1,9.19,23.3,,,0,,2.91,60.8,67.3,8.92,19,,,8
1590548216,11.8,9.2,27.7,34.4,,2.95,59.7,77.5,9.47,25,,,0,,2.93,59.7,68.9,9.24,21.6,,,8
1590548216,11.8,9.2,27.7,34.4,,2.95,59.7,77.5,9.47,25,,,0,,2.93,59.7,68.9,9.24,21.6,,,8
1590548396,11.8,9.1,27.7,34.5,,2.92,59.6,80.7,10.01,24.5,,,0,,2.88,59.8,70.2,9.73,21.6,,,8
1590548396,11.8,9.1,27.7,34.5,,2.92,59.6,80.7,10.01,24.5,,,0,,2.88,59.8,70.2,9.73,21.6,,,8
1590548576,11.8,9.1,27.7,34.2,,2.97,59.2,77.1,10.01,23.1,,,0,,2.88,59.8,72.7,10.11,21.4,,,8
1590548576,11.8,9.1,27.7,34.2,,2.97,59.2,77.1,10.01,23.1,,,0,,2.88,59.8,72.7,10.11,21.4,,,8
1590548757,11.8,9.1,27.8,34.9,,2.82,59.7,69.9,8.16,23,,,0,,2.81,60.6,63,7.7,20,,,8
1590548757,11.8,9.1,27.8,34.9,,2.82,59.7,69.9,8.16,23,,,0,,2.81,60.6,63,7.7,20,,,8
1590548937,11.9,9.3,27.8,35.2,,2.87,60.6,72.5,8.39,22.6,,,0,,2.81,61.5,64.8,8,19.7,,,8
1590548937,11.9,9.3,27.8,35.2,,2.87,60.6,72.5,8.39,22.6,,,0,,2.81,61.5,64.8,8,19.7,,,8
1590549167,11.8,8.9,27.7,35,,2.85,59.5,75.9,9.17,23.8,,,0,,2.82,60.1,68.9,8.87,21.4,,,8
1590549348,11.8,9.3,27.8,35.6,,2.81,60.4,73.2,8.25,23.2,,,0,,2.75,61.3,66.8,7.88,21.4,,,8
1590549348,11.8,9.3,27.8,35.6,,2.81,60.4,73.2,8.25,23.2,,,0,,2.75,61.3,66.8,7.88,21.4,,,8
1590549528,11.9,9.4,27.7,34.7,,3.01,59.8,76.1,10,23.7,,,0,,2.98,60.4,69.7,9.78,21.2,,,8
1590549528,11.9,9.4,27.7,34.7,,3.01,59.8,76.1,10,23.7,,,0,,2.98,60.4,69.7,9.78,21.2,,,8
1590549709,11.9,9.2,27.9,34.7,,2.97,59.6,75.2,9.62,23.2,,,0,,2.95,59.6,71.5,9.49,22.9,,,8
1590549709,11.9,9.2,27.9,34.7,,2.97,59.6,75.2,9.62,23.2,,,0,,2.95,59.6,71.5,9.49,22.9,,,8
1590549889,12,9.2,28,35.1,,2.93,59.6,72.6,9.17,21,,,0,,2.92,58.9,69.7,9.02,19.8,,,8
1590549889,12,9.2,28,35.1,,2.93,59.6,72.6,9.17,21,,,0,,2.92,58.9,69.7,9.02,19.8,,,8
1590550070,12.1,9.6,28,35.6,,3.07,61.2,76.3,10.18,22.9,,,0,,3.05,60.4,71.6,10.02,21.6,,,8
1590550070,12.1,9.6,28,35.6,,3.07,61.2,76.3,10.18,22.9,,,0,,3.05,60.4,71.6,10.02,21.6,,,8
1590550251,12.1,9.6,28.1,35,,3.06,60.6,75.7,10.22,22.7,,,0,,3.02,59.6,74.3,10.1,22,,,8
1590550251,12.1,9.6,28.1,35,,3.06,60.6,75.7,10.22,22.7,,,0,,3.02,59.6,74.3,10.1,22,,,8
1590550432,12.1,9.4,28,35.3,,3.02,60.5,75.4,9.63,25.8,,,0,,3.01,59.5,70.2,9.42,26.6,,,8
1590550432,12.1,9.4,28,35.3,,3.02,60.5,75.4,9.63,25.8,,,0,,3.01,59.5,70.2,9.42,26.6,,,8
1590550613,12,9.1,28.2,36,,2.78,60.5,79.2,8.55,26.6,,,0,,2.73,59.1,76.1,8.19,25.9,,,8
1590550613,12,9.1,28.2,36,,2.78,60.5,79.2,8.55,26.6,,,0,,2.73,59.1,76.1,8.19,25.9,,,8
1590550794,12,9.6,28.1,36.1,,3.06,61.5,76.4,10.2,21.4,,,0,,3.01,60.4,75.2,10.16,21,,,8
1590550794,12,9.6,28.1,36.1,,3.06,61.5,76.4,10.2,21.4,,,0,,3.01,60.4,75.2,10.16,21,,,8
1590550974,12.1,9,28.1,35.1,,3.01,60.3,76.1,9.92,24.1,,,0,,2.98,58.6,75,9.92,23.6,,,8
1590550974,12.1,9,28.1,35.1,,3.01,60.3,76.1,9.92,24.1,,,0,,2.98,58.6,75,9.92,23.6,,,8
1590551155,12,9.3,28.2,36.2,,2.83,60.8,73.3,8.56,24.7,,,0,,2.78,59,71.7,8.26,24.2,,,8
1590551155,12,9.3,28.2,36.2,,2.83,60.8,73.3,8.56,24.7,,,0,,2.78,59,71.7,8.26,24.2,,,8
1590551515,11.9,9.1,28.1,35.2,,2.97,60.3,79.4,10.18,24.8,,,0,,2.95,58.7,77,10.07,23.4,,,8
1590551515,11.9,9.1,28.1,35.2,,2.97,60.3,79.4,10.18,24.8,,,0,,2.95,58.7,77,10.07,23.4,,,8
1590551696,11.9,9.3,28.2,35.2,,3.03,60.9,74.1,9.62,24.4,,,0,,3,59.5,70.9,9.5,23,,,8
1590551696,11.9,9.3,28.2,35.2,,3.03,60.9,74.1,9.62,24.4,,,0,,3,59.5,70.9,9.5,23,,,8
1590551876,12,9.3,28.1,34.9,,3.01,59.9,76.7,9.93,22.3,,,0,,2.96,58.3,75.3,9.92,21,,,8
1590551876,12,9.3,28.1,34.9,,3.01,59.9,76.7,9.93,22.3,,,0,,2.96,58.3,75.3,9.92,21,,,8
1590552057,12,9.7,28.2,36,,2.96,61.5,70.1,8.55,21.4,,,0,,2.95,60.1,66,8.19,20.1,,,8
1590552057,12,9.7,28.2,36,,2.96,61.5,70.1,8.55,21.4,,,0,,2.95,60.1,66,8.19,20.1,,,8
1590552237,12,9.6,28.1,36,,3.06,61.8,74.3,9.75,23.6,,,0,,3.05,60.1,71.8,9.7,25.4,,,8
1590552237,12,9.6,28.1,36,,3.06,61.8,74.3,9.75,23.6,,,0,,3.05,60.1,71.8,9.7,25.4,,,8
1590552417,12.1,9.1,28.2,36,,2.83,60.5,79,9.14,24.9,,,0,,2.85,58.7,70.8,8.65,22.7,,,8
1590552598,12,9.2,28.1,36.1,,2.77,61.1,79.2,8.45,25.9,,,0,,2.8,59.3,67.2,7.88,21.3,,,8
1590552598,12,9.2,28.1,36.1,,2.77,61.1,79.2,8.45,25.9,,,0,,2.8,59.3,67.2,7.88,21.3,,,8
1590552836,12,9.2,28.1,35.6,,2.93,60.1,74.4,9.37,23,,,0,,2.88,58.3,72.2,9.21,22,,,8
1590552836,12,9.2,28.1,35.6,,2.93,60.1,74.4,9.37,23,,,0,,2.88,58.3,72.2,9.21,22,,,8
1590553198,12,9.5,28.1,36.2,,3.01,61.7,74.5,9.37,24.2,,,0,,3,60.2,69.1,9.04,21.8,,,8
1590553198,12,9.5,28.1,36.2,,3.01,61.7,74.5,9.37,24.2,,,0,,3,60.2,69.1,9.04,21.8,,,8
1590553562,12,9.1,28,35.7,,2.92,60.1,73.5,9.24,22.7,,,0,,2.87,58.5,72.6,9.14,22,,,8
1590553562,12,9.1,28,35.7,,2.92,60.1,73.5,9.24,22.7,,,0,,2.87,58.5,72.6,9.14,22,,,8
1590553742,11.9,9.4,28,36,,2.9,61.2,67.9,8.15,22.5,,,0,,2.82,59.8,66.4,7.83,23.3,,,8
1590553742,11.9,9.4,28,36,,2.9,61.2,67.9,8.15,22.5,,,0,,2.82,59.8,66.4,7.83,23.3,,,8
1590553922,12,9,27.8,35,,3,60.3,78.9,10.29,23.6,,,0,,2.92,59.1,82.1,10.46,22.5,,,8
1590554283,11.8,9.1,27.9,35.4,,2.9,60,71.3,8.81,20.5,,,0,,2.85,58.3,68.8,8.59,20.2,,,8
1590554283,11.8,9.1,27.9,35.4,,2.9,60,71.3,8.81,20.5,,,0,,2.85,58.3,68.8,8.59,20.2,,,8
1590554464,11.9,9.2,27.8,35.2,,3.01,61,76.6,9.62,25.1,,,0,,2.98,59.4,71.5,9.47,22.9,,,8
1590554464,11.9,9.2,27.8,35.2,,3.01,61,76.6,9.62,25.1,,,0,,2.98,59.4,71.5,9.47,22.9,,,8
1590554644,11.9,9.2,27.7,34.9,,2.97,59.9,78,10.06,23.6,,,0,,2.95,58.5,75.9,9.98,22.5,,,8
1590554644,11.9,9.2,27.7,34.9,,2.97,59.9,78,10.06,23.6,,,0,,2.95,58.5,75.9,9.98,22.5,,,8
1590554834,11.9,9.4,27.9,35.8,,2.95,61.3,68,8.2,21.8,,,0,,2.88,59.8,65.5,7.89,20.9,,,8
1590555007,11.9,9.3,27.8,35.8,,3.03,61.3,72,9.39,21,,,0,,2.97,60,71.9,9.34,20,,,8
1590555007,11.9,9.3,27.8,35.8,,3.03,61.3,72,9.39,21,,,0,,2.97,60,71.9,9.34,20,,,8
1590555189,11.9,9.3,27.8,35.1,,3.02,60.6,74,9.6,24.6,,,0,,2.97,59.3,73,9.52,24.2,,,8
1590555189,11.9,9.3,27.8,35.1,,3.02,60.6,74,9.6,24.6,,,0,,2.97,59.3,73,9.52,24.2,,,8
1590555371,11.9,9.1,27.9,35.8,,2.83,60.2,73.6,8.68,24.4,,,0,,2.81,58.5,70.1,8.34,23.1,,,8
1590555551,11.9,9.4,27.9,35.6,,2.95,61.1,71.4,8.61,21.6,,,0,,2.91,59.6,67.8,8.28,20.1,,,8
1590555551,11.9,9.4,27.9,35.6,,2.95,61.1,71.4,8.61,21.6,,,0,,2.91,59.6,67.8,8.28,20.1,,,8
1590555731,11.9,9.4,27.8,35.1,,3.03,60.5,77.2,10.17,22.5,,,0,,2.97,59.2,75.5,10.21,21.9,,,8
1590555731,11.9,9.4,27.8,35.1,,3.03,60.5,77.2,10.17,22.5,,,0,,2.97,59.2,75.5,10.21,21.9,,,8
1590555916,11.9,9.1,27.8,35.5,,2.92,59.8,74.4,9.26,22.9,,,0,,2.87,58.3,70.6,9.01,21.4,,,8
1590555916,11.9,9.1,27.8,35.5,,2.92,59.8,74.4,9.26,22.9,,,0,,2.87,58.3,70.6,9.01,21.4,,,8
1590556097,11.9,9.5,28,36,,2.96,61.4,68.9,8.39,22.2,,,0,,2.9,59.9,66.9,8.1,19.9,,,8
1590556097,11.9,9.5,28,36,,2.96,61.4,68.9,8.39,22.2,,,0,,2.9,59.9,66.9,8.1,19.9,,,8
1590556278,12,9.4,27.7,35.1,,3.02,60.6,77.8,10.22,22.6,,,0,,2.96,59.3,78,10.24,23.2,,,8
1590556278,12,9.4,27.7,35.1,,3.02,60.6,77.8,10.22,22.6,,,0,,2.96,59.3,78,10.24,23.2,,,8
1590556510,12,9.4,27.8,35.5,,3,61.1,73.9,9.49,23.8,,,0,,2.95,59.6,73,9.32,23.3,,,8
1590556510,12,9.4,27.8,35.5,,3,61.1,73.9,9.49,23.8,,,0,,2.95,59.6,73,9.32,23.3,,,8
1590556685,11.9,9,27.8,35.3,,2.9,59.8,79.3,9.46,24.9,,,0,,2.9,58,72.5,9.17,23.1,,,8
1590556685,11.9,9,27.8,35.3,,2.9,59.8,79.3,9.46,24.9,,,0,,2.9,58,72.5,9.17,23.1,,,8
1590556865,11.9,9.4,27.9,36,,2.88,61.3,69.4,8.21,21.8,,,0,,2.82,59.9,67.3,7.88,21.2,,,8
1590556865,11.9,9.4,27.9,36,,2.88,61.3,69.4,8.21,21.8,,,0,,2.82,59.9,67.3,7.88,21.2,,,8
1590557046,12,9.4,27.9,35.1,,3.01,60.9,75.8,9.61,24,,,0,,2.96,59.3,74.5,9.5,22.7,,,8
1590557046,12,9.4,27.9,35.1,,3.01,60.9,75.8,9.61,24,,,0,,2.96,59.3,74.5,9.5,22.7,,,8
1590557225,11.9,8.6,27.8,35.3,,2.85,60.1,85.6,9.97,24.6,,,0,,2.78,58.2,87.2,9.98,25.5,,,8
1590557226,11.9,8.6,27.8,35.3,,2.85,60.1,85.6,9.97,24.6,,,0,,2.78,58.2,87.2,9.98,25.5,,,8
1590557406,11.9,9.2,28,36,,2.86,61,68.4,8.12,22.2,,,0,,2.81,59.3,65,7.75,20.8,,,8
1590557407,11.9,9.2,28,36,,2.86,61,68.4,8.12,22.2,,,0,,2.81,59.3,65,7.75,20.8,,,8
1590557586,11.9,9.4,27.9,35.7,,3.02,61.4,76.2,10.15,24,,,0,,2.97,60,74.2,10.05,24.6,,,8
1590557587,11.9,9.4,27.9,35.7,,3.02,61.4,76.2,10.15,24,,,0,,2.97,60,74.2,10.05,24.6,,,8
1590557766,11.9,9.1,27.9,35,,2.96,59.8,75.6,9.65,22.5,,,0,,2.91,58.1,74.5,9.66,22.8,,,8
1590557767,11.9,9.1,27.9,35,,2.96,59.8,75.6,9.65,22.5,,,0,,2.91,58.1,74.5,9.66,22.8,,,8
1590557947,11.9,9.2,28,35.9,,2.81,61,71,8.24,24.6,,,0,,2.82,59.4,64.9,7.78,20.2,,,8
1590557948,11.9,9.2,28,35.9,,2.81,61,71,8.24,24.6,,,0,,2.82,59.4,64.9,7.78,20.2,,,8
1590558127,11.9,9.1,27.7,34.9,,2.95,60.5,81.5,10.12,22.8,,,0,,2.92,59,76,9.88,24.2,,,8
1590558128,11.9,9.1,27.7,34.9,,2.95,60.5,81.5,10.12,22.8,,,0,,2.92,59,76,9.88,24.2,,,8
1590558308,11.9,9,27.8,34.6,,2.95,59.5,79.7,9.8,25.1,,,0,,2.9,58.1,74.5,9.73,23,,,8
1590558308,11.9,9,27.8,34.6,,2.95,59.5,79.7,9.8,25.1,,,0,,2.9,58.1,74.5,9.73,23,,,8
1590558488,11.8,8.9,27.9,35.3,,2.87,59.8,71.1,8.7,20.7,,,0,,2.77,58.9,71.2,8.64,20.8,,,8
1590558489,11.8,8.9,27.9,35.3,,2.87,59.8,71.1,8.7,20.7,,,0,,2.77,58.9,71.2,8.64,20.8,,,8
1590558669,11.8,9.3,27.7,34.8,,3.01,60.1,75.6,9.7,23.7,,,0,,2.96,59.5,71.7,9.68,22.2,,,8
1590558669,11.8,9.3,27.7,34.8,,3.01,60.1,75.6,9.7,23.7,,,0,,2.96,59.5,71.7,9.68,22.2,,,8
1590558849,11.8,8.8,27.6,34.9,,2.93,60,82.3,10.21,24.5,,,0,,2.83,59.8,84.1,10.47,22.7,,,8
1590558849,11.8,8.8,27.6,34.9,,2.93,60,82.3,10.21,24.5,,,0,,2.83,59.8,84.1,10.47,22.7,,,8
1590559030,11.7,8.9,27.7,35.3,,2.9,59.6,74.7,9.47,20.9,,,0,,2.87,58.6,71.4,9.2,19.8,,,8
1590559030,11.7,8.9,27.7,35.3,,2.9,59.6,74.7,9.47,20.9,,,0,,2.87,58.6,71.4,9.2,19.8,,,8
1590559210,11.7,9.1,27.8,35,,3,61,72.8,9.91,21.4,,,0,,2.93,59.4,74.2,9.82,22.7,,,8
1590559210,11.7,9.1,27.8,35,,3,61,72.8,9.91,21.4,,,0,,2.93,59.4,74.2,9.82,22.7,,,8
1590559391,11.7,9,27.7,34.9,,2.95,60.7,78.9,10.18,23.1,,,0,,2.88,59.4,81.9,10.31,24.3,,,8
1590559391,11.7,9,27.7,34.9,,2.95,60.7,78.9,10.18,23.1,,,0,,2.88,59.4,81.9,10.31,24.3,,,8
1590559571,11.6,8.9,27.8,35.5,,2.8,61,71.5,8.24,23.1,,,0,,2.78,59.2,65.7,7.75,21,,,8
1590559571,11.6,8.9,27.8,35.5,,2.8,61,71.5,8.24,23.1,,,0,,2.78,59.2,65.7,7.75,21,,,8
1590559751,11.7,9.2,27.8,35.5,,2.98,61.5,74,9.75,20.5,,,0,,2.9,59.6,75.8,9.73,20.8,,,8
1590559751,11.7,9.2,27.8,35.5,,2.98,61.5,74,9.75,20.5,,,0,,2.9,59.6,75.8,9.73,20.8,,,8
1590559932,11.7,9.1,27.7,35,,3.01,60.7,78.1,10.28,23.4,,,0,,3,59.4,73.5,10.2,23.5,,,8
1590559932,11.7,9.1,27.7,35,,3.01,60.7,78.1,10.28,23.4,,,0,,3,59.4,73.5,10.2,23.5,,,8
1590560351,11.7,9.1,27.7,34.8,,3.01,60.8,75.5,10.37,24.5,,,0,,2.97,58.9,74.7,10.1,21.7,,,8
1590560351,11.7,9.1,27.7,34.8,,3.01,60.8,75.5,10.37,24.5,,,0,,2.97,58.9,74.7,10.1,21.7,,,8
1590560531,11.7,8.9,27.8,35.3,,2.85,60.2,70.3,8.48,22.9,,,0,,2.81,58.2,67.7,8.19,22.1,,,8
1590560531,11.7,8.9,27.8,35.3,,2.85,60.2,70.3,8.48,22.9,,,0,,2.81,58.2,67.7,8.19,22.1,,,8
1590560712,11.6,9.2,27.9,35.8,,2.98,61.5,67.5,8.53,20.2,,,0,,2.92,60.1,66.2,8.28,19.4,,,8
1590560712,11.6,9.2,27.9,35.8,,2.98,61.5,67.5,8.53,20.2,,,0,,2.92,60.1,66.2,8.28,19.4,,,8
1590560892,11.8,9.2,27.7,34.9,,3,60.5,77.7,10.17,22.9,,,0,,2.92,59.2,77.9,10.21,24,,,8
1590560892,11.8,9.2,27.7,34.9,,3,60.5,77.7,10.17,22.9,,,0,,2.92,59.2,77.9,10.21,24,,,8
1590561073,11.7,8.7,27.7,35.1,,2.87,59.6,75.5,9.45,23.4,,,0,,2.81,57.9,76.9,9.41,23.4,,,8
1590561073,11.7,8.7,27.7,35.1,,2.87,59.6,75.5,9.45,23.4,,,0,,2.81,57.9,76.9,9.41,23.4,,,8
1590561253,11.7,9.2,27.8,35.5,,2.85,60.8,70.2,8.21,23.1,,,0,,2.83,59.4,64.6,7.77,19.5,,,8
1590561253,11.7,9.2,27.8,35.5,,2.85,60.8,70.2,8.21,23.1,,,0,,2.83,59.4,64.6,7.77,19.5,,,8
1590561433,11.7,9.1,27.6,34.5,,2.96,60.1,79.7,10.21,24.4,,,0,,2.93,58.7,73.8,9.93,21.8,,,8
1590561434,11.7,9.1,27.6,34.5,,2.96,60.1,79.7,10.21,24.4,,,0,,2.93,58.7,73.8,9.93,21.8,,,8
1590561614,11.7,9.1,27.7,34.6,,2.97,60,77.3,10.07,23.2,,,0,,2.91,58.7,74.7,10.02,22.5,,,8
1590561614,11.7,9.1,27.7,34.6,,2.97,60,77.3,10.07,23.2,,,0,,2.91,58.7,74.7,10.02,22.5,,,8
1590561796,11.6,9,27.8,34.7,,2.93,59.6,75.2,9.31,23.4,,,0,,2.93,58.3,68.8,9.01,20.4,,,8
1590561796,11.6,9,27.8,34.7,,2.93,59.6,75.2,9.31,23.4,,,0,,2.93,58.3,68.8,9.01,20.4,,,8
1590561977,11.7,9.2,27.9,35.4,,2.88,60.9,72,8.35,22.4,,,0,,2.88,59.5,65,7.88,19.5,,,8
1590561977,11.7,9.2,27.9,35.4,,2.88,60.9,72,8.35,22.4,,,0,,2.88,59.5,65,7.88,19.5,,,8
1590562158,11.7,9.3,27.7,34.9,,3.02,60.3,76.5,10.07,23.2,,,0,,2.97,59.2,74.1,9.97,21.7,,,8
1590562158,11.7,9.3,27.7,34.9,,3.02,60.3,76.5,10.07,23.2,,,0,,2.97,59.2,74.1,9.97,21.7,,,8
1590562339,11.7,9.1,27.6,34.6,,2.95,60.1,75.3,9.61,24.1,,,0,,2.91,58.6,73,9.42,22.8,,,8
1590562339,11.7,9.1,27.6,34.6,,2.95,60.1,75.3,9.61,24.1,,,0,,2.91,58.6,73,9.42,22.8,,,8
1590562519,11.7,9.3,27.9,35.7,,2.92,61.1,65.2,8,20.1,,,0,,2.81,59.6,66.7,7.8,20.8,,,8
1590562519,11.7,9.3,27.9,35.7,,2.92,61.1,65.2,8,20.1,,,0,,2.81,59.6,66.7,7.8,20.8,,,8
1590562701,11.8,9.2,27.8,35.1,,2.98,60.8,72.4,9.37,22.3,,,0,,2.9,59.5,75.3,9.34,24.7,,,8
1590562701,11.8,9.2,27.8,35.1,,2.98,60.8,72.4,9.37,22.3,,,0,,2.9,59.5,75.3,9.34,24.7,,,8
1590562881,11.8,9.3,27.6,34.6,,3.01,60.3,75.3,10.07,22.5,,,0,,2.98,58.7,72.2,9.87,22.2,,,8
1590562881,11.8,9.3,27.6,34.6,,3.01,60.3,75.3,10.07,22.5,,,0,,2.98,58.7,72.2,9.87,22.2,,,8
1590563189,11.7,9,27.6,34.8,,2.96,60.2,79.6,10.17,23.2,,,0,,2.92,58.6,77,10.1,22.9,,,8
1590563189,11.7,9,27.6,34.8,,2.96,60.2,79.6,10.17,23.2,,,0,,2.92,58.6,77,10.1,22.9,,,8
1590563552,11.8,9.3,27.8,34.8,,2.97,60.4,75,9.55,22.3,,,0,,2.93,59.3,71,9.37,21.5,,,8
1590563552,11.8,9.3,27.8,34.8,,2.97,60.4,75,9.55,22.3,,,0,,2.93,59.3,71,9.37,21.5,,,8
1590563733,11.8,9.2,27.6,34.6,,2.98,60,78.9,10.16,23.1,,,0,,2.95,58.9,74.9,10.07,22.6,,,8
1590563733,11.8,9.2,27.6,34.6,,2.98,60,78.9,10.16,23.1,,,0,,2.95,58.9,74.9,10.07,22.6,,,8
1590563914,11.8,9,27.8,35.6,,2.8,60.3,71.8,8.19,23.4,,,0,,2.77,59.2,66.4,7.75,21.3,,,8
1590563914,11.8,9,27.8,35.6,,2.8,60.3,71.8,8.19,23.4,,,0,,2.77,59.2,66.4,7.75,21.3,,,8
1590564095,11.8,9.2,27.7,35.3,,2.95,60.6,69.8,8.53,21,,,0,,2.86,59.7,69,8.33,20.4,,,8
1590564095,11.8,9.2,27.7,35.3,,2.95,60.6,69.8,8.53,21,,,0,,2.86,59.7,69,8.33,20.4,,,8
1590564275,11.8,9.1,27.7,35,,2.97,60.4,75,9.47,24.4,,,0,,2.95,59.6,69.3,9.29,23.7,,,8
1590564275,11.8,9.1,27.7,35,,2.97,60.4,75,9.47,24.4,,,0,,2.95,59.6,69.3,9.29,23.7,,,8
1590564456,11.7,8.8,27.6,34.8,,2.88,59.3,77.9,9.26,25.3,,,0,,2.87,57.7,71.6,9,23.3,,,8
1590564456,11.7,8.8,27.6,34.8,,2.88,59.3,77.9,9.26,25.3,,,0,,2.87,57.7,71.6,9,23.3,,,8
1590564636,11.8,9,27.7,35.4,,2.81,60.5,68.7,8.13,22.1,,,0,,2.75,58.8,68.1,7.78,21.6,,,8
1590564636,11.8,9,27.7,35.4,,2.81,60.5,68.7,8.13,22.1,,,0,,2.75,58.8,68.1,7.78,21.6,,,8
1590564817,11.7,9.1,27.5,34.6,,2.95,60.2,75.8,9.72,23.5,,,0,,2.93,58.6,70.6,9.41,22.7,,,8
1590564817,11.7,9.1,27.5,34.6,,2.95,60.2,75.8,9.72,23.5,,,0,,2.93,58.6,70.6,9.41,22.7,,,8
1590564997,11.7,8.9,27.5,34.8,,2.95,59.7,77.8,10.07,23.6,,,0,,2.9,57.8,77.6,10.13,22.9,,,8
1590564997,11.7,8.9,27.5,34.8,,2.95,59.7,77.8,10.07,23.6,,,0,,2.9,57.8,77.6,10.13,22.9,,,8
1590565177,11.7,8.8,27.7,35,,2.81,59.7,73.1,8.68,21.7,,,0,,2.75,57.9,72.8,8.48,21.7,,,8
1590565177,11.7,8.8,27.7,35,,2.81,59.7,73.1,8.68,21.7,,,0,,2.75,57.9,72.8,8.48,21.7,,,8
1590565366,11.7,9,27.5,34.9,,2.96,60.6,78,9.65,25.7,,,0,,2.92,59.2,75.3,9.55,24.5,,,8
1590565366,11.7,9,27.5,34.9,,2.96,60.6,78,9.65,25.7,,,0,,2.92,59.2,75.3,9.55,24.5,,,8
1590565539,11.8,9.1,27.5,34.4,,2.97,59.5,75.2,9.68,22.7,,,0,,2.93,58,73.1,9.65,22.5,,,8
1590565539,11.8,9.1,27.5,34.4,,2.97,59.5,75.2,9.68,22.7,,,0,,2.93,58,73.1,9.65,22.5,,,8
1590565720,11.8,8.9,27.6,34.9,,2.87,59.3,73.7,9.26,21.1,,,0,,2.82,57.6,71.6,9.04,20,,,8
1590565720,11.8,8.9,27.6,34.9,,2.87,59.3,73.7,9.26,21.1,,,0,,2.82,57.6,71.6,9.04,20,,,8
1590565901,11.7,9.1,27.4,34.7,,2.97,60.2,78,10.21,23.1,,,0,,2.91,59,76.5,10.18,22.5,,,8
1590565901,11.7,9.1,27.4,34.7,,2.97,60.2,78,10.21,23.1,,,0,,2.91,59,76.5,10.18,22.5,,,8
1590566081,11.7,8.9,27.5,34.8,,2.96,59.5,78.9,9.92,24.8,,,0,,2.93,58,73.5,9.73,22.7,,,8
1590566081,11.7,8.9,27.5,34.8,,2.96,59.5,78.9,9.92,24.8,,,0,,2.93,58,73.5,9.73,22.7,,,8
1590566261,11.7,8.9,27.6,34.8,,2.92,59.3,71.2,9.05,20.3,,,0,,2.86,57.5,72.1,9.05,20.2,,,8
1590566261,11.7,8.9,27.6,34.8,,2.92,59.3,71.2,9.05,20.3,,,0,,2.86,57.5,72.1,9.05,20.2,,,8
1590566627,11.6,8.8,27.4,34.6,,2.92,60,77.1,9.72,24.3,,,0,,2.85,58.8,79.4,9.73,25.3,,,8
1590566627,11.6,8.8,27.4,34.6,,2.92,60,77.1,9.72,24.3,,,0,,2.85,58.8,79.4,9.73,25.3,,,8
1590566850,11.6,9.1,27.4,34.5,,3,59.9,75.3,10.01,23.2,,,0,,2.93,58.6,75.3,10.15,22.8,,,8
1590566850,11.6,9.1,27.4,34.5,,3,59.9,75.3,10.01,23.2,,,0,,2.93,58.6,75.3,10.15,22.8,,,8
1590567031,11.6,8.9,27.4,34.3,,2.95,59.5,73.7,9.27,23.3,,,0,,2.88,58.3,73.5,9.25,22.8,,,8
1590567031,11.6,8.9,27.4,34.3,,2.95,59.5,73.7,9.27,23.3,,,0,,2.88,58.3,73.5,9.25,22.8,,,8
1590567212,11.6,8.7,27.5,35.1,,2.8,59.6,71.4,8.44,23.3,,,0,,2.72,58.3,70.7,8.23,23.2,,,8
1590567212,11.6,8.7,27.5,35.1,,2.8,59.6,71.4,8.44,23.3,,,0,,2.72,58.3,70.7,8.23,23.2,,,8
1590567401,11.5,8.6,27.4,34.8,,2.78,59.5,71.4,8.4,21.8,,,0,,2.7,58.4,71.3,8.15,23.9,,,8
1590567401,11.5,8.6,27.4,34.8,,2.78,59.5,71.4,8.4,21.8,,,0,,2.7,58.4,71.3,8.15,23.9,,,8
1590567574,11.5,9,27.3,34.5,,2.95,59.8,78.5,10.13,23.6,,,0,,2.95,58.6,72.4,9.81,21.3,,,8
1590567574,11.5,9,27.3,34.5,,2.95,59.8,78.5,10.13,23.6,,,0,,2.95,58.6,72.4,9.81,21.3,,,8
1590567754,11.5,8.8,27.3,34.3,,2.92,59.5,78.3,9.95,24.6,,,0,,2.93,57.6,72.1,9.65,22.1,,,8
1590567754,11.5,8.8,27.3,34.3,,2.92,59.5,78.3,9.95,24.6,,,0,,2.93,57.6,72.1,9.65,22.1,,,8
1590567935,11.5,8.6,27.3,34.6,,2.82,59.7,77.1,9.49,21.9,,,0,,2.83,57.5,69.7,9,19.6,,,8
1590567935,11.5,8.6,27.3,34.6,,2.82,59.7,77.1,9.49,21.9,,,0,,2.83,57.5,69.7,9,19.6,,,8
1590568115,11.4,8.8,27.3,34.5,,2.91,60.6,80,10.26,24.3,,,0,,2.9,58.7,72.9,9.91,21.5,,,8
1590568115,11.4,8.8,27.3,34.5,,2.91,60.6,80,10.26,24.3,,,0,,2.9,58.7,72.9,9.91,21.5,,,8
1590568295,11.3,8.9,27.2,34.2,,2.95,59.9,71.2,9.15,23.1,,,0,,2.88,58.4,70.2,9.05,22.6,,,8
1590568295,11.3,8.9,27.2,34.2,,2.95,59.9,71.2,9.15,23.1,,,0,,2.88,58.4,70.2,9.05,22.6,,,8
1590568476,11.4,8.7,27.3,34.3,,2.88,59.6,72.5,9.35,20.5,,,0,,2.83,57.5,71.3,9.22,19.7,,,8
1590568476,11.4,8.7,27.3,34.3,,2.88,59.6,72.5,9.35,20.5,,,0,,2.83,57.5,71.3,9.22,19.7,,,8
1590568656,11.5,9,27.3,34.6,,2.92,60.7,71.2,9.12,21.3,,,0,,2.87,59.1,69.8,8.91,21.7,,,8
1590568656,11.5,9,27.3,34.6,,2.92,60.7,71.2,9.12,21.3,,,0,,2.87,59.1,69.8,8.91,21.7,,,8
1590568837,11.5,8.9,27.1,34.2,,2.96,60.2,75.8,10.11,22.6,,,0,,2.92,58.5,75.2,10.13,22.8,,,8
1590568837,11.5,8.9,27.1,34.2,,2.96,60.2,75.8,10.11,22.6,,,0,,2.92,58.5,75.2,10.13,22.8,,,8
1590569027,11.5,8.8,27.3,34.9,,2.8,60.4,67.8,8.05,22,,,0,,2.75,58.5,65.7,7.65,21.1,,,8
1590569027,11.5,8.8,27.3,34.9,,2.8,60.4,67.8,8.05,22,,,0,,2.75,58.5,65.7,7.65,21.1,,,8
1590569208,11.5,8.9,27.2,34.6,,2.82,60.7,67.4,8.08,20.7,,,0,,2.77,59,65.4,7.72,19.9,,,8
1590569208,11.5,8.9,27.2,34.6,,2.82,60.7,67.4,8.08,20.7,,,0,,2.77,59,65.4,7.72,19.9,,,8
1590569380,11.4,8.9,27.2,34.5,,2.9,60.8,73.1,9.37,23.4,,,0,,2.87,59.1,72.2,9.22,22.8,,,8
1590569380,11.4,8.9,27.2,34.5,,2.9,60.8,73.1,9.37,23.4,,,0,,2.87,59.1,72.2,9.22,22.8,,,8
1590569560,11.4,8.6,27,34,,2.87,60,72.9,9.32,22.9,,,0,,2.83,57.9,71.7,9.21,23.2,,,8
1590569746,11.2,8.4,27.1,34.7,,2.77,60.6,74.4,9.42,23,,,0,,2.75,58.1,72.4,9.12,22,,,8
1590569747,11.2,8.4,27.1,34.7,,2.77,60.6,74.4,9.42,23,,,0,,2.75,58.1,72.4,9.12,22,,,8
1590569926,11.1,8.5,27.2,35.3,,2.73,62.6,69.7,8.21,23.1,,,0,,2.7,60.1,66.7,7.79,23.4,,,8
1590569927,11.1,8.5,27.2,35.3,,2.73,62.6,69.7,8.21,23.1,,,0,,2.7,60.1,66.7,7.79,23.4,,,8
1590570106,11,8.5,27,34.2,,2.87,61.3,69.1,9.46,20.9,,,0,,2.77,58.7,74.1,9.67,22.6,,,8
1590570106,11,8.5,27,34.2,,2.87,61.3,69.1,9.46,20.9,,,0,,2.77,58.7,74.1,9.67,22.6,,,8
1590570295,11,8.3,27.1,34.3,,2.83,61,68.3,9.07,21.4,,,0,,2.75,58.4,73,9.22,22.9,,,8
1590570295,11,8.3,27.1,34.3,,2.83,61,68.3,9.07,21.4,,,0,,2.75,58.4,73,9.22,22.9,,,8
1590570517,11,8.3,27,34.3,,2.82,61.3,68.9,9.25,21.7,,,0,,2.73,58.6,73.8,9.39,23.2,,,8
1590570517,11,8.3,27,34.3,,2.82,61.3,68.9,9.25,21.7,,,0,,2.73,58.6,73.8,9.39,23.2,,,8
1590570697,11,8.6,27.1,34.9,,2.77,62.8,64.6,7.98,21.5,,,0,,2.73,60.7,63.4,7.62,19.4,,,8
1590570697,11,8.6,27.1,34.9,,2.77,62.8,64.6,7.98,21.5,,,0,,2.73,60.7,63.4,7.62,19.4,,,8
1590570878,11,8.5,26.8,33.6,,2.86,61.6,70.4,9.45,22,,,0,,2.82,59.1,70.1,9.4,21.8,,,8
1590570878,11,8.5,26.8,33.6,,2.86,61.6,70.4,9.45,22,,,0,,2.82,59.1,70.1,9.4,21.8,,,8
1590571058,10.9,8.4,26.8,33.6,,2.82,61.5,69.5,9.22,22.2,,,0,,2.77,58.9,69,9.15,22,,,8
1590571058,10.9,8.4,26.8,33.6,,2.82,61.5,69.5,9.22,22.2,,,0,,2.77,58.9,69,9.15,22,,,8
1590571238,10.9,8.4,26.9,33.5,,2.8,61.6,68.7,9.07,21.2,,,0,,2.75,59.1,68,8.89,20.3,,,8
1590571238,10.9,8.4,26.9,33.5,,2.8,61.6,68.7,9.07,21.2,,,0,,2.75,59.1,68,8.89,20.3,,,8
1590571419,10.9,8.3,27,34.1,,2.7,62.4,65.6,8.13,21.5,,,0,,2.65,59.8,63.8,7.68,20.5,,,8
1590571419,10.9,8.3,27,34.1,,2.7,62.4,65.6,8.13,21.5,,,0,,2.65,59.8,63.8,7.68,20.5,,,8
1590571599,10.8,8.4,26.9,34.5,,2.78,63.4,69.1,8.89,20,,,0,,2.72,61.2,67.5,8.54,19.6,,,8
1590571599,10.8,8.4,26.9,34.5,,2.78,63.4,69.1,8.89,20,,,0,,2.72,61.2,67.5,8.54,19.6,,,8
1590571786,10.8,8.2,26.8,33.8,,2.75,62.9,74.7,9.58,24.5,,,0,,2.72,60.2,69.3,9.2,22.4,,,8
1590571786,10.8,8.2,26.8,33.8,,2.75,62.9,74.7,9.58,24.5,,,0,,2.72,60.2,69.3,9.2,22.4,,,8
1590571966,10.8,8.2,26.8,33.7,,2.83,62.7,69,9.61,21.5,,,0,,2.73,59.9,71.9,9.86,22,,,8
1590571966,10.8,8.2,26.8,33.7,,2.83,62.7,69,9.61,21.5,,,0,,2.73,59.9,71.9,9.86,22,,,8
1590572143,10.9,8.2,26.8,33.8,,2.81,62.8,68.2,9.22,21.5,,,0,,2.7,59.7,70.6,9.32,22.5,,,8
1590572143,10.9,8.2,26.8,33.8,,2.81,62.8,68.2,9.22,21.5,,,0,,2.7,59.7,70.6,9.32,22.5,,,8
1590572327,10.9,8.5,26.8,34,,2.85,63.7,70.4,9.91,19.9,,,0,,2.77,61.2,72.6,10,20.3,,,8
1590572327,10.9,8.5,26.8,34,,2.85,63.7,70.4,9.91,19.9,,,0,,2.77,61.2,72.6,10,20.3,,,8
1590572506,10.9,8.5,26.7,33.8,,2.82,63.5,68.9,9.42,21.8,,,0,,2.71,61,70.6,9.4,22.9,,,8
1590572506,10.9,8.5,26.7,33.8,,2.82,63.5,68.9,9.42,21.8,,,0,,2.71,61,70.6,9.4,22.9,,,8
1590572690,10.9,8.4,26.6,33.5,,2.82,63.1,70.9,9.9,21.2,,,0,,2.75,60.4,73,10,21.8,,,8
1590572690,10.9,8.4,26.6,33.5,,2.82,63.1,70.9,9.9,21.2,,,0,,2.75,60.4,73,10,21.8,,,8
1590572869,10.9,8.2,26.8,33.9,,2.77,62.9,68.2,9.12,21.2,,,0,,2.67,59.6,70.1,9.01,21.7,,,8
1590572869,10.9,8.2,26.8,33.9,,2.77,62.9,68.2,9.12,21.2,,,0,,2.67,59.6,70.1,9.01,21.7,,,8
1590573050,10.9,8.5,26.8,34.6,,2.72,64.2,64.6,8.05,19.9,,,0,,2.64,61.5,64.5,7.65,20,,,8
1590573050,10.9,8.5,26.8,34.6,,2.72,64.2,64.6,8.05,19.9,,,0,,2.64,61.5,64.5,7.65,20,,,8
1590573241,10.9,8.4,26.7,34.4,,2.82,64.2,72.1,10.08,21.7,,,0,,2.76,61.5,74.3,10.08,22,,,8
1590573241,10.9,8.4,26.7,34.4,,2.82,64.2,72.1,10.08,21.7,,,0,,2.76,61.5,74.3,10.08,22,,,8
1590573600,10.9,8,26.6,34,,2.75,63.2,68.4,9.04,22.2,,,0,,2.67,59.6,70.6,8.96,23.2,,,8
1590573600,10.9,8,26.6,34,,2.75,63.2,68.4,9.04,22.2,,,0,,2.67,59.6,70.6,8.96,23.2,,,8
1590573780,10.9,8.1,26.7,33.7,,2.75,62.9,69.7,9.29,20,,,0,,2.65,59.3,72.2,9.22,22.2,,,8
1590573780,10.9,8.1,26.7,33.7,,2.75,62.9,69.7,9.29,20,,,0,,2.65,59.3,72.2,9.22,22.2,,,8
1590573964,10.9,8.4,26.8,34.6,,2.75,64.4,66.6,8.44,20.1,,,0,,2.64,61.7,67.7,8.1,20.3,,,8
1590573964,10.9,8.4,26.8,34.6,,2.75,64.4,66.6,8.44,20.1,,,0,,2.64,61.7,67.7,8.1,20.3,,,8
1590574188,10.9,8.1,26.6,34,,2.78,63.3,71.8,9.87,20.2,,,0,,2.7,59.7,75.4,9.95,20.3,,,8
1590574188,10.9,8.1,26.6,34,,2.78,63.3,71.8,9.87,20.2,,,0,,2.7,59.7,75.4,9.95,20.3,,,8
1590574369,10.9,8.4,26.7,34.7,,2.82,64.6,72.9,10.18,20.1,,,0,,2.76,61.9,76.1,10.22,20.7,,,8
1590574369,10.9,8.4,26.7,34.7,,2.82,64.6,72.9,10.18,20.1,,,0,,2.76,61.9,76.1,10.22,20.7,,,8
1590574549,10.9,8.4,26.6,34.3,,2.81,64.3,74.1,9.92,23.2,,,0,,2.81,61.4,69.4,9.62,19.4,,,8
1590574549,10.9,8.4,26.6,34.3,,2.81,64.3,74.1,9.92,23.2,,,0,,2.81,61.4,69.4,9.62,19.4,,,8
1590574729,10.9,8.5,26.6,33.8,,2.87,63.2,68.4,9.55,20.9,,,0,,2.8,59.9,69.5,9.67,20.9,,,8
1590574729,10.9,8.5,26.6,33.8,,2.87,63.2,68.4,9.55,20.9,,,0,,2.8,59.9,69.5,9.67,20.9,,,8
1590574910,11.1,8.5,26.6,33.8,,2.78,63.2,64.2,8.16,20.4,,,0,,2.69,60.4,63.5,7.93,20.4,,,8
1590574910,11.1,8.5,26.6,33.8,,2.78,63.2,64.2,8.16,20.4,,,0,,2.69,60.4,63.5,7.93,20.4,,,8
1590575090,11.2,8.6,26.5,33.7,,2.78,63.2,62.8,7.82,20.4,,,0,,2.66,60.6,61.9,7.43,20.9,,,8
1590575090,11.2,8.6,26.5,33.7,,2.78,63.2,62.8,7.82,20.4,,,0,,2.66,60.6,61.9,7.43,20.9,,,8
1590575271,11.3,8.4,26.3,33,,2.86,63.1,66.6,8.96,19.8,,,0,,2.57,61.3,66.4,8.79,20.1,,,8
1590575271,11.3,8.4,26.3,33,,2.86,63.1,66.6,8.96,19.8,,,0,,2.57,61.3,66.4,8.79,20.1,,,8
1590575451,11.3,8.5,26.2,33,,2.9,63.2,69.3,9.77,19.5,,,0,,2.72,63.7,69.7,9.77,19.4,,,8
1590575451,11.3,8.5,26.2,33,,2.9,63.2,69.3,9.77,19.5,,,0,,2.72,63.7,69.7,9.77,19.4,,,8
1590575632,11.3,9.3,26,33,,3.41,63.4,0,6.92,0,,,0,,2.77,62.3,67.6,9.25,21.5,,,8
1590575632,11.3,9.3,26,33,,3.41,63.4,0,6.92,0,,,0,,2.77,62.3,67.6,9.25,21.5,,,8
1590575812,11.6,8.4,25.9,31.5,,3.97,59.1,0,5.18,0,,,0,,2.22,62.1,102.9,9.66,26.5,,,8
1590575812,11.6,8.4,25.9,31.5,,3.97,59.1,0,5.18,0,,,0,,2.22,62.1,102.9,9.66,26.5,,,8
1590575992,11.8,9.5,25.6,31.3,,4.14,54.4,0,4.84,0,,,0,,2.73,57.9,87.8,9.1,28.6,,,8
1590576174,11.8,9.5,25.9,32,,4.17,51.5,0,4.67,6.9,,,0,,2.62,58.2,84.7,7.8,28,,,8
1590576174,11.8,9.5,25.9,32,,4.17,51.5,0,4.67,6.9,,,0,,2.62,58.2,84.7,7.8,28,,,8
1590576354,11.8,8.8,27.2,32.7,,2.86,62.7,71,9.87,22.9,,,0,,2.87,56.7,79.2,9.87,23.8,,,8
1590576354,11.8,8.8,27.2,32.7,,2.86,62.7,71,9.87,22.9,,,0,,2.87,56.7,79.2,9.87,23.8,,,8
1590576541,11.5,8.8,28.2,34.1,,2.88,64.4,74.4,10.48,21.9,,,0,,2.9,58.1,80.9,10.32,24.6,,,8
1590576541,11.5,8.8,28.2,34.1,,2.88,64.4,74.4,10.48,21.9,,,0,,2.9,58.1,80.9,10.32,24.6,,,8
1590576719,11.4,8.8,28.2,34.4,,2.87,64.5,69.8,9.56,22.7,,,0,,2.9,58,71.4,9.22,23.3,,,8
1590576719,11.4,8.8,28.2,34.4,,2.87,64.5,69.8,9.56,22.7,,,0,,2.9,58,71.4,9.22,23.3,,,8
1590576900,11.3,8.7,27.3,34.1,,2.86,64.3,72.8,10.12,21.8,,,0,,2.86,58.2,74.4,9.91,22.4,,,8
1590576900,11.3,8.7,27.3,34.1,,2.86,64.3,72.8,10.12,21.8,,,0,,2.86,58.2,74.4,9.91,22.4,,,8
1590577080,11.2,8.5,26.8,33.8,,2.83,63.8,74,10.11,21.8,,,0,,2.85,57.8,74.9,9.93,21.7,,,8
1590577080,11.2,8.5,26.8,33.8,,2.83,63.8,74,10.11,21.8,,,0,,2.85,57.8,74.9,9.93,21.7,,,8
1590577261,11.1,8.3,26.8,34.4,,2.7,63.8,67.5,8.33,22.2,,,0,,2.7,57.7,66.5,7.83,22.1,,,8
1590577261,11.1,8.3,26.8,34.4,,2.7,63.8,67.5,8.33,22.2,,,0,,2.7,57.7,66.5,7.83,22.1,,,8
1590577441,11,8.1,26.6,33.6,,2.75,62.7,72.3,9.37,22.4,,,0,,2.76,56.8,71.2,8.99,22.6,,,8
1590577441,11,8.1,26.6,33.6,,2.75,62.7,72.3,9.37,22.4,,,0,,2.76,56.8,71.2,8.99,22.6,,,8
1590577621,10.9,8,26.5,33.9,,2.72,62.7,73.9,9.49,20.9,,,0,,2.75,56.9,71.9,9.04,20.2,,,8
1590577621,10.9,8,26.5,33.9,,2.72,62.7,73.9,9.49,20.9,,,0,,2.75,56.9,71.9,9.04,20.2,,,8
1590577854,10.8,8.2,26.4,33.6,,2.78,62.9,69.7,9.21,22.7,,,0,,2.73,58.1,71.8,9.1,23.4,,,8
1590577854,10.8,8.2,26.4,33.6,,2.78,62.9,69.7,9.21,22.7,,,0,,2.73,58.1,71.8,9.1,23.4,,,8
1590578035,10.8,8,26.4,33.7,,2.7,62.4,68.3,8.71,21.7,,,0,,2.67,57.7,69.8,8.4,22.7,,,8
1590578035,10.8,8,26.4,33.7,,2.7,62.4,68.3,8.71,21.7,,,0,,2.67,57.7,69.8,8.4,22.7,,,8
1590578215,10.8,8.1,26.4,34,,2.66,62.9,66,8.13,21.7,,,0,,2.64,58.3,66.5,7.69,21.8,,,8
1590578215,10.8,8.1,26.4,34,,2.66,62.9,66,8.13,21.7,,,0,,2.64,58.3,66.5,7.69,21.8,,,8
1590578395,10.9,8.2,26.3,34.1,,2.65,63.6,66.1,8.04,23.2,,,0,,2.62,58.8,65.9,7.53,23.3,,,8
1590578395,10.9,8.2,26.3,34.1,,2.65,63.6,66.1,8.04,23.2,,,0,,2.62,58.8,65.9,7.53,23.3,,,8
1590578576,10.8,8.2,26.2,33.6,,2.73,63.4,71.5,9.44,23.4,,,0,,2.75,58.3,71.9,9.05,23.5,,,8
1590578576,10.8,8.2,26.2,33.6,,2.73,63.4,71.5,9.44,23.4,,,0,,2.75,58.3,71.9,9.05,23.5,,,8
1590578756,10.8,8.1,26.2,33.5,,2.75,63.3,74.9,10.16,23.4,,,0,,2.77,58.1,75.6,9.91,23.3,,,8
1590578756,10.8,8.1,26.2,33.5,,2.75,63.3,74.9,10.16,23.4,,,0,,2.77,58.1,75.6,9.91,23.3,,,8
1590578937,10.8,8.2,26.2,33.4,,2.75,63.2,70.1,9.36,21.4,,,0,,2.77,57.7,69.5,9.02,20.9,,,8
1590578937,10.8,8.2,26.2,33.4,,2.75,63.2,70.1,9.36,21.4,,,0,,2.77,57.7,69.5,9.02,20.9,,,8
1590579117,10.8,8.2,26.4,33.9,,2.66,63.8,65.4,8.02,20.9,,,0,,2.67,58.4,63.4,7.43,19.9,,,8
1590579117,10.8,8.2,26.4,33.9,,2.66,63.8,65.4,8.02,20.9,,,0,,2.67,58.4,63.4,7.43,19.9,,,8
1590579297,10.9,8.3,26.4,34,,2.66,64.1,65.5,8.08,22.2,,,0,,2.67,58.9,63.4,7.48,19.4,,,8
1590579297,10.9,8.3,26.4,34,,2.66,64.1,65.5,8.08,22.2,,,0,,2.67,58.9,63.4,7.48,19.4,,,8
1590579659,10.9,8.2,26.2,33.5,,2.76,63.2,74.1,10.07,22.1,,,0,,2.77,58.1,72.1,9.73,21.6,,,8
1590579659,10.9,8.2,26.2,33.5,,2.76,63.2,74.1,10.07,22.1,,,0,,2.77,58.1,72.1,9.73,21.6,,,8
1590580020,10.8,8.1,26.4,34.2,,2.64,64.1,67.3,8.08,21.4,,,0,,2.61,59.5,64.1,7.5,20.2,,,8
1590580021,10.8,8.1,26.4,34.2,,2.64,64.1,67.3,8.08,21.4,,,0,,2.61,59.5,64.1,7.5,20.2,,,8
1590580201,10.8,8.3,26.4,34.2,,2.7,64.3,65.5,8.2,20,,,0,,2.65,60.2,64.8,7.74,19.7,,,8
1590580202,10.8,8.3,26.4,34.2,,2.7,64.3,65.5,8.2,20,,,0,,2.65,60.2,64.8,7.74,19.7,,,8
1590580562,10.8,8.2,26.3,33.4,,2.75,63.7,70,9.41,23.1,,,0,,2.73,59.4,69.9,9.1,23,,,8
1590580563,10.8,8.2,26.3,33.4,,2.75,63.7,70,9.41,23.1,,,0,,2.73,59.4,69.9,9.1,23,,,8
1590580742,10.8,8.2,26.2,33.5,,2.75,63.6,71.6,9.71,21.9,,,0,,2.73,59.1,71.7,9.47,22.7,,,8
1590580743,10.8,8.2,26.2,33.5,,2.75,63.6,71.6,9.71,21.9,,,0,,2.73,59.1,71.7,9.47,22.7,,,8
1590581284,10.8,8,26.4,33.9,,2.64,64.1,66.4,8.09,22.8,,,0,,2.57,59.8,64.5,7.53,20.4,,,8
1590581284,10.8,8,26.4,33.9,,2.64,64.1,66.4,8.09,22.8,,,0,,2.57,59.8,64.5,7.53,20.4,,,8
1590581522,10.7,8.2,26.4,33.2,,2.73,63.7,69.6,9.5,22.4,,,0,,2.72,59.7,69,9.22,22.4,,,8
1590581522,10.7,8.2,26.4,33.2,,2.73,63.7,69.6,9.5,22.4,,,0,,2.72,59.7,69,9.22,22.4,,,8
1590581703,10.8,8.1,26.3,33.4,,2.75,63.7,70.4,9.66,21.6,,,0,,2.73,59.5,69.6,9.41,21.5,,,8
1590581703,10.8,8.1,26.3,33.4,,2.75,63.7,70.4,9.66,21.6,,,0,,2.73,59.5,69.6,9.41,21.5,,,8
1590581883,10.8,8,26.4,33.6,,2.66,63.7,67.4,8.69,21.7,,,0,,2.64,59.2,66,8.25,21.4,,,8
1590581883,10.8,8,26.4,33.6,,2.66,63.7,67.4,8.69,21.7,,,0,,2.64,59.2,66,8.25,21.4,,,8
1590582063,10.7,8,26.4,34.2,,2.6,64.8,65.2,8.07,21,,,0,,2.56,60.7,63.3,7.52,20,,,8
1590582064,10.7,8,26.4,34.2,,2.6,64.8,65.2,8.07,21,,,0,,2.56,60.7,63.3,7.52,20,,,8
1590582244,10.7,8,26.3,34,,2.61,64.7,65.4,8.1,22.2,,,0,,2.54,60.9,63.4,7.53,22.5,,,8
1590582244,10.7,8,26.3,34,,2.61,64.7,65.4,8.1,22.2,,,0,,2.54,60.9,63.4,7.53,22.5,,,8
1590582432,10.7,8.1,26.3,33.4,,2.76,64.6,70.2,9.88,21.4,,,0,,2.71,60.8,71.3,9.75,21.2,,,8
1590582432,10.7,8.1,26.3,33.4,,2.76,64.6,70.2,9.88,21.4,,,0,,2.71,60.8,71.3,9.75,21.2,,,8
1590582608,10.7,8.1,26.2,33.2,,2.76,64.5,70.7,10.07,21.6,,,0,,2.7,60.4,71.8,9.93,21.4,,,8
1590582608,10.7,8.1,26.2,33.2,,2.76,64.5,70.7,10.07,21.6,,,0,,2.7,60.4,71.8,9.93,21.4,,,8
1590582794,10.7,8.1,26.2,33.1,,2.76,64.6,71.2,10,21,,,0,,2.7,60.3,71.8,9.8,20.9,,,8
1590582794,10.7,8.1,26.2,33.1,,2.76,64.6,71.2,10,21,,,0,,2.7,60.3,71.8,9.8,20.9,,,8
1590583150,10.7,7.7,26.3,33.7,,2.61,64.9,65.8,8.28,21.5,,,0,,2.34,60.9,64.1,7.82,20.9,,,8
1590583150,10.7,7.7,26.3,33.7,,2.61,64.9,65.8,8.28,21.5,,,0,,2.34,60.9,64.1,7.82,20.9,,,8
1590583330,10.8,8.2,26.3,34,,2.65,65.6,64.7,8.03,21.7,,,0,,2.55,63.1,62.6,7.49,21.6,,,8
1590583330,10.8,8.2,26.3,34,,2.65,65.6,64.7,8.03,21.7,,,0,,2.55,63.1,62.6,7.49,21.6,,,8
1590583511,10.8,8.2,26.1,33.2,,2.75,64.6,69.4,9.35,22.7,,,0,,2.71,61.6,67.6,8.96,22.1,,,8
1590583511,10.8,8.2,26.1,33.2,,2.75,64.6,69.4,9.35,22.7,,,0,,2.71,61.6,67.6,8.96,22.1,,,8
1590583691,10.8,8.1,26.1,33.2,,2.72,64.4,70.1,9.37,22,,,0,,2.65,61,68.1,8.99,21.9,,,8
1590583691,10.8,8.1,26.1,33.2,,2.72,64.4,70.1,9.37,22,,,0,,2.65,61,68.1,8.99,21.9,,,8
1590583871,10.8,7.9,26.2,33.8,,2.61,64.7,65.7,8.15,21.8,,,0,,2.39,61.7,63.5,7.62,20.5,,,8
1590583871,10.8,7.9,26.2,33.8,,2.61,64.7,65.7,8.15,21.8,,,0,,2.39,61.7,63.5,7.62,20.5,,,8
1590584052,10.9,8,26.2,33.4,,2.71,64.7,60.6,7.89,19.5,,,0,,2.35,62.5,62.5,7.44,20.4,,,8
1590584052,10.9,8,26.2,33.4,,2.71,64.7,60.6,7.89,19.5,,,0,,2.35,62.5,62.5,7.44,20.4,,,8
1590584232,11,8,26.2,33.2,,2.75,64.5,62,8.13,19.2,,,0,,2.32,62.3,64.6,7.77,20.3,,,8
1590584232,11,8,26.2,33.2,,2.75,64.5,62,8.13,19.2,,,0,,2.32,62.3,64.6,7.77,20.3,,,8
1590584412,11.1,8.5,26,32.9,,2.83,64.8,65.2,9.14,20.7,,,0,,2.76,62.1,68.2,8.96,22.1,,,8
1590584412,11.1,8.5,26,32.9,,2.83,64.8,65.2,9.14,20.7,,,0,,2.76,62.1,68.2,8.96,22.1,,,8
1590584593,11.1,8.4,26,32.9,,2.83,64.8,67.5,9.78,20.4,,,0,,2.73,61.2,71.3,9.81,21.1,,,8
1590584593,11.1,8.4,26,32.9,,2.83,64.8,67.5,9.78,20.4,,,0,,2.73,61.2,71.3,9.81,21.1,,,8
1590584774,11.1,8.3,26.9,33,,2.85,65.2,69.1,10.17,20.6,,,0,,2.67,62.2,73.2,10.27,21.5,,,8
1590584774,11.1,8.3,26.9,33,,2.85,65.2,69.1,10.17,20.6,,,0,,2.67,62.2,73.2,10.27,21.5,,,8
1590584965,11.1,8.2,27.8,33.6,,2.83,65.3,68.8,9.93,21.3,,,0,,2.64,61.6,72.8,10,22.1,,,8
1590584965,11.1,8.2,27.8,33.6,,2.83,65.3,68.8,9.93,21.3,,,0,,2.64,61.6,72.8,10,22.1,,,8
1590585188,11.2,9.8,28.5,33.4,,2.92,66,74.5,10.2,21.1,,,0,,3.42,61.5,0,6.84,0,,,8
1590585188,11.2,9.8,28.5,33.4,,2.92,66,74.5,10.2,21.1,,,0,,3.42,61.5,0,6.84,0,,,8
1590585369,11.7,10.2,27.2,32.1,,2.97,63.8,77.5,10.16,24.8,,,0,,3.66,56.4,0,6.21,0,,,8
1590585369,11.7,10.2,27.2,32.1,,2.97,63.8,77.5,10.16,24.8,,,0,,3.66,56.4,0,6.21,0,,,8
1590585550,12,10.4,26.5,31.5,,3,61.7,81.2,10.15,24,,,0,,3.69,52.4,0,5.76,0,,,8
1590585550,12,10.4,26.5,31.5,,3,61.7,81.2,10.15,24,,,0,,3.69,52.4,0,5.76,0,,,8
1590585730,12.2,9.5,26,31.3,,2.95,60.1,86.5,10.42,26.4,,,0,,3.06,57.1,51.5,8.51,15.1,,,8
1590585730,12.2,9.5,26,31.3,,2.95,60.1,86.5,10.42,26.4,,,0,,3.06,57.1,51.5,8.51,15.1,,,8
1590585912,11.9,8.5,25.8,33.2,,2.9,59.6,84,10.29,25.6,,,0,,2.75,61.4,85.2,10.78,24.9,,,8
1590585912,11.9,8.5,25.8,33.2,,2.9,59.6,84,10.29,25.6,,,0,,2.75,61.4,85.2,10.78,24.9,,,8
1590586091,11.5,8.9,27,33.8,,2.92,59.5,76.1,9.75,23.7,,,0,,2.86,60.9,70.9,9.65,22.2,,,8
1590586091,11.5,8.9,27,33.8,,2.92,59.5,76.1,9.75,23.7,,,0,,2.86,60.9,70.9,9.65,22.2,,,8
1590586272,11.4,8.6,28.1,34.2,,2.88,59.1,78,9.88,23.9,,,0,,2.82,60.1,73.1,9.85,22.1,,,8
1590586272,11.4,8.6,28.1,34.2,,2.88,59.1,78,9.88,23.9,,,0,,2.82,60.1,73.1,9.85,22.1,,,8
1590586452,11.4,8.7,28.1,34.4,,2.92,59.4,78.6,9.96,24.9,,,0,,2.87,60.7,70.1,9.81,21.5,,,8
1590586452,11.4,8.7,28.1,34.4,,2.92,59.4,78.6,9.96,24.9,,,0,,2.87,60.7,70.1,9.81,21.5,,,8
1590586633,11.4,8.7,27.5,34.7,,2.75,60.1,72.2,8.16,23.4,,,0,,2.75,61.5,63.1,7.63,19.8,,,8
1590586633,11.4,8.7,27.5,34.7,,2.75,60.1,72.2,8.16,23.4,,,0,,2.75,61.5,63.1,7.63,19.8,,,8
1590586813,11.3,8.5,27.1,34.6,,2.72,60.4,73.3,8.13,23.4,,,0,,2.71,61.5,63.5,7.59,19.9,,,8
1590586813,11.3,8.5,27.1,34.6,,2.72,60.4,73.3,8.13,23.4,,,0,,2.71,61.5,63.5,7.59,19.9,,,8
1590586994,11.1,8.5,26.8,34.6,,2.7,60.6,74.2,8.09,26.2,,,0,,2.7,61.5,63.4,7.58,22.3,,,8
1590586994,11.1,8.5,26.8,34.6,,2.7,60.6,74.2,8.09,26.2,,,0,,2.7,61.5,63.4,7.58,22.3,,,8
1590587184,11,8.4,26.5,33.9,,2.85,60.2,83.9,10.31,26.5,,,0,,2.81,60.8,72.6,10.03,22.2,,,8
1590587184,11,8.4,26.5,33.9,,2.85,60.2,83.9,10.31,26.5,,,0,,2.81,60.8,72.6,10.03,22.2,,,8
1590587356,10.9,8.2,26.4,33.8,,2.78,60.1,80.3,9.44,26.8,,,0,,2.75,60.3,69.2,9.15,22.4,,,8
1590587356,10.9,8.2,26.4,33.8,,2.78,60.1,80.3,9.44,26.8,,,0,,2.75,60.3,69.2,9.15,22.4,,,8
1590587545,10.8,8.3,26.3,33.3,,2.82,59.3,73.7,9.32,23.5,,,0,,2.73,60.1,69.9,9.25,22,,,8
1590587545,10.8,8.3,26.3,33.3,,2.82,59.3,73.7,9.32,23.5,,,0,,2.73,60.1,69.9,9.25,22,,,8
1590587718,10.8,8,26.4,33.7,,2.7,59.2,72.4,8.84,22.7,,,0,,2.65,59.5,67.7,8.59,21.5,,,8
1590587718,10.8,8,26.4,33.7,,2.7,59.2,72.4,8.84,22.7,,,0,,2.65,59.5,67.7,8.59,21.5,,,8
1590587906,10.8,7.9,26.3,33.9,,2.66,59.9,71.4,8.4,23.7,,,0,,2.6,59.8,66.5,8.05,22.1,,,8
1590587906,10.8,7.9,26.3,33.9,,2.66,59.9,71.4,8.4,23.7,,,0,,2.6,59.8,66.5,8.05,22.1,,,8
1590588086,10.8,7.9,26.3,33.8,,2.69,59.9,69.1,8.35,20.9,,,0,,2.56,60,67.2,8.12,20.5,,,8
1590588086,10.8,7.9,26.3,33.8,,2.69,59.9,69.1,8.35,20.9,,,0,,2.56,60,67.2,8.12,20.5,,,8
1590588267,10.8,8.2,26.2,33.6,,2.82,60.5,75.4,10.02,23.2,,,0,,2.75,60.9,74.3,10.18,22.4,,,8
1590588267,10.8,8.2,26.2,33.6,,2.82,60.5,75.4,10.02,23.2,,,0,,2.75,60.9,74.3,10.18,22.4,,,8
1590588448,10.8,8.4,26.2,33.3,,2.88,60.1,68.5,9.5,20.9,,,0,,2.8,60.3,67,9.61,20.2,,,8
1590588448,10.8,8.4,26.2,33.3,,2.88,60.1,68.5,9.5,20.9,,,0,,2.8,60.3,67,9.61,20.2,,,8
1590588629,10.9,8.5,26.2,32.6,,2.85,60.2,67.5,8.97,21.1,,,0,,2.78,60,65.3,8.86,20.1,,,8
1590588629,10.9,8.5,26.2,32.6,,2.85,60.2,67.5,8.97,21.1,,,0,,2.78,60,65.3,8.86,20.1,,,8
1590588859,11,8.6,26.2,33.3,,2.85,61.6,68.9,9.31,21.8,,,0,,2.76,61.1,66.2,9.11,20.8,,,8
1590588859,11,8.6,26.2,33.3,,2.85,61.6,68.9,9.31,21.8,,,0,,2.76,61.1,66.2,9.11,20.8,,,8
1590589036,11,8.4,26,32.4,,2.81,60.9,68.9,9.25,21.8,,,0,,2.75,60.1,66.3,9.05,21.2,,,8
1590589036,11,8.4,26,32.4,,2.81,60.9,68.9,9.25,21.8,,,0,,2.75,60.1,66.3,9.05,21.2,,,8
1590589406,11,8.1,26,32.5,,2.77,61.8,67.8,8.92,21.8,,,0,,2.59,62.1,64.9,8.46,20.9,,,8
1590589406,11,8.1,26,32.5,,2.77,61.8,67.8,8.92,21.8,,,0,,2.59,62.1,64.9,8.46,20.9,,,8
1590589585,11,8,26.7,32.6,,2.76,62,70,9.42,22.7,,,0,,2.61,62.2,67.4,9.09,21.5,,,8
1590589585,11,8,26.7,32.6,,2.76,62,70,9.42,22.7,,,0,,2.61,62.2,67.4,9.09,21.5,,,8
1590589945,11.5,9.6,28.1,32.9,,4.08,55.2,0,5.74,0,,,0,,2.65,61.2,76.5,7.92,25.2,,,8
1590589945,11.5,9.6,28.1,32.9,,4.08,55.2,0,5.74,0,,,0,,2.65,61.2,76.5,7.92,25.2,,,8
1590590125,11.7,9.8,26.9,32.3,,4.15,52.1,0,5.09,0,,,0,,2.83,59.9,86.7,10.2,25,,,8
1590590125,11.7,9.8,26.9,32.3,,4.15,52.1,0,5.09,0,,,0,,2.83,59.9,86.7,10.2,25,,,8
1590590306,11.8,9.3,26.5,33,,2.85,60.5,58.2,8.2,18.9,,,0,,2.83,59.9,66.9,7.99,20.1,,,8
1590590306,11.8,9.3,26.5,33,,2.85,60.5,58.2,8.2,18.9,,,0,,2.83,59.9,66.9,7.99,20.1,,,8
1590590487,11.5,8.5,26.3,33.5,,2.69,63.2,67.6,8.13,23.7,,,0,,2.71,58,66.7,7.54,23.1,,,8
1590590487,11.5,8.5,26.3,33.5,,2.69,63.2,67.6,8.13,23.7,,,0,,2.71,58,66.7,7.54,23.1,,,8
1590590668,11.3,8.6,26.3,33.8,,2.82,63.9,70.7,9.62,23,,,0,,2.82,58.7,73.6,9.3,24.2,,,8
1590590668,11.3,8.6,26.3,33.8,,2.82,63.9,70.7,9.62,23,,,0,,2.82,58.7,73.6,9.3,24.2,,,8
1590590850,11.1,8.4,26.2,33.6,,2.8,63.5,75.2,9.88,23.9,,,0,,2.82,58.4,76,9.63,24.2,,,8
1590590850,11.1,8.4,26.2,33.6,,2.8,63.5,75.2,9.88,23.9,,,0,,2.82,58.4,76,9.63,24.2,,,8
1590591031,11,8.3,26.3,33.7,,2.8,63.5,70.6,9.44,22.3,,,0,,2.76,58.6,74.9,9.31,23.5,,,8
1590591211,10.9,8,26.2,33.4,,2.75,62.5,72.9,9.5,23.3,,,0,,2.72,57.4,73.7,9.36,23.5,,,8
1590591211,10.9,8,26.2,33.4,,2.75,62.5,72.9,9.5,23.3,,,0,,2.72,57.4,73.7,9.36,23.5,,,8
1590591391,10.8,8,26.2,33.4,,2.71,62.6,71.2,9.17,21.4,,,0,,2.7,57.7,70,8.8,23.1,,,8
1590591392,10.8,8,26.2,33.4,,2.71,62.6,71.2,9.17,21.4,,,0,,2.7,57.7,70,8.8,23.1,,,8
1590591581,10.7,7.9,26.3,33.6,,2.66,62.9,67.8,8.6,21.3,,,0,,2.65,58.1,68,8.23,22.1,,,8
1590591581,10.7,7.9,26.3,33.6,,2.66,62.9,67.8,8.6,21.3,,,0,,2.65,58.1,68,8.23,22.1,,,8
1590591761,10.7,8,26.3,34.3,,2.64,64.1,66.3,8.08,20.8,,,0,,2.6,59.4,64.9,7.5,20.3,,,8
1590591761,10.7,8,26.3,34.3,,2.64,64.1,66.3,8.08,20.8,,,0,,2.6,59.4,64.9,7.5,20.3,,,8
1590591940,10.7,8.2,26.2,34.3,,2.69,64.5,65.2,8.1,22.6,,,0,,2.62,60,66,7.67,23.3,,,8
1590591940,10.7,8.2,26.2,34.3,,2.69,64.5,65.2,8.1,22.6,,,0,,2.62,60,66,7.67,23.3,,,8
1590592125,10.6,8.1,26,33.3,,2.73,63.7,72.8,10.1,22,,,0,,2.7,59.1,75.4,10,22.6,,,8
1590592125,10.6,8.1,26,33.3,,2.73,63.7,72.8,10.1,22,,,0,,2.7,59.1,75.4,10,22.6,,,8
1590592300,10.6,8.3,26,32.8,,2.8,63.4,65.6,9.04,20.9,,,0,,2.77,58.8,64.6,8.78,20.4,,,8
1590592300,10.6,8.3,26,32.8,,2.8,63.4,65.6,9.04,20.9,,,0,,2.77,58.8,64.6,8.78,20.4,,,8
1590592526,10.8,8.4,26.1,32.9,,2.77,64.2,67.8,9.49,21,,,0,,2.76,59.7,65.3,9.02,20.9,,,8
1590592526,10.8,8.4,26.1,32.9,,2.77,64.2,67.8,9.49,21,,,0,,2.76,59.7,65.3,9.02,20.9,,,8
1590592706,10.9,8.5,26,32.8,,2.76,64.7,69.7,9.75,21.7,,,0,,2.76,59.9,66.4,9.26,20.4,,,8
1590592706,10.9,8.5,26,32.8,,2.76,64.7,69.7,9.75,21.7,,,0,,2.76,59.9,66.4,9.26,20.4,,,8
1590592887,10.9,8.3,26.7,32.6,,2.75,64.5,68.7,9.44,22,,,0,,2.72,59.7,65.7,9,21.1,,,8
1590592887,10.9,8.3,26.7,32.6,,2.75,64.5,68.7,9.44,22,,,0,,2.72,59.7,65.7,9,21.1,,,8
1590593068,10.9,8.1,27.9,33.6,,2.76,65.3,70.8,9.95,21.9,,,0,,2.56,61.8,67.1,9.47,21.4,,,8
1590593068,10.9,8.1,27.9,33.6,,2.76,65.3,70.8,9.95,21.9,,,0,,2.56,61.8,67.1,9.47,21.4,,,8
1590593248,11,8.4,28.5,34,,2.85,66.2,66.2,9.52,21.1,,,0,,2.71,63.5,66.7,9.22,21.2,,,8
1590593248,11,8.4,28.5,34,,2.85,66.2,66.2,9.52,21.1,,,0,,2.71,63.5,66.7,9.22,21.2,,,8
1590593428,11.1,9.5,27.4,32.4,,2.85,64.6,72.4,9.62,22.3,,,0,,3.36,62.5,0,6.61,0,,,8
1590593428,11.1,9.5,27.4,32.4,,2.85,64.6,72.4,9.62,22.3,,,0,,3.36,62.5,0,6.61,0,,,8
1590593609,11.6,9.8,26.9,31.3,,2.82,62.6,83.4,9.78,24,,,0,,3.62,57,0,6.37,0,,,8
1590593609,11.6,9.8,26.9,31.3,,2.82,62.6,83.4,9.78,24,,,0,,3.62,57,0,6.37,0,,,8
1590593789,11.8,9.7,26.2,31,,2.91,61,80.3,9.34,30.9,,,0,,3.66,52.7,0,6.2,0,,,8
1590593789,11.8,9.7,26.2,31,,2.91,61,80.3,9.34,30.9,,,0,,3.66,52.7,0,6.2,0,,,8
1590593969,11.9,9,26.1,31.9,,2.66,60.1,92.5,8.48,30.5,,,0,,2.88,59.1,49,7.18,16,,,8
1590593969,11.9,9,26.1,31.9,,2.66,60.1,92.5,8.48,30.5,,,0,,2.88,59.1,49,7.18,16,,,8
1590594150,11.5,8.4,25.9,34.1,,2.66,60.3,80.2,8.16,24.1,,,0,,2.65,61.9,65.5,7.6,22.4,,,8
1590594150,11.5,8.4,25.9,34.1,,2.66,60.3,80.2,8.16,24.1,,,0,,2.65,61.9,65.5,7.6,22.4,,,8
1590594330,11.3,8.7,27.1,34,,2.86,60.2,74,8.89,21.7,,,0,,2.77,61.8,69.3,8.68,19.8,,,8
1590594330,11.3,8.7,27.1,34,,2.86,60.2,74,8.89,21.7,,,0,,2.77,61.8,69.3,8.68,19.8,,,8
1590594511,11.1,8.8,28.4,35,,2.88,61.1,68.6,8.4,20.7,,,0,,2.81,62.5,65.7,8.18,19.5,,,8
1590594511,11.1,8.8,28.4,35,,2.88,61.1,68.6,8.4,20.7,,,0,,2.81,62.5,65.7,8.18,19.5,,,8
1590594691,11.1,8.5,27.9,34.6,,2.77,59.7,68.5,8.08,21.8,,,0,,2.69,61.2,65.1,7.87,22.1,,,8
1590594691,11.1,8.5,27.9,34.6,,2.77,59.7,68.5,8.08,21.8,,,0,,2.69,61.2,65.1,7.87,22.1,,,8
1590594872,11,8.6,27.2,34.3,,2.88,59.9,75.2,9.72,21.8,,,0,,2.77,61.7,73.1,9.9,21.6,,,8
1590594872,11,8.6,27.2,34.3,,2.88,59.9,75.2,9.72,21.8,,,0,,2.77,61.7,73.1,9.9,21.6,,,8
1590595052,11,8.4,26.7,33.9,,2.76,59.5,68.5,8.08,20.7,,,0,,2.66,61.1,65.4,7.83,19.5,,,8
1590595052,11,8.4,26.7,33.9,,2.76,59.5,68.5,8.08,20.7,,,0,,2.66,61.1,65.4,7.83,19.5,,,8
