,time,COP,operation_num,running_time
0,2020-01-06 13:52:22,4.151654110710779,0,3
1,2020-01-06 13:55:22,3.7145805222636694,0,3
2,2020-01-06 13:58:22,3.591987105687311,0,3
3,2020-01-06 14:01:22,3.4166932143994893,0,3
4,2020-01-06 14:04:22,4.271991911021236,0,3
5,2020-01-06 14:07:22,4.166324266579014,0,3
6,2020-01-06 14:10:23,4.065757818765032,0,3
7,2020-01-06 14:13:25,3.9433771486349816,0,3
8,2020-01-06 14:16:24,3.545185970759789,0,3
9,2020-01-06 14:32:23,3.6038811027260107,0,3
10,2020-01-06 14:35:24,3.2497538065298075,0,3
11,2020-01-06 14:44:24,4.108257029414144,0,3
12,2020-01-06 14:47:24,3.7019458946369226,0,3
13,2020-01-06 14:50:24,3.627906976744184,0,3
14,2020-01-06 15:05:29,3.676932746700192,0,3
15,2020-01-06 15:08:29,3.2710636675562323,0,3
16,2020-01-06 15:11:29,3.452160618009173,0,3
17,2020-01-06 15:17:32,4.18109846610589,0,3
18,2020-01-06 15:21:18,3.7019458946369284,0,3
19,2020-01-06 15:24:18,3.3145329521749254,0,3
20,2020-01-06 15:27:18,3.3819471817106868,0,3
21,2020-01-06 15:30:18,4.287526427061313,0,3
22,2020-01-06 15:36:19,3.75300721732157,0,3
23,2020-01-06 15:39:19,3.347900733572654,0,3
24,2020-01-06 15:42:19,2.963976288189694,0,3
25,2020-01-06 15:45:20,3.5378525482434426,0,3
26,2020-01-06 15:51:22,4.151654110710773,0,3
27,2020-01-06 15:54:22,3.68939692550256,0,3
28,2020-01-06 15:57:23,3.2926548468800356,0,3
29,2020-01-06 16:00:23,3.3591731266149862,0,3
30,2020-01-06 16:03:24,3.9721609234425372,0,3
31,2020-01-06 16:06:24,3.8458377845344707,0,3
32,2020-01-06 16:09:26,3.4166932143994893,0,3
33,2020-01-06 16:12:26,3.3145329521749196,0,3
34,2020-01-06 16:15:26,3.05379375146817,0,3
35,2020-01-06 16:18:26,3.929141130047853,0,3
36,2020-01-06 16:22:22,4.181098466105884,0,3
37,2020-01-06 16:25:22,3.7401102853032824,0,3
38,2020-01-06 16:28:22,3.3367037411526788,0,3
39,2020-01-06 16:31:22,2.973694243232939,0,3
40,2020-01-06 16:34:23,3.91500752886063,0,3
41,2020-01-06 16:37:24,4.181098466105884,0,3
42,2020-01-06 16:40:24,3.7790697674418583,0,3
43,2020-01-06 16:49:25,2.8050827139774643,0,3
44,2020-01-06 16:52:25,4.001367989056085,0,3
45,2020-01-06 16:55:26,3.873210295456424,0,3
46,2020-01-06 16:58:25,3.452160618009173,0,3
47,2020-01-06 17:01:26,3.043546121429686,0,3
48,2020-01-06 17:04:26,3.013211774704473,0,3
49,2020-01-06 17:07:27,2.748414376321354,0,3
50,2020-01-06 17:13:28,3.8458377845344707,0,3
51,2020-01-06 17:16:29,3.765993401464551,0,3
52,2020-01-06 17:19:30,3.3591731266149862,0,3
53,2020-01-06 17:23:29,2.963976288189694,0,3
54,2020-01-06 17:26:29,3.929141130047853,0,3
55,2020-01-06 17:29:31,4.1959778200777915,0,3
56,2020-01-06 17:32:31,4.065757818765032,0,3
57,2020-01-06 17:35:38,3.6522553457156213,0,3
58,2020-01-06 17:38:38,3.3035576774988438,0,3
59,2020-01-06 17:41:37,3.873210295456424,0,3
60,2020-01-06 17:47:38,4.122621564482026,0,3
61,2020-01-06 17:50:43,3.7273016884358054,0,3
62,2020-01-06 17:53:44,3.3367037411526788,0,3
63,2020-01-06 17:56:41,2.6939903292654854,0,3
64,2020-01-06 17:59:42,3.957716701902746,0,3
65,2020-01-06 18:02:43,4.181098466105884,0,3
66,2020-01-06 18:05:43,3.7790697674418583,0,3
67,2020-01-06 18:08:44,3.3591731266149862,0,3
68,2020-01-06 18:11:46,3.0032342522716773,0,3
69,2020-01-06 18:14:46,3.0744974379188017,0,3
70,2020-01-07 11:27:29,4.190651623301861,0,3
71,2020-01-07 11:30:29,3.7912211171763968,0,3
72,2020-01-07 11:43:19,4.1631719405261105,0,3
73,2020-01-07 11:46:19,3.815759765184011,0,3
74,2020-01-07 11:55:19,4.275311252055434,0,3
75,2020-01-07 11:58:19,4.218496484586258,0,3
76,2020-01-07 12:01:20,3.815759765184011,0,3
77,2020-01-07 12:16:31,3.8281485955904526,0,3
78,2020-01-07 12:28:31,4.246713852376144,0,3
79,2020-01-07 12:31:31,3.840618134989776,0,3
80,2020-01-07 12:47:29,4.218496484586269,0,3
81,2020-01-07 12:50:30,3.8157597651840165,0,3
82,2020-01-07 13:02:33,3.9042045279531825,0,3
83,2020-01-07 13:05:34,3.5222397832467807,0,3
84,2020-01-07 13:17:44,4.218496484586264,0,3
85,2020-01-07 13:20:37,3.8157597651840165,0,3
86,2020-01-07 13:36:25,3.865802516202823,0,3
87,2020-01-07 13:51:41,3.9042045279531825,0,3
88,2020-01-07 13:54:29,3.5567715458276368,0,3
89,2020-01-07 14:06:30,4.204527953180343,0,3
90,2020-01-07 14:09:41,3.84061813498977,0,3
91,2020-01-07 14:21:36,4.232558139534879,0,3
92,2020-01-07 14:24:36,3.84061813498977,0,3
93,2020-01-07 14:37:27,4.232558139534879,0,3
94,2020-01-07 14:40:27,3.84061813498977,0,3
95,2020-01-07 14:52:37,4.289754871150215,0,3
96,2020-01-07 14:55:30,4.204527953180349,0,3
97,2020-01-07 14:58:30,3.84061813498977,0,3
98,2020-01-07 15:10:35,4.204527953180343,0,3
99,2020-01-07 15:13:35,3.84061813498977,0,3
100,2020-01-07 15:28:45,3.865802516202823,0,3
101,2020-01-07 15:41:30,4.289754871150226,0,3
102,2020-01-07 15:44:31,4.190651623301871,0,3
103,2020-01-07 15:47:31,4.01044138585667,0,3
104,2020-01-07 15:59:35,4.246713852376144,0,3
105,2020-01-07 16:02:36,3.828148595590458,0,3
106,2020-01-07 16:17:39,4.260964570001562,0,3
107,2020-01-07 16:20:44,3.865802516202823,0,3
108,2020-01-07 16:23:41,3.5222397832467807,0,3
109,2020-01-07 16:35:44,3.9171753071158175,0,3
110,2020-01-07 16:39:34,3.510877719429861,0,3
111,2020-01-07 16:51:35,3.9433771486349873,0,3
112,2020-01-07 16:54:35,3.8531691746466046,0,3
113,2020-01-07 17:06:38,4.275311252055439,0,3
114,2020-01-07 17:09:38,3.840618134989776,0,3
115,2020-01-07 17:12:39,4.051786142411894,0,3
116,2020-01-07 17:21:47,4.024128899118979,0,3
117,2020-01-07 17:40:35,3.930232558139537,0,3
118,2020-01-07 17:43:35,3.5567715458276368,0,3
119,2020-01-07 17:49:35,4.151654110710773,0,3
120,2020-01-07 17:52:38,4.0517861424118875,0,3
121,2020-01-07 17:55:37,3.9566099578585883,0,3
122,2020-01-07 17:58:37,3.2603739170086627,0,3
123,2020-01-07 18:01:37,4.166324266579014,0,3
124,2020-01-07 18:07:37,3.8054968287526463,0,3
125,2020-01-07 18:10:48,3.6645525017618077,0,3
126,2020-01-07 18:13:47,2.9834761321909427,0,3
127,2020-01-07 18:16:42,3.500611995104038,0,3
128,2020-01-07 18:22:44,4.166324266579008,0,3
129,2020-01-07 18:25:45,3.4050321454083647,0,3
130,2020-01-07 18:28:45,3.013211774704473,0,3
131,2020-01-08 08:13:45,3.1885901162790766,0,3
132,2020-01-08 08:16:46,3.233428678025121,0,3
133,2020-01-08 08:19:47,3.0316771393405486,0,3
134,2020-01-08 08:22:47,2.1738457250797394,0,3
135,2020-01-08 08:25:48,2.039677835500854,0,3
136,2020-01-08 08:28:48,1.834334988241443,0,3
137,2020-01-08 08:31:49,1.7783857729138155,0,3
138,2020-01-08 08:34:49,1.84469846275128,0,3
139,2020-01-08 08:37:51,2.502004811547717,0,3
140,2020-01-08 08:40:51,2.824495051098416,0,3
141,2020-01-08 08:43:51,3.127506014434643,0,3
142,2020-01-08 08:46:51,3.127506014434643,0,3
143,2020-01-08 08:49:51,3.0849549121974373,0,3
144,2020-01-08 08:52:51,3.1167585710860704,0,3
145,2020-01-08 08:55:51,3.106084740363173,0,3
146,2020-01-08 08:58:52,3.1167585710860704,0,3
147,2020-01-08 09:01:53,3.4284344281946764,0,3
148,2020-01-08 09:04:55,3.4402566158781065,0,3
149,2020-01-08 09:08:43,3.8054968287526463,0,3
150,2020-01-08 09:11:43,3.537852548243449,0,3
151,2020-01-08 09:17:55,3.873210295456424,0,3
152,2020-01-08 09:20:54,3.8322961021945607,0,3
153,2020-01-08 09:23:47,4.151654110710773,0,3
154,2020-01-08 09:26:55,3.859475507174664,0,3
155,2020-01-08 09:29:55,4.210963455149498,0,3
156,2020-01-08 09:32:57,3.8322961021945607,0,3
157,2020-01-08 09:35:56,4.18109846610589,0,3
158,2020-01-08 09:38:56,4.18109846610589,0,3
159,2020-01-08 09:42:00,4.210963455149504,0,3
160,2020-01-08 09:54:03,4.166324266579014,0,3
161,2020-01-08 09:57:01,4.195977820077798,0,3
162,2020-01-08 10:00:01,4.10825702941415,0,3
163,2020-01-08 10:03:06,4.079826184919935,0,3
164,2020-01-08 10:06:11,4.0657578187650385,0,3
165,2020-01-08 10:09:44,4.024128899118979,0,3
166,2020-01-08 10:15:44,3.6769327467001864,0,3
167,2020-01-08 10:18:45,3.6769327467001864,0,3
168,2020-01-08 10:21:45,3.664552501761802,0,3
169,2020-01-08 10:24:45,3.664552501761802,0,3
170,2020-01-08 10:27:45,4.024128899118974,0,3
171,2020-01-08 10:30:45,3.9566099578585883,0,3
172,2020-01-08 10:33:47,3.930232558139531,0,3
173,2020-01-08 10:36:47,3.9171753071158117,0,3
174,2020-01-08 10:39:48,3.615854129645366,0,3
175,2020-01-08 10:42:48,3.6038811027260107,0,3
176,2020-01-08 10:51:54,3.6038811027260107,0,3
177,2020-01-08 10:54:53,3.627906976744184,0,3
178,2020-01-08 10:57:53,3.615854129645366,0,3
179,2020-01-08 11:00:53,3.664552501761802,0,3
180,2020-01-08 11:03:53,3.6522553457156213,0,3
181,2020-01-08 11:06:54,3.591987105687311,0,3
182,2020-01-08 11:10:48,3.6769327467001864,0,3
183,2020-01-08 11:13:59,3.6522553457156213,0,3
184,2020-01-08 11:16:59,3.9566099578585883,0,3
185,2020-01-08 11:20:01,3.9833438089252007,0,3
186,2020-01-08 11:22:54,4.0517861424118875,0,3
187,2020-01-08 11:26:03,3.9833438089252007,0,3
188,2020-01-08 11:29:04,3.9433771486349816,0,3
189,2020-01-08 11:32:06,3.9433771486349816,0,3
190,2020-01-08 11:34:59,3.9699318769086176,0,3
191,2020-01-08 11:37:59,4.010441385856665,0,3
192,2020-01-08 11:50:02,4.065757818765032,0,3
193,2020-01-08 11:59:04,4.2412581562656815,0,3
194,2020-01-08 12:20:54,4.225046944966055,0,3
195,2020-01-08 12:23:53,3.894992152946213,0,3
196,2020-01-08 12:26:53,2.7073932662270006,0,3
197,2020-01-08 12:32:55,4.031007751937982,0,3
198,2020-01-08 12:36:01,3.986710963455147,0,3
199,2020-01-08 12:39:02,3.9721609234425372,0,3
200,2020-01-08 12:42:03,4.287526427061307,0,3
201,2020-01-08 12:45:03,4.27199191102123,0,3
202,2020-01-08 13:03:12,4.271991911021236,0,3
203,2020-01-08 13:12:54,3.929141130047853,0,3
204,2020-01-08 13:19:03,4.27199191102123,0,3
205,2020-01-08 13:22:04,4.287526427061307,0,3
206,2020-01-08 13:25:04,3.929141130047853,0,3
207,2020-01-09 09:23:11,3.556771545827631,0,3
208,2020-01-09 09:26:11,3.666162586340784,0,3
209,2020-01-09 09:30:03,3.3934504034171797,0,3
210,2020-01-09 09:33:03,2.5572652561636646,0,3
211,2020-01-09 09:36:03,2.261787391985153,0,3
212,2020-01-09 09:39:03,1.950487621905481,0,3
213,2020-01-09 09:42:03,2.610005019240424,0,3
214,2020-01-09 09:45:03,3.9009752438109566,0,3
215,2020-01-09 09:48:04,3.8458377845344764,0,3
216,2020-01-09 09:51:04,3.500611995104044,0,3
217,2020-01-09 09:54:05,3.779069767441864,0,3
218,2020-01-09 09:57:07,3.85947550717467,0,3
219,2020-01-09 10:00:07,3.85947550717467,0,3
220,2020-01-09 10:09:11,4.287526427061313,0,3
221,2020-01-09 10:12:12,3.8870431893687685,0,3
222,2020-01-09 10:15:12,3.859475507174664,0,3
223,2020-01-09 10:18:13,3.8870431893687685,0,3
224,2020-01-09 10:21:13,3.91500752886063,0,3
225,2020-01-09 10:31:14,4.031007751937982,0,3
226,2020-01-09 10:37:10,4.07629997386987,0,3
227,2020-01-09 10:43:11,4.031007751937982,0,3
228,2020-01-09 10:55:12,3.8785189718482274,0,3
229,2020-01-09 10:58:22,3.34677765382305,0,3
230,2020-01-09 11:01:22,4.287526427061313,0,3
231,2020-01-09 11:19:27,3.957716701902746,0,3
232,2020-01-09 11:33:12,3.4883720930232545,0,3
233,2020-01-09 11:36:13,3.4883720930232545,0,3
234,2020-01-09 11:39:13,3.7922372579207497,0,3
235,2020-01-09 11:42:14,3.7790697674418583,0,3
236,2020-01-09 11:45:14,3.4284344281946764,0,3
237,2020-01-09 11:48:15,3.75300721732157,0,3
238,2020-01-09 11:51:15,3.381947181710681,0,3
239,2020-01-09 11:54:16,3.3591731266149862,0,3
240,2020-01-09 11:57:16,3.676932746700192,0,3
241,2020-01-09 12:00:16,3.336703741152684,0,3
242,2020-01-09 12:03:16,3.325581395348842,0,3
243,2020-01-09 12:06:17,3.3145329521749254,0,3
244,2020-01-09 12:12:17,3.336703741152684,0,3
245,2020-01-09 12:15:17,3.336703741152684,0,3
246,2020-01-09 12:18:17,3.7019458946369284,0,3
247,2020-01-09 12:21:18,3.714580522263675,0,3
248,2020-01-09 12:24:18,3.714580522263675,0,3
249,2020-01-09 12:28:03,3.652255345715627,0,3
250,2020-01-09 12:31:02,3.714580522263675,0,3
251,2020-01-09 12:34:02,3.7019458946369284,0,3
252,2020-01-09 12:37:02,3.640040444893836,0,3
253,2020-01-09 12:40:03,3.652255345715627,0,3
254,2020-01-09 12:43:03,3.7273016884358112,0,3
255,2020-01-09 12:46:03,3.640040444893836,0,3
256,2020-01-09 12:49:04,3.347900733572654,0,3
257,2020-01-09 12:52:04,3.2603739170086627,0,3
258,2020-01-09 12:55:04,3.3145329521749196,0,3
259,2020-01-09 12:58:11,3.2818237454100356,0,3
260,2020-01-09 13:01:13,3.2710636675562323,0,3
261,2020-01-09 13:04:08,2.9447296889157353,0,3
262,2020-01-09 13:07:08,2.9351998193723188,0,3
263,2020-01-09 13:10:08,2.9163239362895386,0,3
264,2020-01-09 13:13:09,2.954321642299826,0,3
265,2020-01-09 13:16:10,2.8976892785496693,0,3
266,2020-01-09 13:19:11,2.9257314328582145,0,3
267,2020-01-09 13:22:21,3.2287198013095497,0,3
268,2020-01-09 13:25:14,2.9257314328582145,0,3
269,2020-01-09 13:28:59,2.9069767441860463,0,3
270,2020-01-09 13:31:59,2.954321642299826,0,3
271,2020-01-09 13:35:00,2.9163239362895386,0,3
272,2020-01-09 13:38:01,2.9257314328582145,0,3
273,2020-01-09 13:41:02,2.8792912513842746,0,3
274,2020-01-09 13:44:02,4.241258156265688,0,3
275,2020-01-09 13:47:02,4.166324266579008,0,3
276,2020-01-09 13:50:02,3.873210295456424,0,3
277,2020-01-09 13:53:02,3.8458377845344707,0,3
278,2020-01-09 13:56:02,3.7790697674418583,0,3
279,2020-01-09 13:59:02,3.7145805222636694,0,3
280,2020-01-09 14:02:03,3.3705216844751718,0,3
281,2020-01-09 14:05:03,3.3145329521749196,0,3
282,2020-01-09 14:08:04,2.9834761321909427,0,3
283,2020-01-09 14:11:04,2.9834761321909427,0,3
284,2020-01-09 14:14:05,2.9933225880727607,0,3
285,2020-01-09 14:17:05,2.9834761321909427,0,3
286,2020-01-09 14:23:06,3.91500752886063,0,3
287,2020-01-09 14:26:07,3.8322961021945607,0,3
288,2020-01-09 14:30:11,3.75300721732157,0,3
289,2020-01-09 14:33:11,3.3591731266149862,0,3
290,2020-01-09 14:36:12,3.3591731266149862,0,3
291,2020-01-09 14:39:12,3.325581395348836,0,3
292,2020-01-09 14:42:13,2.9933225880727607,0,3
293,2020-01-09 14:45:13,3.5129380936783483,0,3
294,2020-01-09 14:51:14,4.181098466105884,0,3
295,2020-01-09 14:54:14,4.122621564482026,0,3
296,2020-01-09 14:57:14,3.75300721732157,0,3
297,2020-01-09 15:00:22,3.7790697674418583,0,3
298,2020-01-09 15:03:20,3.7401102853032824,0,3
299,2020-01-09 15:06:20,3.3591731266149862,0,3
300,2020-01-09 15:09:20,3.3934504034171797,0,3
301,2020-01-09 15:12:21,3.347900733572654,0,3
302,2020-01-09 15:15:21,3.7530072173215756,0,3
303,2020-01-09 15:18:30,3.6893969255025656,0,3
304,2020-01-09 15:21:29,3.714580522263675,0,3
305,2020-01-09 15:24:29,3.325581395348842,0,3
306,2020-01-09 15:31:07,3.359173126614992,0,3
307,2020-01-09 15:34:07,3.3145329521749254,0,3
308,2020-01-09 15:37:08,3.2926548468800414,0,3
309,2020-01-09 15:40:08,3.2818237454100414,0,3
310,2020-01-09 15:43:10,3.2926548468800414,0,3
311,2020-01-09 15:46:13,3.0849549121974373,0,3
312,2020-01-09 15:52:14,3.9150075288606363,0,3
313,2020-01-09 15:55:15,4.195977820077798,0,3
314,2020-01-09 16:01:17,3.7273016884358112,0,3
315,2020-01-09 16:04:18,3.714580522263675,0,3
316,2020-01-09 16:07:18,3.740110285303288,0,3
317,2020-01-09 16:10:20,3.7273016884358112,0,3
318,2020-01-09 16:13:21,3.740110285303288,0,3
319,2020-01-09 16:16:22,3.7273016884358112,0,3
320,2020-01-09 16:19:24,3.7019458946369284,0,3
321,2020-01-09 16:22:25,3.6645525017618077,0,3
322,2020-01-09 16:25:26,3.325581395348842,0,3
323,2020-01-09 16:28:26,3.6645525017618077,0,3
324,2020-01-09 16:32:11,3.325581395348842,0,3
325,2020-01-09 16:35:11,3.0032342522716773,0,3
326,2020-01-09 16:38:11,2.9933225880727607,0,3
327,2020-01-09 16:41:12,3.3145329521749196,0,3
328,2020-01-09 16:44:11,2.9834761321909427,0,3
329,2020-01-09 16:53:12,3.929141130047853,0,3
330,2020-01-09 16:56:12,3.7922372579207497,0,3
331,2020-01-09 16:59:12,3.75300721732157,0,3
332,2020-01-09 17:02:13,3.68939692550256,0,3
333,2020-01-09 17:05:13,3.325581395348836,0,3
334,2020-01-09 17:08:13,3.2710636675562323,0,3
335,2020-01-09 17:11:13,3.2276752462136886,0,3
336,2020-01-09 17:14:21,4.1959778200777915,0,3
337,2020-01-09 17:17:16,4.13708690330477,0,3
338,2020-01-09 17:20:16,3.7790697674418583,0,3
339,2020-01-09 17:26:17,3.3705216844751718,0,3
340,2020-01-09 17:29:17,3.0032342522716773,0,3
341,2020-01-10 08:11:58,3.291447861965486,0,3
342,2020-01-10 08:14:59,3.9747984804966165,0,3
343,2020-01-10 08:18:58,3.4576826024688008,0,3
344,2020-01-10 08:21:58,2.26429700351579,0,3
345,2020-01-10 08:24:59,1.8212384421406553,0,3
346,2020-01-10 08:28:02,1.9297377535873323,0,3
347,2020-01-10 08:31:00,1.7386135671298006,0,3
348,2020-01-10 08:34:00,2.3086680761099343,0,3
349,2020-01-10 08:37:02,2.5548640681297052,0,3
350,2020-01-10 08:40:02,2.824495051098416,0,3
351,2020-01-10 08:43:02,3.106084740363173,0,3
352,2020-01-10 08:46:02,2.7391915092867185,0,3
353,2020-01-10 08:49:02,2.7391915092867185,0,3
354,2020-01-10 08:52:02,2.730030333670375,0,3
355,2020-01-10 08:55:05,2.418604651162793,0,3
356,2020-01-10 08:58:05,2.4186046511627874,0,3
357,2020-01-10 09:01:05,2.4186046511627874,0,3
358,2020-01-10 09:04:07,2.4595979503350383,0,3
359,2020-01-10 09:07:08,4.016133184587657,0,3
360,2020-01-10 09:10:11,3.929141130047859,0,3
361,2020-01-10 09:13:12,3.5631229235880446,0,3
362,2020-01-10 09:16:11,3.4883720930232545,0,3
363,2020-01-10 09:19:59,3.452160618009173,0,3
364,2020-01-10 09:23:10,3.05379375146817,0,3
365,2020-01-10 09:26:07,2.730030333670375,0,3
366,2020-01-10 09:29:03,2.6851285189718492,0,3
367,2020-01-10 09:32:03,2.874222076645923,0,3
368,2020-01-10 09:35:04,4.27199191102123,0,3
369,2020-01-10 09:38:04,3.859475507174664,0,3
370,2020-01-10 09:41:05,3.7530072173215756,0,3
371,2020-01-10 09:44:05,3.4402566158781123,0,3
372,2020-01-10 09:47:06,3.0849549121974373,0,3
373,2020-01-10 09:50:07,3.347900733572654,0,3
374,2020-01-10 09:53:08,3.0032342522716773,0,3
375,2020-01-10 09:56:08,2.6763248189096465,0,3
376,2020-01-10 09:59:08,3.013211774704473,0,3
377,2020-01-10 10:02:08,3.0032342522716773,0,3
378,2020-01-10 10:05:08,3.5758939734933723,0,3
379,2020-01-10 10:08:08,4.241258156265688,0,3
380,2020-01-10 10:11:09,4.151654110710773,0,3
381,2020-01-10 10:14:09,3.75300721732157,0,3
382,2020-01-10 10:17:10,3.4284344281946764,0,3
383,2020-01-10 10:21:04,3.3367037411526788,0,3
384,2020-01-10 10:24:05,3.013211774704473,0,3
385,2020-01-10 10:27:05,3.013211774704473,0,3
386,2020-01-10 10:30:07,2.973694243232939,0,3
387,2020-01-10 10:33:07,4.27199191102123,0,3
388,2020-01-10 10:36:08,4.1959778200777915,0,3
389,2020-01-10 10:39:08,3.75300721732157,0,3
390,2020-01-10 10:42:09,3.714580522263675,0,3
391,2020-01-10 10:45:09,3.62790697674419,0,3
392,2020-01-10 10:48:09,3.336703741152684,0,3
393,2020-01-10 10:51:10,3.2710636675562377,0,3
394,2020-01-10 10:54:10,2.9447296889157353,0,3
395,2020-01-10 10:57:14,3.9009752438109566,0,3
396,2020-01-10 11:00:10,4.166324266579014,0,3
397,2020-01-10 11:03:10,4.122621564482031,0,3
398,2020-01-10 11:06:12,3.7019458946369284,0,3
399,2020-01-10 11:09:14,3.6158541296453715,0,3
400,2020-01-10 11:12:14,3.2710636675562323,0,3
401,2020-01-10 11:15:15,3.4883720930232545,0,3
402,2020-01-10 11:22:08,4.10825702941415,0,3
403,2020-01-10 11:25:07,3.714580522263675,0,3
404,2020-01-10 11:28:07,3.2926548468800414,0,3
405,2020-01-10 11:31:08,2.963976288189694,0,3
406,2020-01-10 11:34:08,4.241258156265688,0,3
407,2020-01-10 11:37:08,4.166324266579014,0,3
408,2020-01-10 11:40:08,3.7273016884358112,0,3
409,2020-01-10 11:43:08,3.359173126614992,0,3
410,2020-01-10 11:46:08,3.2710636675562323,0,3
411,2020-01-10 11:49:09,3.3705216844751775,0,3
412,2020-01-10 11:55:10,4.151654110710779,0,3
413,2020-01-10 11:58:10,3.7530072173215756,0,3
414,2020-01-10 12:01:12,3.6645525017618077,0,3
415,2020-01-10 12:04:12,3.2818237454100414,0,3
416,2020-01-10 12:07:13,3.0744974379188017,0,3
417,2020-01-10 12:13:14,4.137086903304776,0,3
418,2020-01-10 12:16:14,3.7273016884358112,0,3
419,2020-01-10 12:19:15,3.3145329521749254,0,3
420,2020-01-10 12:23:08,2.973694243232939,0,3
421,2020-01-10 12:26:09,4.287526427061313,0,3
422,2020-01-10 12:29:10,4.151654110710779,0,3
423,2020-01-10 12:32:15,3.740110285303288,0,3
424,2020-01-10 12:35:11,3.325581395348836,0,3
425,2020-01-10 12:38:11,2.963976288189694,0,3
426,2020-01-10 12:41:14,3.900975243810951,0,3
427,2020-01-10 12:44:14,4.181098466105884,0,3
428,2020-01-10 12:47:17,3.765993401464551,0,3
429,2020-01-10 12:50:16,3.347900733572654,0,3
430,2020-01-10 12:53:21,2.963976288189694,0,3
431,2020-01-10 12:56:21,3.5129380936783483,0,3
432,2020-01-10 13:02:23,4.122621564482026,0,3
433,2020-01-10 13:05:24,3.7145805222636694,0,3
434,2020-01-10 13:08:24,3.2926548468800356,0,3
435,2020-01-10 13:11:26,3.033367037411527,0,3
436,2020-01-10 13:17:26,4.181098466105884,0,3
437,2020-01-10 13:20:28,3.7273016884358054,0,3
438,2020-01-10 13:24:13,2.9933225880727607,0,3
439,2020-01-10 13:33:13,4.151654110710773,0,3
440,2020-01-10 13:36:14,3.68939692550256,0,3
441,2020-01-10 13:39:13,3.0032342522716773,0,3
442,2020-01-10 13:42:14,2.9933225880727607,0,3
443,2020-01-10 13:48:14,4.166324266579008,0,3
444,2020-01-10 13:51:15,3.7401102853032824,0,3
445,2020-01-10 13:54:15,3.6038811027260165,0,3
446,2020-01-10 13:57:15,3.239202657807313,0,3
447,2020-01-10 14:00:15,4.226056514128534,0,3
448,2020-01-10 14:03:15,4.18109846610589,0,3
449,2020-01-10 14:06:16,4.0657578187650385,0,3
450,2020-01-10 14:09:17,3.325581395348836,0,3
451,2020-01-10 14:12:18,2.954321642299826,0,3
452,2020-01-10 14:15:18,3.5253513024899323,0,3
453,2020-01-10 14:21:19,4.122621564482031,0,3
454,2020-01-10 14:25:15,3.652255345715627,0,3
455,2020-01-10 14:28:14,3.2926548468800414,0,3
456,2020-01-10 14:31:13,3.8458377845344764,0,3
457,2020-01-10 14:37:24,4.166324266579014,0,3
458,2020-01-10 14:40:16,3.4166932143994893,0,3
459,2020-01-10 14:43:21,3.347900733572654,0,3
460,2020-01-10 14:46:20,2.963976288189694,0,3
461,2020-01-10 14:49:20,3.873210295456424,0,3
462,2020-01-10 14:55:22,4.13708690330477,0,3
463,2020-01-10 14:58:29,3.7401102853032824,0,3
464,2020-01-10 15:01:24,3.347900733572654,0,3
465,2020-01-10 15:04:31,2.9834761321909427,0,3
466,2020-01-10 15:07:31,3.500611995104038,0,3
467,2020-01-10 15:14:29,3.8054968287526405,0,3
468,2020-01-10 15:17:29,3.7145805222636694,0,3
469,2020-01-10 15:20:28,3.325581395348836,0,3
470,2020-01-10 15:23:28,2.963976288189694,0,3
471,2020-01-10 15:26:29,3.8870431893687685,0,3
472,2020-01-10 15:29:39,4.151654110710773,0,3
473,2020-01-10 15:32:31,3.75300721732157,0,3
474,2020-01-10 15:35:31,3.325581395348836,0,3
475,2020-01-10 15:38:31,2.954321642299826,0,3
476,2020-01-10 15:41:31,3.8458377845344764,0,3
477,2020-01-10 15:47:31,4.137086903304776,0,3
478,2020-01-10 15:50:32,3.7019458946369284,0,3
479,2020-01-10 15:53:32,3.325581395348842,0,3
480,2020-01-10 15:56:33,2.9834761321909427,0,3
481,2020-01-10 15:59:37,3.8870431893687747,0,3
482,2020-01-10 16:02:36,4.195977820077798,0,3
483,2020-01-10 16:05:37,3.8054968287526463,0,3
484,2020-01-10 16:08:37,3.676932746700192,0,3
485,2020-01-10 16:11:38,3.2710636675562377,0,3
486,2020-01-10 16:15:33,3.85947550717467,0,3
487,2020-01-10 16:21:35,4.122621564482031,0,3
488,2020-01-10 16:24:35,3.714580522263675,0,3
489,2020-01-10 16:27:36,3.3035576774988495,0,3
490,2020-01-10 16:30:38,3.46414728682171,0,3
491,2020-01-10 16:36:42,3.8458377845344764,0,3
492,2020-01-10 16:39:42,4.051786142411894,0,3
493,2020-01-10 16:42:42,3.2926548468800356,0,3
494,2020-01-10 16:45:42,2.9447296889157353,0,3
495,2020-01-10 16:48:42,4.256569557551839,0,3
496,2020-01-10 16:51:44,4.181098466105884,0,3
497,2020-01-10 16:54:44,4.065757818765032,0,3
498,2020-01-10 16:57:45,3.0232558139534884,0,3
499,2020-01-10 17:00:45,2.954321642299826,0,3
500,2020-01-10 17:03:54,3.8870431893687685,0,3
501,2020-01-10 17:06:48,4.1959778200777915,0,3
502,2020-01-10 17:09:49,3.7790697674418583,0,3
503,2020-01-10 17:12:49,3.3591731266149862,0,3
504,2020-01-10 17:16:35,2.963976288189694,0,3
505,2020-01-10 17:19:35,4.27199191102123,0,3
506,2020-01-10 17:22:41,4.18109846610589,0,3
507,2020-01-10 17:25:38,3.7530072173215756,0,3
508,2020-01-10 17:28:42,3.3145329521749254,0,3
509,2020-01-13 09:43:57,3.6645525017618126,0,3
510,2020-01-13 09:46:58,3.839055001845697,0,3
511,2020-01-13 09:49:59,3.2488719194724034,0,3
512,2020-01-13 09:53:00,2.156900699610097,0,3
513,2020-01-13 09:56:43,1.670488044546349,0,3
514,2020-01-13 09:59:43,1.807573816080047,0,3
515,2020-01-13 10:02:43,1.9585876535579059,0,3
516,2020-01-13 10:05:43,2.44394931068096,0,3
517,2020-01-13 10:08:43,2.2755688922230535,0,3
518,2020-01-13 10:11:43,2.2513607125185584,0,3
519,2020-01-13 10:14:44,2.2355060596134986,0,3
520,2020-01-13 10:17:44,2.5638918563563178,0,3
521,2020-01-13 10:20:45,2.8946066303810007,0,3
522,2020-01-13 10:23:45,3.182374541003672,0,3
523,2020-01-13 10:26:47,2.874222076645923,0,3
524,2020-01-13 10:29:47,3.14922480620155,0,3
525,2020-01-13 10:32:48,2.844177943440565,0,3
526,2020-01-13 10:35:48,2.844177943440565,0,3
527,2020-01-13 10:38:49,3.193580085162136,0,3
528,2020-01-13 10:41:49,3.2162295893122215,0,3
529,2020-01-13 10:44:49,3.204864820445394,0,3
530,2020-01-13 10:47:50,3.182374541003672,0,3
531,2020-01-13 10:50:50,3.182374541003672,0,3
532,2020-01-13 10:53:50,2.8641370869033,0,3
533,2020-01-13 10:57:47,2.834302325581391,0,3
534,2020-01-13 11:00:47,2.8742220766459177,0,3
535,2020-01-13 11:03:48,2.88437833840085,0,3
536,2020-01-13 11:06:48,3.193580085162136,0,3
537,2020-01-13 11:09:49,2.88437833840085,0,3
538,2020-01-13 11:12:49,2.8641370869033,0,3
539,2020-01-13 11:15:50,2.8742220766459177,0,3
540,2020-01-13 11:18:50,2.8742220766459177,0,3
541,2020-01-13 11:21:51,2.894606630380995,0,3
542,2020-01-13 11:30:52,3.001025991792061,0,3
543,2020-01-13 11:33:52,3.0232558139534835,0,3
544,2020-01-13 11:36:52,2.9682875264270567,0,3
545,2020-01-13 11:39:52,3.01209988844074,0,3
546,2020-01-13 11:42:53,2.6774221230584363,0,3
547,2020-01-13 11:45:54,2.687338501291986,0,3
548,2020-01-13 11:48:54,3.0232558139534893,0,3
549,2020-01-13 11:51:55,2.990033222591363,0,3
550,2020-01-13 11:54:56,3.001025991792067,0,3
551,2020-01-13 11:58:51,3.359173126614987,0,3
552,2020-01-13 12:01:51,3.359173126614987,0,3
553,2020-01-13 12:04:52,3.359173126614987,0,3
554,2020-01-13 12:16:52,3.708826834961534,0,3
555,2020-01-13 12:19:53,3.708826834961534,0,3
556,2020-01-13 12:22:53,3.68145541920536,0,3
557,2020-01-13 12:25:53,3.68145541920536,0,3
558,2020-01-13 12:28:53,3.708826834961534,0,3
559,2020-01-13 12:31:54,3.722665741062136,0,3
560,2020-01-13 12:34:54,3.722665741062136,0,3
561,2020-01-13 12:37:54,3.6950904392764845,0,3
562,2020-01-13 12:40:54,3.72266574106213,0,3
563,2020-01-13 12:43:54,3.6679206566347458,0,3
564,2020-01-13 12:46:56,3.6814554192053532,0,3
565,2020-01-13 12:49:56,3.7366083093807148,0,3
566,2020-01-13 12:53:04,3.7506557090400405,0,3
567,2020-01-13 12:56:05,3.72266574106213,0,3
568,2020-01-13 13:00:03,4.07629997386987,0,3
569,2020-01-13 13:02:56,4.031007751937982,0,3
570,2020-01-13 13:05:57,4.016133184587657,0,3
571,2020-01-13 13:08:57,4.0459929108671195,0,3
572,2020-01-13 13:12:04,3.7506557090400405,0,3
573,2020-01-13 13:14:59,4.0459929108671195,0,3
574,2020-01-13 13:17:59,3.7366083093807148,0,3
575,2020-01-13 13:21:00,3.7506557090400405,0,3
576,2020-01-13 13:24:01,3.7366083093807148,0,3
577,2020-01-13 13:27:02,3.764809126810003,0,3
578,2020-01-13 13:30:02,3.7790697674418596,0,3
579,2020-01-13 13:33:12,3.7506557090400405,0,3
580,2020-01-13 13:36:12,3.764809126810003,0,3
581,2020-01-13 13:39:13,3.7506557090400405,0,3
582,2020-01-13 13:42:09,3.7790697674418596,0,3
583,2020-01-13 13:45:11,3.793438854010079,0,3
584,2020-01-13 13:48:11,3.793438854010079,0,3
585,2020-01-13 13:51:12,3.7506557090400405,0,3
586,2020-01-13 13:54:22,3.764809126810003,0,3
587,2020-01-13 13:57:23,3.764809126810003,0,3
588,2020-01-13 14:03:26,4.091624409861861,0,3
589,2020-01-13 14:06:27,4.091624409861861,0,3
590,2020-01-13 14:09:29,4.1070645019745475,0,3
591,2020-01-13 14:12:30,4.061089899340504,0,3
592,2020-01-13 14:15:30,4.031007751937982,0,3
593,2020-01-13 14:18:35,4.061089899340504,0,3
594,2020-01-13 14:21:34,4.016133184587657,0,3
595,2020-01-13 14:24:35,3.6814554192053532,0,3
596,2020-01-13 14:27:38,3.6950904392764845,0,3
597,2020-01-13 14:30:40,4.061089899340504,0,3
598,2020-01-13 14:33:38,4.1070645019745475,0,3
599,2020-01-13 14:36:38,4.1070645019745475,0,3
600,2020-01-13 14:39:39,4.0459929108671195,0,3
601,2020-01-13 14:42:39,4.091624409861861,0,3
602,2020-01-13 14:45:39,4.07629997386987,0,3
603,2020-01-13 14:48:49,4.061089899340504,0,3
604,2020-01-13 14:51:48,4.07629997386987,0,3
605,2020-01-13 14:54:44,4.091624409861861,0,3
606,2020-01-13 14:57:44,3.72266574106213,0,3
607,2020-01-13 15:00:44,3.6814554192053532,0,3
608,2020-01-13 15:04:20,4.001367989056085,0,3
609,2020-01-13 15:07:20,3.6950904392764845,0,3
610,2020-01-13 15:10:20,3.764809126810003,0,3
611,2020-01-13 15:13:21,3.793438854010079,0,3
612,2020-01-13 15:16:21,3.83720930232558,0,3
613,2020-01-13 15:19:21,3.807917628262026,0,3
614,2020-01-13 15:22:24,3.8520247822573395,0,3
615,2020-01-13 15:25:24,3.83720930232558,0,3
616,2020-01-13 15:28:23,3.8520247822573395,0,3
617,2020-01-13 15:31:24,3.8520247822573395,0,3
618,2020-01-13 15:43:24,4.154091958104027,0,3
619,2020-01-13 15:46:24,4.170008019246188,0,3
620,2020-01-13 15:49:24,4.138296931647358,0,3
621,2020-01-13 15:52:25,4.122621564482028,0,3
622,2020-01-13 15:55:25,4.122621564482028,0,3
623,2020-01-13 15:58:25,4.138296931647358,0,3
624,2020-01-13 16:01:26,4.138296931647358,0,3
625,2020-01-13 16:11:30,4.091624409861861,0,3
626,2020-01-13 16:14:30,4.0459929108671195,0,3
627,2020-01-13 16:20:29,4.001367989056085,0,3
628,2020-01-13 16:23:29,4.016133184587657,0,3
629,2020-01-13 16:26:31,4.031007751937982,0,3
630,2020-01-13 16:29:30,4.061089899340504,0,3
631,2020-01-13 16:32:34,3.9721609234425372,0,3
632,2020-01-13 16:35:34,3.986710963455147,0,3
633,2020-01-13 16:41:35,4.039167686658505,0,3
634,2020-01-13 16:44:37,3.9906976744186036,0,3
635,2020-01-13 16:47:38,3.5428779069767438,0,3
636,2020-01-13 16:50:38,3.8225073509756733,0,3
637,2020-01-13 16:53:38,3.7790697674418596,0,3
638,2020-01-13 16:56:39,3.764809126810003,0,3
639,2020-01-13 16:59:39,3.764809126810003,0,3
640,2020-01-13 17:02:48,4.061089899340504,0,3
641,2020-01-13 17:11:45,3.6814554192053532,0,3
642,2020-01-13 17:14:43,3.6950904392764845,0,3
643,2020-01-13 17:17:45,3.6950904392764845,0,3
644,2020-01-13 17:20:45,3.6950904392764845,0,3
645,2020-01-13 17:23:47,3.7366083093807148,0,3
646,2020-01-13 17:26:46,3.764809126810003,0,3
647,2020-01-13 17:29:47,3.7790697674418596,0,3
648,2020-01-13 17:32:49,3.764809126810003,0,3
649,2020-01-13 17:35:56,3.7366083093807148,0,3
650,2020-01-13 17:38:53,3.7088268349615277,0,3
651,2020-01-13 17:41:56,3.72266574106213,0,3
652,2020-01-14 09:33:23,2.965591534123311,0,3
653,2020-01-14 09:36:15,1.838466373350095,0,3
654,2020-01-14 09:39:16,2.0480120030007516,0,3
655,2020-01-14 09:42:16,2.595264780050432,0,3
656,2020-01-14 09:45:20,2.19638242894057,0,3
657,2020-01-14 09:49:08,2.2198731501057085,0,3
658,2020-01-14 09:52:18,1.9610307982400978,0,3
659,2020-01-14 09:55:18,2.054639873560621,0,3
660,2020-01-14 09:58:18,3.359173126614987,0,3
661,2020-01-14 10:01:18,3.563122923588039,0,3
662,2020-01-14 10:04:19,3.500611995104044,0,3
663,2020-01-14 10:07:17,2.795476266326857,0,3
664,2020-01-14 10:10:18,2.7764594209776945,0,3
665,2020-01-14 10:13:18,2.7576995600251424,0,3
666,2020-01-14 10:16:18,2.426693629929224,0,3
667,2020-01-14 10:19:19,2.7029108270445104,0,3
668,2020-01-14 10:22:19,2.426693629929224,0,3
669,2020-01-14 10:25:25,2.459597950335044,0,3
670,2020-01-14 10:31:24,3.9433771486349825,0,3
671,2020-01-14 10:34:24,3.182374541003672,0,3
672,2020-01-14 10:37:24,3.1383278345537944,0,3
673,2020-01-14 10:40:24,2.795476266326857,0,3
674,2020-01-14 10:43:24,2.7670476941269224,0,3
675,2020-01-14 10:46:25,2.767047694126917,0,3
676,2020-01-14 10:50:09,2.757699560025137,0,3
677,2020-01-14 10:53:10,2.785935391697749,0,3
678,2020-01-14 10:59:11,3.6147623862487346,0,3
679,2020-01-14 11:02:12,3.5253513024899323,0,3
680,2020-01-14 11:05:12,3.1167585710860704,0,3
681,2020-01-14 11:08:13,2.7954762663268515,0,3
682,2020-01-14 11:11:13,2.767047694126917,0,3
683,2020-01-14 11:14:15,2.767047694126917,0,3
684,2020-01-14 11:17:15,2.757699560025137,0,3
685,2020-01-14 11:20:16,2.8441779434405596,0,3
686,2020-01-14 11:26:16,3.5378525482434426,0,3
687,2020-01-14 11:29:16,3.500611995104038,0,3
688,2020-01-14 11:32:16,3.1167585710860704,0,3
689,2020-01-14 11:35:17,2.7764594209776945,0,3
690,2020-01-14 11:41:17,2.5821401969709474,0,3
691,2020-01-14 11:44:19,4.001367989056085,0,3
692,2020-01-14 11:47:18,3.873210295456424,0,3
693,2020-01-14 11:51:16,3.16019771493396,0,3
694,2020-01-14 11:54:16,2.795476266326857,0,3
695,2020-01-14 11:57:22,2.7576995600251424,0,3
696,2020-01-14 12:00:20,2.4348368971437457,0,3
697,2020-01-14 12:03:28,2.5548640681297052,0,3
698,2020-01-14 12:06:27,4.287526427061307,0,3
699,2020-01-14 12:09:27,3.550442770835056,0,3
700,2020-01-14 12:12:26,3.171247357293869,0,3
701,2020-01-14 12:15:26,3.127506014434643,0,3
702,2020-01-14 12:18:26,2.7859353916977545,0,3
703,2020-01-14 12:21:27,2.748414376321354,0,3
704,2020-01-14 12:24:27,2.7391915092867185,0,3
705,2020-01-14 12:27:27,2.5548640681297052,0,3
706,2020-01-14 12:30:31,4.27199191102123,0,3
707,2020-01-14 12:33:30,3.5887569014555787,0,3
708,2020-01-14 12:36:34,3.500611995104038,0,3
709,2020-01-14 12:39:33,2.81475541299118,0,3
710,2020-01-14 12:42:33,2.7670476941269224,0,3
711,2020-01-14 12:45:33,2.748414376321354,0,3
712,2020-01-14 12:48:34,2.4430350011745388,0,3
713,2020-01-14 12:55:18,3.91500752886063,0,3
714,2020-01-14 12:58:19,3.5378525482434426,0,3
715,2020-01-14 13:01:19,3.1383278345537944,0,3
716,2020-01-14 13:04:19,3.0954837685530596,0,3
717,2020-01-14 13:07:19,2.7576995600251424,0,3
718,2020-01-14 13:10:19,2.748414376321354,0,3
719,2020-01-14 13:13:23,2.510662267643038,0,3
720,2020-01-14 13:22:23,3.171247357293869,0,3
721,2020-01-14 13:25:23,3.127506014434643,0,3
722,2020-01-14 13:28:23,2.7576995600251424,0,3
723,2020-01-14 13:31:25,2.554864068129711,0,3
724,2020-01-14 13:37:26,3.550442770835056,0,3
725,2020-01-14 13:40:26,3.1383278345537944,0,3
726,2020-01-14 13:43:26,3.106084740363173,0,3
727,2020-01-14 13:46:26,2.7576995600251424,0,3
728,2020-01-14 13:49:30,2.7391915092867185,0,3
729,2020-01-14 13:56:32,3.563122923588039,0,3
730,2020-01-14 13:59:25,3.171247357293869,0,3
731,2020-01-14 14:02:25,2.81475541299118,0,3
732,2020-01-14 14:05:26,2.7670476941269224,0,3
733,2020-01-14 14:08:26,2.451288497800128,0,3
734,2020-01-14 14:14:27,3.6147623862487346,0,3
735,2020-01-14 14:17:27,3.5253513024899323,0,3
736,2020-01-14 14:20:28,3.1167585710860704,0,3
737,2020-01-14 14:23:28,2.7576995600251424,0,3
738,2020-01-14 14:32:28,3.929141130047859,0,3
739,2020-01-14 14:35:29,3.500611995104038,0,3
740,2020-01-14 14:38:32,3.16019771493396,0,3
741,2020-01-14 14:41:29,2.7859353916977545,0,3
742,2020-01-14 14:44:33,2.7670476941269224,0,3
743,2020-01-14 14:47:31,2.4430350011745388,0,3
744,2020-01-14 14:54:23,3.929141130047859,0,3
745,2020-01-14 15:03:23,3.127506014434643,0,3
746,2020-01-14 15:06:23,2.4763870148424503,0,3
747,2020-01-14 15:09:24,2.467963929757952,0,3
748,2020-01-14 15:12:24,2.467963929757952,0,3
749,2020-01-14 15:18:24,3.6411475131556665,0,3
750,2020-01-14 15:21:25,3.5887569014555845,0,3
751,2020-01-14 15:24:26,3.204864820445394,0,3
752,2020-01-14 15:27:26,3.127506014434643,0,3
753,2020-01-14 15:30:26,2.8050827139774643,0,3
754,2020-01-14 15:33:28,2.7576995600251424,0,3
755,2020-01-14 15:36:28,2.81475541299118,0,3
756,2020-01-14 15:39:29,2.8050827139774643,0,3
757,2020-01-14 15:42:29,2.54589963280294,0,3
758,2020-01-14 15:45:29,2.5638918563563178,0,3
759,2020-01-14 15:51:29,4.076299973869876,0,3
760,2020-01-14 15:55:27,3.667920656634752,0,3
761,2020-01-14 15:58:27,3.2980972515856237,0,3
762,2020-01-14 16:01:27,3.310134102868783,0,3
763,2020-01-14 16:04:27,3.359173126614987,0,3
764,2020-01-14 16:07:27,3.0572249804023994,0,3
765,2020-01-14 16:10:28,3.4225537516454585,0,3
766,2020-01-14 16:13:28,3.4225537516454585,0,3
767,2020-01-14 16:16:28,3.40968700821822,0,3
768,2020-01-14 16:19:29,3.068718307396393,0,3
769,2020-01-14 16:22:30,3.0572249804023994,0,3
770,2020-01-14 16:25:31,3.0344946831503368,0,3
771,2020-01-14 16:28:31,3.0232558139534835,0,3
772,2020-01-14 16:31:34,3.0232558139534835,0,3
773,2020-01-14 16:34:34,3.001025991792061,0,3
774,2020-01-14 16:37:34,3.34677765382305,0,3
775,2020-01-14 16:40:35,3.310134102868783,0,3
776,2020-01-14 16:43:35,3.3222591362126246,0,3
777,2020-01-14 16:46:37,3.371660759055935,0,3
778,2020-01-14 16:49:37,3.310134102868783,0,3
779,2020-01-14 17:02:41,3.584888316940895,0,3
780,2020-01-14 17:05:41,3.5428779069767438,0,3
781,2020-01-14 17:08:42,3.139534883720925,0,3
782,2020-01-14 17:11:41,3.4485807763728,0,3
783,2020-01-15 08:17:38,2.6675786593707356,0,3
784,2020-01-15 08:20:39,3.627906976744187,0,3
785,2020-01-15 08:23:40,3.4606425851295928,0,3
786,2020-01-15 08:26:40,3.0625188764723665,0,3
787,2020-01-15 08:29:42,1.8936877076411964,0,3
788,2020-01-15 08:32:43,1.6315983757844235,0,3
789,2020-01-15 08:35:53,2.1562597187186863,0,3
790,2020-01-15 08:40:17,2.061310782241015,0,3
791,2020-01-15 08:41:55,2.116279069767445,0,3
792,2020-01-15 08:44:50,2.109248242293129,0,3
793,2020-01-15 08:47:50,2.181730999760247,0,3
794,2020-01-15 08:50:50,2.5369978858350914,0,3
795,2020-01-15 08:54:45,2.874222076645923,0,3
796,2020-01-15 08:57:45,3.204864820445394,0,3
797,2020-01-15 09:00:46,2.915282392026579,0,3
798,2020-01-15 09:03:46,3.2276752462136886,0,3
799,2020-01-15 09:06:46,3.2276752462136886,0,3
800,2020-01-15 09:09:46,3.2162295893122215,0,3
801,2020-01-15 09:12:46,2.8946066303810007,0,3
802,2020-01-15 09:15:46,3.193580085162136,0,3
803,2020-01-15 09:18:48,3.193580085162136,0,3
804,2020-01-15 09:21:48,3.2276752462136886,0,3
805,2020-01-15 09:24:50,3.2162295893122215,0,3
806,2020-01-15 09:27:51,3.193580085162136,0,3
807,2020-01-15 09:30:51,3.171247357293869,0,3
808,2020-01-15 09:33:52,2.854122621564483,0,3
809,2020-01-15 09:36:53,2.864137086903306,0,3
810,2020-01-15 09:39:54,2.864137086903306,0,3
811,2020-01-15 09:42:54,2.864137086903306,0,3
812,2020-01-15 09:45:55,2.8843783384008557,0,3
813,2020-01-15 09:48:55,2.844177943440565,0,3
814,2020-01-15 09:51:57,2.824495051098416,0,3
815,2020-01-15 09:55:44,2.5369978858350977,0,3
816,2020-01-15 09:58:54,2.5281581719471706,0,3
817,2020-01-15 10:08:26,3.0232558139534893,0,3
818,2020-01-15 10:11:26,3.0344946831503425,0,3
819,2020-01-15 10:14:27,3.045817424505381,0,3
820,2020-01-15 10:17:27,2.7277496065745783,0,3
821,2020-01-15 10:20:27,3.068718307396399,0,3
822,2020-01-15 10:23:27,3.057224980402405,0,3
823,2020-01-15 10:26:28,3.057224980402405,0,3
824,2020-01-15 10:29:28,3.057224980402405,0,3
825,2020-01-15 10:32:38,3.0344946831503425,0,3
826,2020-01-15 10:41:31,3.057224980402405,0,3
827,2020-01-15 10:44:34,3.0232558139534893,0,3
828,2020-01-15 10:47:42,3.4225537516454585,0,3
829,2020-01-15 10:50:41,3.4355179704016914,0,3
830,2020-01-15 10:53:38,3.4485807763728,0,3
831,2020-01-15 10:56:38,3.4485807763728,0,3
832,2020-01-15 10:59:38,3.4485807763728,0,3
833,2020-01-15 11:02:38,3.40968700821822,0,3
834,2020-01-15 11:05:39,3.8520247822573395,0,3
835,2020-01-15 11:09:04,3.4485807763728,0,3
836,2020-01-15 11:12:05,3.461743298420025,0,3
837,2020-01-15 11:15:05,3.4485807763728,0,3
838,2020-01-15 11:18:05,3.461743298420025,0,3
839,2020-01-15 11:21:05,3.461743298420025,0,3
840,2020-01-15 11:24:06,3.4750066827051587,0,3
841,2020-01-15 11:30:07,3.793438854010079,0,3
842,2020-01-15 11:33:07,3.793438854010079,0,3
843,2020-01-15 11:36:07,3.807917628262026,0,3
844,2020-01-15 11:39:07,3.807917628262026,0,3
845,2020-01-15 11:42:18,3.8225073509756733,0,3
846,2020-01-15 11:45:17,3.764809126810003,0,3
847,2020-01-15 11:48:12,4.154091958104034,0,3
848,2020-01-15 11:51:13,4.0916244098618675,0,3
849,2020-01-15 11:54:18,4.076299973869876,0,3
850,2020-01-15 11:57:19,4.170008019246195,0,3
851,2020-01-15 12:00:17,3.82250735097568,0,3
852,2020-01-15 12:03:22,3.837209302325587,0,3
853,2020-01-15 12:06:19,3.82250735097568,0,3
854,2020-01-15 12:11:38,3.837209302325587,0,3
855,2020-01-15 12:14:39,3.807917628262033,0,3
856,2020-01-15 12:17:39,3.7934388540100854,0,3
857,2020-01-15 12:20:39,4.0610898993405105,0,3
858,2020-01-15 12:23:39,4.076299973869876,0,3
859,2020-01-15 12:26:39,4.016133184587663,0,3
860,2020-01-15 12:29:39,3.6950904392764845,0,3
861,2020-01-15 12:32:39,4.016133184587657,0,3
862,2020-01-15 12:35:40,4.001367989056085,0,3
863,2020-01-15 12:38:40,4.001367989056085,0,3
864,2020-01-15 12:41:41,3.6814554192053532,0,3
865,2020-01-15 12:44:42,3.6950904392764845,0,3
866,2020-01-15 12:47:42,3.6814554192053532,0,3
867,2020-01-15 12:50:43,4.031007751937982,0,3
868,2020-01-15 12:53:43,4.001367989056085,0,3
869,2020-01-15 12:56:44,4.016133184587657,0,3
870,2020-01-15 12:59:45,3.6679206566347458,0,3
871,2020-01-15 13:02:45,3.6411475131556603,0,3
872,2020-01-15 13:05:45,3.6411475131556603,0,3
873,2020-01-15 13:08:45,3.6544850498338857,0,3
874,2020-01-15 13:12:37,3.7088268349615277,0,3
875,2020-01-15 13:15:47,3.72266574106213,0,3
876,2020-01-15 13:18:47,3.7088268349615277,0,3
877,2020-01-15 13:21:47,3.6950904392764845,0,3
878,2020-01-15 13:24:43,3.6950904392764845,0,3
879,2020-01-15 13:27:43,3.7088268349615277,0,3
880,2020-01-15 13:30:44,3.7366083093807148,0,3
881,2020-01-15 13:33:44,3.6679206566347458,0,3
882,2020-01-15 13:36:45,3.6950904392764845,0,3
883,2020-01-15 13:39:45,3.72266574106213,0,3
884,2020-01-15 13:42:47,3.72266574106213,0,3
885,2020-01-15 13:45:47,3.7506557090400405,0,3
886,2020-01-15 13:48:47,3.7506557090400405,0,3
887,2020-01-15 13:51:47,3.7506557090400405,0,3
888,2020-01-15 13:54:47,3.6950904392764845,0,3
889,2020-01-15 13:57:47,3.6814554192053532,0,3
890,2020-01-15 14:00:47,3.6544850498338857,0,3
891,2020-01-15 14:03:48,3.5758939734933723,0,3
892,2020-01-15 14:06:49,3.5129380936783483,0,3
893,2020-01-15 14:19:37,3.897165697674417,0,3
894,2020-01-15 14:22:42,3.5154137371552188,0,3
895,2020-01-15 14:25:39,3.501840711143037,0,3
896,2020-01-15 14:28:48,3.4485807763728,0,3
897,2020-01-15 14:31:41,3.40968700821822,0,3
898,2020-01-15 14:34:41,3.40968700821822,0,3
899,2020-01-15 14:37:41,3.6950904392764845,0,3
900,2020-01-15 14:40:42,3.72266574106213,0,3
901,2020-01-15 14:52:50,3.83720930232558,0,3
902,2020-01-15 14:55:53,3.4355179704016914,0,3
903,2020-01-15 14:58:48,3.3842415827837553,0,3
904,2020-01-15 15:01:48,3.34677765382305,0,3
905,2020-01-15 15:04:52,3.3344733242134064,0,3
906,2020-01-15 15:14:41,3.9747984804966165,0,3
907,2020-01-15 15:17:41,3.897165697674417,0,3
908,2020-01-15 15:20:41,3.4750066827051587,0,3
909,2020-01-15 15:23:49,3.4355179704016914,0,3
910,2020-01-15 15:26:50,3.359173126614987,0,3
911,2020-01-15 15:29:45,3.6814554192053532,0,3
912,2020-01-15 15:38:47,3.9747984804966165,0,3
913,2020-01-15 15:41:49,3.556771545827633,0,3
914,2020-01-15 15:44:47,3.4750066827051587,0,3
915,2020-01-15 15:47:47,3.4355179704016914,0,3
916,2020-01-15 15:50:47,3.7506557090400405,0,3
917,2020-01-15 15:53:48,3.7790697674418596,0,3
918,2020-01-15 15:56:48,3.7506557090400405,0,3
919,2020-01-15 15:59:49,3.6814554192053532,0,3
920,2020-01-15 16:02:49,4.031007751937982,0,3
921,2020-01-15 16:11:52,3.9590254706533763,0,3
922,2020-01-15 16:15:48,3.501840711143037,0,3
923,2020-01-15 16:18:48,3.4485807763728,0,3
924,2020-01-15 16:21:48,3.7790697674418596,0,3
925,2020-01-15 16:24:49,3.7366083093807148,0,3
926,2020-01-15 16:27:48,3.7088268349615277,0,3
927,2020-01-15 16:30:50,3.6950904392764845,0,3
928,2020-01-15 16:33:49,3.7088268349615277,0,3
929,2020-01-15 16:36:49,3.7790697674418596,0,3
930,2020-01-15 16:46:00,3.9433771486349833,0,3
931,2020-01-15 16:48:51,3.5290923898289748,0,3
932,2020-01-15 16:51:51,3.488372093023256,0,3
933,2020-01-15 16:55:01,3.7790697674418596,0,3
934,2020-01-15 16:58:01,3.3842415827837553,0,3
935,2020-01-15 17:00:56,3.3842415827837553,0,3
936,2020-01-15 17:03:56,3.6950904392764845,0,3
937,2020-01-15 17:06:57,3.6814554192053532,0,3
938,2020-01-15 17:16:49,3.927852041750594,0,3
939,2020-01-15 17:22:50,3.5154137371552188,0,3
940,2020-01-16 09:19:12,3.0572249804023994,0,3
941,2020-01-16 09:25:11,2.9791206925819003,0,3
942,2020-01-16 09:28:11,2.957532861476234,0,3
943,2020-01-16 09:32:01,4.251453488372097,0,3
944,2020-01-16 09:38:03,3.556771545827633,0,3
945,2020-01-16 09:41:03,3.163872363439698,0,3
946,2020-01-16 09:44:12,3.068718307396399,0,3
947,2020-01-16 09:47:07,3.34677765382305,0,3
948,2020-01-16 09:50:08,3.6544850498338857,0,3
949,2020-01-16 09:53:14,3.6544850498338857,0,3
950,2020-01-16 09:56:09,4.07629997386987,0,3
951,2020-01-16 10:02:10,3.9747984804966165,0,3
952,2020-01-16 10:05:10,3.5154137371552188,0,3
953,2020-01-16 10:08:10,3.7790697674418596,0,3
954,2020-01-16 10:11:11,3.72266574106213,0,3
955,2020-01-16 10:14:11,3.9867109634551534,0,3
956,2020-01-16 10:17:20,4.107064501974555,0,3
957,2020-01-16 10:23:20,3.6134531640878342,0,3
958,2020-01-16 10:26:21,3.488372093023256,0,3
959,2020-01-16 10:29:23,3.764809126810003,0,3
960,2020-01-16 10:42:16,3.9906976744186036,0,3
961,2020-01-16 10:45:07,3.8669551108707396,0,3
962,2020-01-16 10:48:07,3.7790697674418596,0,3
963,2020-01-16 10:51:08,3.7088268349615277,0,3
964,2020-01-16 10:54:08,3.7088268349615277,0,3
965,2020-01-16 10:57:08,3.9721609234425372,0,3
966,2020-01-16 11:06:20,3.912448700410402,0,3
967,2020-01-16 11:09:12,3.5290923898289748,0,3
968,2020-01-16 11:12:13,3.7934388540100854,0,3
969,2020-01-16 11:15:22,4.031007751937988,0,3
970,2020-01-16 11:28:58,3.4750066827051587,0,3
971,2020-01-16 11:31:58,3.764809126810003,0,3
972,2020-01-16 11:34:59,3.7366083093807148,0,3
973,2020-01-16 11:41:01,3.7790697674418596,0,3
974,2020-01-16 11:44:02,3.7506557090400405,0,3
975,2020-01-16 11:47:04,4.091624409861861,0,3
976,2020-01-16 11:50:04,4.001367989056085,0,3
977,2020-01-16 11:53:05,4.122621564482028,0,3
978,2020-01-16 12:02:16,3.8820016288118713,0,3
979,2020-01-16 12:05:17,3.4355179704016914,0,3
980,2020-01-16 12:08:20,3.3842415827837553,0,3
981,2020-01-16 12:11:19,3.6411475131556603,0,3
982,2020-01-16 12:20:26,4.2022088533716415,0,3
983,2020-01-16 12:23:25,3.3969166448915598,0,3
984,2020-01-16 12:26:27,3.6679206566347458,0,3
985,2020-01-16 12:29:48,3.274284275039879,0,3
986,2020-01-16 12:38:54,4.2681258549931576,0,3
987,2020-01-16 12:41:58,3.501840711143037,0,3
988,2020-01-16 12:45:01,3.4225537516454585,0,3
989,2020-01-16 12:48:01,3.371660759055935,0,3
990,2020-01-16 12:51:06,3.3222591362126246,0,3
991,2020-01-16 12:54:18,3.7506557090400405,0,3
992,2020-01-16 13:03:13,3.83720930232558,0,3
993,2020-01-16 13:06:04,3.3969166448915598,0,3
994,2020-01-16 13:09:05,3.310134102868783,0,3
995,2020-01-16 13:12:07,4.170008019246188,0,3
996,2020-01-16 13:18:09,3.9433771486349833,0,3
997,2020-01-16 13:21:10,3.4485807763728,0,3
998,2020-01-16 13:24:11,3.359173126614987,0,3
999,2020-01-16 13:27:12,3.286147623862487,0,3
1000,2020-01-16 13:36:50,4.21849648458626,0,3
1001,2020-01-16 13:39:51,3.7790697674418596,0,3
1002,2020-01-16 13:42:51,3.34677765382305,0,3
1003,2020-01-16 13:45:51,2.9468558475358924,0,3
1004,2020-01-16 13:54:59,4.2022088533716415,0,3
1005,2020-01-16 13:57:58,3.793438854010079,0,3
1006,2020-01-16 14:00:59,3.3842415827837553,0,3
1007,2020-01-16 14:03:58,3.3222591362126246,0,3
1008,2020-01-16 14:06:59,3.371660759055935,0,3
1009,2020-01-16 14:13:00,4.2681258549931576,0,3
1010,2020-01-16 14:16:01,3.807917628262026,0,3
1011,2020-01-16 14:19:01,3.764809126810003,0,3
1012,2020-01-16 14:22:01,3.34677765382305,0,3
1013,2020-01-16 14:25:02,2.9682875264270625,0,3
1014,2020-01-16 14:34:57,3.8669551108707396,0,3
1015,2020-01-16 14:37:57,3.7366083093807148,0,3
1016,2020-01-16 14:40:57,3.371660759055935,0,3
1017,2020-01-16 14:43:57,3.2980972515856237,0,3
1018,2020-01-16 14:46:59,3.359173126614987,0,3
1019,2020-01-16 14:56:02,3.83720930232558,0,3
1020,2020-01-16 14:59:02,3.7366083093807148,0,3
1021,2020-01-16 15:02:03,3.012099888440746,0,3
1022,2020-01-16 15:05:03,2.9791206925819056,0,3
1023,2020-01-16 15:08:03,3.807917628262026,0,3
1024,2020-01-16 15:14:04,4.284929500091556,0,3
1025,2020-01-16 15:17:04,3.807917628262026,0,3
1026,2020-01-16 15:20:04,3.3969166448915598,0,3
1027,2020-01-16 15:23:04,3.310134102868783,0,3
1028,2020-01-16 15:26:05,3.3969166448915598,0,3
1029,2020-01-16 15:32:55,4.284929500091556,0,3
1030,2020-01-16 15:35:56,3.8520247822573395,0,3
1031,2020-01-16 15:38:56,3.7790697674418596,0,3
1032,2020-01-16 15:41:56,3.4355179704016914,0,3
1033,2020-01-16 15:44:56,3.4225537516454585,0,3
1034,2020-01-16 15:47:56,3.371660759055935,0,3
1035,2020-01-16 15:50:56,3.0458174245053753,0,3
1036,2020-01-16 15:53:59,3.2980972515856237,0,3
1037,2020-01-16 15:56:58,3.793438854010079,0,3
1038,2020-01-16 16:05:59,3.83720930232558,0,3
1039,2020-01-16 16:09:01,3.4485807763728,0,3
1040,2020-01-16 16:12:01,3.3842415827837553,0,3
1041,2020-01-16 16:15:02,3.001025991792061,0,3
1042,2020-01-16 16:18:07,3.2980972515856237,0,3
1043,2020-01-16 16:27:04,3.8820016288118713,0,3
1044,2020-01-16 16:34:07,3.34677765382305,0,3
1045,2020-01-16 16:37:02,3.2980972515856237,0,3
1046,2020-01-16 16:46:11,4.25145348837209,0,3
1047,2020-01-16 16:49:04,3.4750066827051587,0,3
1048,2020-01-16 16:52:04,3.4225537516454585,0,3
1049,2020-01-16 16:55:05,3.001025991792067,0,3
1050,2020-01-16 16:58:06,3.274284275039879,0,3
1051,2020-01-16 17:07:07,4.25145348837209,0,3
1052,2020-01-16 17:10:07,3.488372093023256,0,3
1053,2020-01-16 17:13:07,3.40968700821822,0,3
1054,2020-01-16 17:16:07,3.0232558139534893,0,3
1055,2020-01-16 17:19:08,3.3344733242134064,0,3
1056,2020-01-17 09:54:55,3.5749448310982896,0,3
1057,2020-01-17 09:57:55,2.0812268284462405,0,3
1058,2020-01-17 10:00:56,1.8983234180638189,0,3
1059,2020-01-17 10:03:56,2.152148206543159,0,3
1060,2020-01-17 10:19:45,1.7959935528436555,0,3
1061,2020-01-17 10:22:45,2.0953258116509303,0,3
1062,2020-01-17 10:25:45,2.4025874018173385,0,3
1063,2020-01-17 10:28:46,3.8870431893687685,0,3
1064,2020-01-17 10:31:46,3.286147623862487,0,3
1065,2020-01-17 10:34:46,3.550442770835056,0,3
1066,2020-01-17 10:37:46,3.4883720930232607,0,3
1067,2020-01-17 10:40:47,3.14922480620155,0,3
1068,2020-01-17 10:43:48,3.106084740363173,0,3
1069,2020-01-17 10:46:48,3.064110622250157,0,3
1070,2020-01-17 10:49:49,2.7391915092867185,0,3
1071,2020-01-17 10:52:49,2.748414376321354,0,3
1072,2020-01-17 10:55:51,2.7209302325581404,0,3
1073,2020-01-17 11:01:56,2.730030333670375,0,3
1074,2020-01-17 11:04:53,2.730030333670375,0,3
1075,2020-01-17 11:07:55,2.4348368971437457,0,3
1076,2020-01-17 11:13:57,3.6411475131556603,0,3
1077,2020-01-17 11:16:58,3.5253513024899323,0,3
1078,2020-01-17 11:20:41,3.1383278345537944,0,3
1079,2020-01-17 11:23:42,3.1383278345537944,0,3
1080,2020-01-17 11:26:43,3.106084740363173,0,3
1081,2020-01-17 11:29:43,2.7670476941269224,0,3
1082,2020-01-17 11:32:44,2.443035001174533,0,3
1083,2020-01-17 11:35:44,2.443035001174533,0,3
1084,2020-01-17 11:38:44,2.4595979503350383,0,3
1085,2020-01-17 11:41:44,2.493406856868853,0,3
1086,2020-01-17 11:44:50,2.5281581719471644,0,3
1087,2020-01-17 11:47:49,2.5548640681297052,0,3
1088,2020-01-17 11:53:50,3.6814554192053532,0,3
1089,2020-01-17 11:56:50,3.3222591362126246,0,3
1090,2020-01-17 11:59:50,3.2392026578073088,0,3
1091,2020-01-17 12:02:50,2.8843783384008557,0,3
1092,2020-01-17 12:05:51,2.8946066303810007,0,3
1093,2020-01-17 12:08:51,2.8843783384008557,0,3
1094,2020-01-17 12:11:51,2.925731432858216,0,3
1095,2020-01-17 12:14:58,2.572983671449774,0,3
1096,2020-01-17 12:21:40,4.2022088533716415,0,3
1097,2020-01-17 12:24:40,4.186046511627905,0,3
1098,2020-01-17 12:27:41,3.807917628262026,0,3
1099,2020-01-17 12:30:41,3.7790697674418596,0,3
1100,2020-01-17 12:33:45,3.3969166448915598,0,3
1101,2020-01-17 12:39:45,3.01209988844074,0,3
1102,2020-01-17 12:42:44,3.001025991792061,0,3
1103,2020-01-17 12:45:45,2.9900332225913573,0,3
1104,2020-01-17 12:48:46,2.9682875264270567,0,3
1105,2020-01-17 12:51:46,2.957532861476234,0,3
1106,2020-01-17 12:54:47,4.25145348837209,0,3
1107,2020-01-17 12:57:48,4.055587067498587,0,3
1108,2020-01-17 13:06:48,3.897165697674424,0,3
1109,2020-01-17 13:09:48,3.488372093023256,0,3
1110,2020-01-17 13:12:48,3.4485807763728,0,3
1111,2020-01-17 13:15:49,3.1037226987355213,0,3
1112,2020-01-17 13:18:50,3.057224980402405,0,3
1113,2020-01-17 13:22:44,3.40968700821822,0,3
1114,2020-01-17 13:25:44,3.3842415827837553,0,3
1115,2020-01-17 13:28:47,3.359173126614987,0,3
1116,2020-01-17 13:31:47,3.3222591362126246,0,3
1117,2020-01-17 13:34:48,3.3344733242134064,0,3
1118,2020-01-17 13:37:50,3.2980972515856237,0,3
1119,2020-01-17 13:40:50,3.310134102868783,0,3
1120,2020-01-17 13:49:53,3.9747984804966165,0,3
1121,2020-01-17 13:52:56,3.927852041750594,0,3
1122,2020-01-17 13:55:56,3.8520247822573395,0,3
1123,2020-01-17 13:58:57,3.4485807763728,0,3
1124,2020-01-17 14:07:57,3.34677765382305,0,3
1125,2020-01-17 14:10:57,3.3344733242134064,0,3
1126,2020-01-17 14:13:59,3.3222591362126246,0,3
1127,2020-01-17 14:16:59,3.3222591362126246,0,3
1128,2020-01-17 14:20:06,3.6411475131556603,0,3
1129,2020-01-17 14:26:48,4.072140484100616,0,3
1130,2020-01-17 14:32:49,3.9590254706533763,0,3
1131,2020-01-17 14:35:51,3.897165697674417,0,3
1132,2020-01-17 14:38:51,3.501840711143037,0,3
1133,2020-01-17 14:41:52,3.4485807763728,0,3
1134,2020-01-17 14:44:52,3.40968700821822,0,3
1135,2020-01-17 14:53:59,3.34677765382305,0,3
1136,2020-01-17 14:57:03,3.34677765382305,0,3
1137,2020-01-17 15:00:02,3.359173126614987,0,3
1138,2020-01-17 15:03:02,3.3222591362126246,0,3
1139,2020-01-17 15:06:02,3.3222591362126246,0,3
1140,2020-01-17 15:09:05,3.6411475131556665,0,3
1141,2020-01-17 15:12:03,3.6411475131556665,0,3
1142,2020-01-17 15:15:03,3.627906976744191,0,3
1143,2020-01-17 15:21:03,4.039167686658505,0,3
1144,2020-01-17 15:28:00,3.927852041750601,0,3
1145,2020-01-17 15:30:58,3.5154137371552188,0,3
1146,2020-01-17 15:33:57,3.488372093023256,0,3
1147,2020-01-17 15:36:58,3.4750066827051587,0,3
1148,2020-01-17 15:39:59,3.461743298420025,0,3
1149,2020-01-17 15:42:59,3.4485807763728,0,3
1150,2020-01-17 15:46:00,3.4225537516454585,0,3
1151,2020-01-17 15:49:00,3.4225537516454585,0,3
1152,2020-01-17 15:52:10,3.72266574106213,0,3
1153,2020-01-17 15:55:05,3.72266574106213,0,3
1154,2020-01-17 15:58:06,3.72266574106213,0,3
1155,2020-01-17 16:01:10,3.6814554192053532,0,3
1156,2020-01-17 16:04:09,3.6679206566347458,0,3
1157,2020-01-17 16:07:15,3.6814554192053532,0,3
1158,2020-01-17 16:10:16,3.708826834961534,0,3
1159,2020-01-17 16:16:12,3.7366083093807214,0,3
1160,2020-01-17 16:19:12,3.7506557090400467,0,3
1161,2020-01-17 16:22:12,3.722665741062136,0,3
1162,2020-01-17 16:25:53,3.68145541920536,0,3
1163,2020-01-17 16:28:53,3.6950904392764907,0,3
1164,2020-01-17 16:31:54,3.708826834961534,0,3
1165,2020-01-17 16:34:55,3.7366083093807214,0,3
1166,2020-01-17 16:38:05,3.7506557090400467,0,3
1167,2020-01-17 16:41:05,3.722665741062136,0,3
1168,2020-01-17 16:44:04,3.7366083093807214,0,3
1169,2020-01-17 16:47:06,3.722665741062136,0,3
1170,2020-01-17 16:50:09,4.0916244098618675,0,3
1171,2020-01-17 16:53:05,3.7506557090400467,0,3
1172,2020-01-17 16:56:05,3.7366083093807214,0,3
1173,2020-01-17 16:59:05,3.7366083093807148,0,3
1174,2020-01-17 17:02:05,3.72266574106213,0,3
1175,2020-01-17 17:05:05,3.7506557090400405,0,3
1176,2020-01-17 17:08:07,3.7506557090400405,0,3
1177,2020-01-17 17:11:17,3.72266574106213,0,3
1178,2020-01-17 17:14:20,3.7366083093807148,0,3
1179,2020-01-17 17:17:16,3.72266574106213,0,3
1180,2020-01-17 17:20:18,3.6814554192053532,0,3
1181,2020-01-17 17:23:21,3.6814554192053532,0,3
1182,2020-01-17 17:27:02,4.0459929108671195,0,3
1183,2020-01-17 17:30:01,4.001367989056085,0,3
1184,2020-01-17 17:33:01,3.6950904392764845,0,3
1185,2020-01-20 08:45:20,3.685594543512204,0,3
1186,2020-01-20 08:48:20,3.0996233456581095,0,3
1187,2020-01-20 08:51:20,2.028763769889842,0,3
1188,2020-01-20 08:54:21,2.2376070991432067,0,3
1189,2020-01-20 08:57:21,2.741491418194597,0,3
1190,2020-01-20 09:00:21,2.6851285189718492,0,3
1191,2020-01-20 09:03:21,2.4025874018173385,0,3
1192,2020-01-20 09:06:21,2.4186046511627874,0,3
1193,2020-01-20 09:09:23,2.4430350011745388,0,3
1194,2020-01-20 09:17:18,2.1892542101042536,0,3
1195,2020-01-20 09:20:18,2.5193798449612426,0,3
1196,2020-01-20 09:23:18,2.88437833840085,0,3
1197,2020-01-20 09:47:29,3.177307065619907,0,3
1198,2020-01-20 09:50:31,2.4048625792811813,0,3
1199,2020-01-20 09:53:31,2.4633936261843274,0,3
1200,2020-01-20 09:56:40,2.1968294841876537,0,3
1201,2020-01-20 09:59:40,2.2198731501057116,0,3
1202,2020-01-20 10:02:40,2.554864068129711,0,3
1203,2020-01-20 10:05:41,2.610005019240418,0,3
1204,2020-01-20 10:08:41,2.6006501625406377,0,3
1205,2020-01-20 10:11:41,2.610005019240424,0,3
1206,2020-01-20 10:18:02,2.6194274200319,0,3
1207,2020-01-20 10:20:56,2.9791206925819003,0,3
1208,2020-01-20 10:23:56,3.001025991792061,0,3
1209,2020-01-20 10:26:56,3.001025991792061,0,3
1210,2020-01-20 10:29:56,2.990033222591363,0,3
1211,2020-01-20 10:32:56,3.0232558139534893,0,3
1212,2020-01-20 10:35:56,3.0344946831503425,0,3
1213,2020-01-20 10:38:56,3.371660759055935,0,3
1214,2020-01-20 10:41:56,3.3842415827837553,0,3
1215,2020-01-20 10:44:58,3.72266574106213,0,3
1216,2020-01-20 10:47:58,3.371660759055935,0,3
1217,2020-01-20 10:50:59,3.3842415827837553,0,3
1218,2020-01-20 10:53:59,0.32392026578072974,0,3
1219,2020-01-20 11:15:02,2.633158289572389,0,3
1220,2020-01-20 11:18:55,2.4140065434609577,0,3
1221,2020-01-20 11:21:55,2.469491135160027,0,3
1222,2020-01-20 11:24:55,2.9468558475358866,0,3
1223,2020-01-20 11:27:55,2.291998992527919,0,3
1224,2020-01-20 11:31:03,2.9362556466454754,0,3
1225,2020-01-20 11:33:57,2.957532861476234,0,3
1226,2020-01-20 11:36:56,2.610005019240418,0,3
1227,2020-01-20 11:40:03,2.6384778012685017,0,3
1228,2020-01-20 11:43:07,2.648107282295029,0,3
1229,2020-01-20 11:46:01,2.648107282295029,0,3
1230,2020-01-20 11:49:02,2.9682875264270625,0,3
1231,2020-01-20 11:52:02,3.001025991792061,0,3
1232,2020-01-20 11:55:02,3.001025991792061,0,3
1233,2020-01-20 11:58:12,3.3344733242134064,0,3
1234,2020-01-20 12:01:03,3.001025991792067,0,3
1235,2020-01-20 12:04:13,3.3344733242134064,0,3
1236,2020-01-20 12:07:04,3.286147623862487,0,3
1237,2020-01-20 12:10:05,3.6147623862487346,0,3
1238,2020-01-20 12:13:06,3.6411475131556603,0,3
1239,2020-01-20 12:16:06,3.627906976744185,0,3
1240,2020-01-20 12:19:56,3.2980972515856237,0,3
1241,2020-01-21 08:40:45,3.800664451827241,0,3
1242,2020-01-21 08:43:45,3.3031019515121605,0,3
1243,2020-01-21 08:46:45,2.0964182651502297,0,3
1244,2020-01-21 08:49:45,1.9999487192636085,0,3
1245,2020-01-21 08:52:46,2.185486130568785,0,3
1246,2020-01-21 08:55:56,2.330177406011583,0,3
1247,2020-01-21 08:58:49,2.467963929757952,0,3
1248,2020-01-21 09:01:57,2.7859353916977545,0,3
1249,2020-01-21 09:04:59,2.1968294841876537,0,3
1250,2020-01-21 09:07:52,2.484867792290535,0,3
1251,2020-01-21 09:10:52,2.8244950510984106,0,3
1252,2020-01-21 09:13:53,2.8541226215644775,0,3
1253,2020-01-21 09:16:54,2.92573143285821,0,3
1254,2020-01-21 09:19:55,3.310134102868783,0,3
1255,2020-01-21 09:32:50,3.6544850498338857,0,3
1256,2020-01-21 09:35:50,3.6411475131556603,0,3
1257,2020-01-21 09:38:50,3.310134102868783,0,3
1258,2020-01-21 09:41:51,3.274284275039879,0,3
1259,2020-01-21 09:44:51,3.250812703175794,0,3
1260,2020-01-21 09:47:51,3.286147623862487,0,3
1261,2020-01-21 09:50:59,3.250812703175794,0,3
1262,2020-01-21 09:53:53,2.9362556466454754,0,3
1263,2020-01-21 09:56:54,2.9575328614762393,0,3
1264,2020-01-21 09:59:55,2.9575328614762393,0,3
1265,2020-01-21 10:03:06,3.3222591362126246,0,3
1266,2020-01-21 10:05:58,3.3222591362126246,0,3
1267,2020-01-21 10:08:58,4.241258156265688,0,3
1268,2020-01-21 10:33:28,3.32835502453595,0,3
1269,2020-01-21 10:36:32,2.3805163889397543,0,3
1270,2020-01-21 10:39:30,2.7073932662270073,0,3
1271,2020-01-21 10:42:30,3.310134102868783,0,3
1272,2020-01-21 10:45:31,3.9721609234425435,0,3
1273,2020-01-21 10:48:41,3.9867109634551534,0,3
1274,2020-01-21 10:51:42,3.9721609234425435,0,3
1275,2020-01-21 10:54:43,3.627906976744185,0,3
1276,2020-01-21 10:57:43,3.6017127025438658,0,3
1277,2020-01-21 11:00:38,3.627906976744185,0,3
1278,2020-01-21 11:03:55,3.929141130047853,0,3
1279,2020-01-21 11:06:47,3.627906976744185,0,3
1280,2020-01-21 11:09:41,3.310134102868783,0,3
1281,2020-01-21 11:12:58,4.0610898993405105,0,3
1282,2020-01-21 11:15:52,4.0610898993405105,0,3
1283,2020-01-21 11:18:44,4.0610898993405105,0,3
1284,2020-01-21 11:21:50,3.667920656634752,0,3
1285,2020-01-21 11:24:53,3.654485049833892,0,3
1286,2020-01-21 11:27:53,3.6950904392764845,0,3
1287,2020-01-21 11:30:54,3.7088268349615277,0,3
1288,2020-01-21 11:34:21,3.6544850498338857,0,3
1289,2020-01-21 11:37:22,3.6814554192053532,0,3
1290,2020-01-21 11:40:26,3.627906976744185,0,3
1291,2020-01-21 11:43:26,3.286147623862487,0,3
1292,2020-01-21 11:46:27,3.310134102868783,0,3
1293,2020-01-21 11:49:27,3.286147623862487,0,3
1294,2020-01-21 11:52:27,3.262506274050527,0,3
1295,2020-01-21 11:55:28,3.262506274050527,0,3
1296,2020-01-21 11:58:28,3.250812703175794,0,3
1297,2020-01-21 12:01:30,2.9049077215923207,0,3
1298,2020-01-21 12:04:30,2.925731432858216,0,3
1299,2020-01-21 12:07:31,2.9049077215923207,0,3
1300,2020-01-21 12:10:32,2.9362556466454754,0,3
1301,2020-01-21 12:31:34,2.6502567200241627,0,3
1302,2020-01-21 12:35:32,2.4560298682020605,0,3
1303,2020-01-21 12:38:39,2.1641527518539063,0,3
1304,2020-01-21 12:41:33,2.26744186046512,0,3
1305,2020-01-21 12:44:39,2.2674418604651136,0,3
1306,2020-01-21 12:47:40,2.59136212624585,0,3
1307,2020-01-21 12:50:39,2.9575328614762393,0,3
1308,2020-01-21 12:53:41,3.2162295893122215,0,3
1309,2020-01-21 12:56:41,2.864137086903306,0,3
1310,2020-01-21 12:59:45,3.2162295893122215,0,3
1311,2020-01-21 13:02:44,2.8641370869033,0,3
1312,2020-01-21 13:05:44,2.8441779434405596,0,3
1313,2020-01-21 13:08:44,2.8541226215644775,0,3
1314,2020-01-21 13:11:44,2.5548640681297052,0,3
1315,2020-01-21 13:14:44,2.9049077215923207,0,3
1316,2020-01-21 13:17:44,2.6384778012685017,0,3
1317,2020-01-21 13:20:45,2.6289180990899923,0,3
1318,2020-01-21 13:23:45,3.045817424505381,0,3
1319,2020-01-21 13:26:47,2.7073932662270073,0,3
1320,2020-01-21 13:29:47,2.7380430013163695,0,3
1321,2020-01-21 13:32:52,2.7175333159132506,0,3
1322,2020-01-21 13:36:31,2.7073932662270073,0,3
1323,2020-01-21 13:39:31,3.068718307396399,0,3
1324,2020-01-21 13:42:31,3.057224980402405,0,3
1325,2020-01-21 13:45:31,3.3969166448915598,0,3
1326,2020-01-21 13:51:31,3.068718307396399,0,3
1327,2020-01-21 13:54:31,3.1516566400287345,0,3
1328,2020-01-21 13:57:32,3.9124487004103954,0,3
1329,2020-01-21 14:00:36,3.556771545827633,0,3
1330,2020-01-21 14:03:36,3.556771545827633,0,3
1331,2020-01-21 14:06:36,3.9590254706533763,0,3
1332,2020-01-21 14:15:37,3.927852041750594,0,3
1333,2020-01-21 14:18:37,3.9124487004103954,0,3
1334,2020-01-21 14:21:37,3.83720930232558,0,3
1335,2020-01-21 14:24:37,4.170008019246188,0,3
1336,2020-01-21 14:27:38,3.83720930232558,0,3
1337,2020-01-21 14:30:46,3.8669551108707396,0,3
1338,2020-01-21 14:33:39,3.8820016288118713,0,3
1339,2020-01-21 14:37:35,4.284929500091563,0,3
1340,2020-01-21 14:40:35,3.9590254706533834,0,3
1341,2020-01-21 14:43:35,3.927852041750601,0,3
1342,2020-01-21 14:46:35,3.927852041750601,0,3
1343,2020-01-21 14:49:35,3.927852041750601,0,3
1344,2020-01-21 14:52:36,4.234910867794774,0,3
1345,2020-01-21 14:55:35,4.218496484586267,0,3
1346,2020-01-21 14:58:36,3.897165697674417,0,3
1347,2020-01-21 15:01:36,4.25145348837209,0,3
1348,2020-01-21 15:10:37,3.897165697674417,0,3
1349,2020-01-21 15:13:37,4.2681258549931576,0,3
1350,2020-01-21 15:16:37,4.284929500091556,0,3
1351,2020-01-21 15:19:37,4.21849648458626,0,3
1352,2020-01-21 15:22:38,4.138296931647358,0,3
1353,2020-01-21 15:25:38,4.138296931647358,0,3
1354,2020-01-21 15:28:38,4.186046511627905,0,3
1355,2020-01-21 15:34:40,4.091624409861861,0,3
1356,2020-01-21 15:38:39,4.138296931647358,0,3
1357,2020-01-21 15:41:38,4.122621564482028,0,3
1358,2020-01-21 15:44:38,4.107064501974555,0,3
1359,2020-01-21 15:47:40,4.122621564482034,0,3
1360,2020-01-21 15:50:40,4.0610898993405105,0,3
1361,2020-01-21 15:53:40,4.0610898993405105,0,3
1362,2020-01-21 15:56:40,4.016133184587663,0,3
1363,2020-01-21 15:59:40,3.9867109634551534,0,3
1364,2020-01-21 16:08:43,4.0916244098618675,0,3
1365,2020-01-21 16:11:44,4.122621564482034,0,3
1366,2020-01-21 16:14:46,4.107064501974555,0,3
1367,2020-01-21 16:17:52,4.107064501974555,0,3
1368,2020-01-21 16:20:48,3.708826834961534,0,3
1369,2020-01-21 16:23:48,4.0916244098618675,0,3
1370,2020-01-21 16:26:48,4.107064501974555,0,3
1371,2020-01-21 16:29:48,4.107064501974555,0,3
1372,2020-01-21 16:32:49,4.0916244098618675,0,3
1373,2020-01-21 16:35:50,4.0610898993405105,0,3
1374,2020-01-21 16:39:51,4.0916244098618675,0,3
1375,2020-01-21 16:42:45,4.031007751937988,0,3
1376,2020-01-21 16:45:51,4.0916244098618675,0,3
1377,2020-01-21 16:48:47,4.107064501974555,0,3
1378,2020-01-21 16:51:46,3.7366083093807148,0,3
1379,2020-01-21 16:54:47,3.764809126810003,0,3
1380,2020-01-21 16:57:48,3.72266574106213,0,3
1381,2020-01-21 17:00:49,3.7366083093807148,0,3
1382,2020-01-21 17:03:58,3.764809126810003,0,3
1383,2020-01-21 17:06:50,3.764809126810003,0,3
1384,2020-01-21 17:09:50,3.7366083093807148,0,3
1385,2020-01-21 17:12:51,3.7506557090400405,0,3
1386,2020-01-21 17:15:52,3.7790697674418596,0,3
1387,2020-01-21 17:18:53,3.7790697674418596,0,3
1388,2020-01-21 17:21:53,3.793438854010079,0,3
1389,2020-01-21 17:24:53,4.186046511627911,0,3
1390,2020-01-21 17:27:53,4.154091958104034,0,3
1391,2020-01-21 17:30:53,3.7934388540100854,0,3
1392,2020-01-21 17:33:53,3.7648091268100097,0,3
1393,2020-01-21 17:36:54,3.7648091268100097,0,3
1394,2020-01-21 17:40:44,3.7366083093807214,0,3
1395,2020-01-21 17:43:45,4.045992910867127,0,3
1396,2020-01-22 08:32:52,3.8215312255030045,0,3
1397,2020-01-22 08:35:50,3.229174166606666,0,3
1398,2020-01-22 08:38:51,2.837997635001969,0,3
1399,2020-01-22 08:41:51,1.8851710618185733,0,3
1400,2020-01-22 08:45:37,1.924278806618203,0,3
1401,2020-01-22 08:48:37,2.6675786593707236,0,3
1402,2020-01-22 08:51:37,2.844177943440565,0,3
1403,2020-01-22 08:54:37,2.493406856868853,0,3
1404,2020-01-22 09:05:11,2.4348368971437457,0,3
1405,2020-01-22 09:08:11,2.1448774355751077,0,3
1406,2020-01-22 09:11:11,2.7073932662270006,0,3
1407,2020-01-22 09:14:12,3.6544850498338857,0,3
1408,2020-01-22 09:17:12,3.286147623862487,0,3
1409,2020-01-22 09:20:12,2.9468558475358924,0,3
1410,2020-01-22 09:23:12,2.6289180990899923,0,3
1411,2020-01-22 09:26:22,2.619427420031906,0,3
1412,2020-01-22 09:29:21,2.610005019240424,0,3
1413,2020-01-22 09:32:21,2.582140196970953,0,3
1414,2020-01-22 09:41:19,3.501840711143037,0,3
1415,2020-01-22 09:44:18,3.0802983764809135,0,3
1416,2020-01-22 09:47:18,3.0232558139534893,0,3
1417,2020-01-22 09:50:19,2.9575328614762393,0,3
1418,2020-01-22 09:53:20,3.274284275039879,0,3
1419,2020-01-22 09:59:20,3.9747984804966165,0,3
1420,2020-01-22 10:02:20,3.1761831508460783,0,3
1421,2020-01-22 10:06:19,3.1155689685780237,0,3
1422,2020-01-22 10:09:16,3.3842415827837553,0,3
1423,2020-01-22 10:12:16,3.3344733242134064,0,3
1424,2020-01-22 10:15:17,3.274284275039879,0,3
1425,2020-01-22 10:36:19,2.9257314328582193,0,3
1426,2020-01-22 10:39:19,2.216296555341844,0,3
1427,2020-01-22 10:42:20,2.0613107822410144,0,3
1428,2020-01-22 10:45:27,2.9575328614762393,0,3
1429,2020-01-22 10:48:23,2.8123309897241713,0,3
1430,2020-01-22 10:51:24,3.4485807763728,0,3
1431,2020-01-22 10:54:24,3.371660759055935,0,3
1432,2020-01-22 10:57:25,2.6675786593707276,0,3
1433,2020-01-22 11:00:25,2.619427420031906,0,3
1434,2020-01-22 11:03:26,3.163872363439698,0,3
1435,2020-01-22 11:07:22,3.897165697674424,0,3
1436,2020-01-22 11:10:16,3.4750066827051587,0,3
1437,2020-01-22 11:13:16,3.0802983764809135,0,3
1438,2020-01-22 11:16:16,3.0232558139534893,0,3
1439,2020-01-22 11:19:16,2.9900332225913573,0,3
1440,2020-01-22 11:22:17,3.8820016288118713,0,3
1441,2020-01-22 11:28:17,3.570774583409632,0,3
1442,2020-01-22 11:31:23,3.1155689685780175,0,3
1443,2020-01-22 11:34:23,3.0232558139534835,0,3
1444,2020-01-22 11:37:21,3.3344733242134064,0,3
1445,2020-01-22 11:40:24,3.83720930232558,0,3
1446,2020-01-22 11:46:29,3.5991140642303434,0,3
1447,2020-01-22 11:49:26,3.4750066827051587,0,3
1448,2020-01-22 11:52:27,3.40968700821822,0,3
1449,2020-01-22 11:55:27,3.654485049833892,0,3
1450,2020-01-22 11:58:27,4.218496484586267,0,3
1451,2020-01-22 12:04:28,3.570774583409632,0,3
1452,2020-01-22 12:09:57,3.764809126810003,0,3
1453,2020-01-22 12:12:57,3.6679206566347458,0,3
1454,2020-01-22 12:15:58,3.793438854010079,0,3
1455,2020-01-22 12:22:00,3.5991140642303434,0,3
1456,2020-01-22 12:25:03,3.4750066827051587,0,3
1457,2020-01-22 12:28:01,3.7506557090400405,0,3
1458,2020-01-22 12:31:04,3.6679206566347458,0,3
1459,2020-01-22 12:40:03,3.9747984804966165,0,3
1460,2020-01-22 12:43:03,3.501840711143037,0,3
1461,2020-01-22 12:46:03,3.7506557090400405,0,3
1462,2020-01-22 12:49:03,3.6679206566347458,0,3
1463,2020-01-22 13:04:04,3.7366083093807148,0,3
1464,2020-01-22 13:07:04,4.016133184587657,0,3
1465,2020-01-22 13:16:52,3.5428779069767438,0,3
1466,2020-01-22 13:19:52,3.8225073509756733,0,3
1467,2020-01-22 13:22:54,3.7366083093807148,0,3
1468,2020-01-22 13:25:54,3.9721609234425372,0,3
1469,2020-01-22 13:31:55,3.9906976744186036,0,3
1470,2020-01-22 13:34:56,3.570774583409632,0,3
1471,2020-01-22 13:37:58,3.7790697674418596,0,3
1472,2020-01-22 13:41:03,3.6814554192053532,0,3
1473,2020-01-22 13:50:00,4.006724572709441,0,3
1474,2020-01-22 13:53:01,3.5154137371552188,0,3
1475,2020-01-22 13:56:01,3.764809126810003,0,3
1476,2020-01-22 13:59:01,3.6679206566347458,0,3
1477,2020-01-22 14:08:01,3.5991140642303434,0,3
1478,2020-01-22 14:11:57,3.7790697674418596,0,3
1479,2020-01-22 14:14:59,3.6950904392764845,0,3
1480,2020-01-22 14:17:59,4.07629997386987,0,3
1481,2020-01-22 14:23:59,3.9747984804966165,0,3
1482,2020-01-22 14:27:09,3.897165697674417,0,3
1483,2020-01-22 14:30:08,3.7790697674418596,0,3
1484,2020-01-22 14:33:10,4.031007751937982,0,3
1485,2020-01-22 14:42:09,3.9747984804966165,0,3
1486,2020-01-22 14:45:09,3.8669551108707396,0,3
1487,2020-01-22 14:48:09,3.7506557090400405,0,3
1488,2020-01-22 14:51:15,4.001367989056085,0,3
1489,2020-01-22 15:00:18,3.9590254706533763,0,3
1490,2020-01-22 15:03:17,3.807917628262026,0,3
1491,2020-01-22 15:06:19,3.6950904392764845,0,3
1492,2020-01-22 15:09:18,3.9721609234425372,0,3
1493,2020-01-22 15:16:04,3.9747984804966237,0,3
1494,2020-01-22 15:19:03,3.501840711143037,0,3
1495,2020-01-22 15:22:03,3.7506557090400405,0,3
1496,2020-01-22 15:34:04,3.94337714863499,0,3
1497,2020-01-22 15:37:04,3.82250735097568,0,3
1498,2020-01-22 15:40:05,3.708826834961534,0,3
1499,2020-01-22 15:43:05,4.076299973869876,0,3
1500,2020-01-22 15:52:06,3.5428779069767438,0,3
1501,2020-01-22 15:55:06,3.7934388540100854,0,3
1502,2020-01-22 15:58:07,3.6950904392764907,0,3
1503,2020-01-22 16:07:13,3.9747984804966165,0,3
1504,2020-01-22 16:10:09,3.501840711143037,0,3
1505,2020-01-22 16:14:09,3.6950904392764845,0,3
1506,2020-01-22 16:17:05,3.6411475131556603,0,3
1507,2020-01-22 16:26:05,3.5428779069767438,0,3
1508,2020-01-22 16:29:05,3.461743298420025,0,3
1509,2020-01-22 16:32:06,3.7366083093807148,0,3
1510,2020-01-22 16:35:06,3.6411475131556603,0,3
1511,2020-01-22 16:44:07,3.556771545827633,0,3
1512,2020-01-22 16:47:07,3.8225073509756733,0,3
1513,2020-01-22 16:50:08,3.3969166448915598,0,3
1514,2020-01-22 16:53:08,3.667920656634752,0,3
1515,2020-01-22 17:02:09,3.570774583409632,0,3
1516,2020-01-22 17:05:10,3.837209302325587,0,3
1517,2020-01-22 17:08:10,3.40968700821822,0,3
1518,2020-01-22 17:11:10,3.6411475131556603,0,3
1519,2020-01-30 09:35:47,3.7082524464165423,0,3
1520,2020-01-30 09:38:47,2.897286821705425,0,3
1521,2020-01-30 09:41:48,1.715592832634388,0,3
1522,2020-01-30 09:44:49,2.0581923090454914,0,3
1523,2020-01-30 09:47:50,2.4568218804136728,0,3
1524,2020-01-30 09:53:50,2.189254210104248,0,3
1525,2020-01-30 09:56:58,2.2121384004537696,0,3
1526,2020-01-30 09:59:58,2.2198731501057116,0,3
1527,2020-01-30 10:02:57,2.243405374311779,0,3
1528,2020-01-30 10:05:56,2.2674418604651136,0,3
1529,2020-01-30 10:08:56,1.9161480510972804,0,3
1530,2020-01-30 10:33:47,3.043546121429686,0,3
1531,2020-01-30 10:36:48,2.5294172148614815,0,3
1532,2020-01-30 10:39:49,2.60489404335418,0,3
1533,2020-01-30 10:42:51,2.3427443576761324,0,3
1534,2020-01-30 10:45:52,2.6578073089701024,0,3
1535,2020-01-30 10:48:53,2.6578073089701024,0,3
1536,2020-01-30 10:51:57,2.9682875264270625,0,3
1537,2020-01-30 10:54:57,3.0232558139534893,0,3
1538,2020-01-30 10:57:57,2.7175333159132506,0,3
1539,2020-01-30 11:00:57,2.727749606574572,0,3
1540,2020-01-30 11:03:58,2.7380430013163632,0,3
1541,2020-01-30 11:06:58,2.769394638736023,0,3
1542,2020-01-30 11:10:00,3.0919661733615236,0,3
1543,2020-01-30 11:37:54,3.0954837685530596,0,3
1544,2020-01-30 11:40:54,2.7539779681762546,0,3
1545,2020-01-30 11:43:55,2.661557037114811,0,3
1546,2020-01-30 11:46:56,2.423220308894015,0,3
1547,2020-01-30 11:49:56,3.1516566400287345,0,3
1548,2020-01-30 11:52:56,3.1761831508460725,0,3
1549,2020-01-30 11:55:57,3.1761831508460783,0,3
1550,2020-01-30 11:58:56,3.1516566400287345,0,3
1551,2020-01-30 12:01:57,3.188590116279071,0,3
1552,2020-01-30 12:04:57,3.1516566400287283,0,3
1553,2020-01-30 12:07:57,3.0919661733615236,0,3
1554,2020-01-30 12:10:59,3.4485807763728,0,3
1555,2020-01-30 12:39:05,2.7576995600251424,0,3
1556,2020-01-30 12:42:08,2.539534883720931,0,3
1557,2020-01-30 12:45:01,2.58464875286179,0,3
1558,2020-01-30 12:52:28,2.7380430013163632,0,3
1559,2020-01-30 12:55:37,2.7380430013163695,0,3
1560,2020-01-30 12:58:39,2.7484143763213558,0,3
1561,2020-01-30 13:01:38,2.727749606574572,0,3
1562,2020-01-30 13:04:37,3.068718307396399,0,3
1563,2020-01-30 13:07:36,3.0802983764809135,0,3
1564,2020-01-30 16:16:49,3.874742419782165,0,3
1565,2020-01-30 16:19:49,2.1380345086271597,0,3
1566,2020-01-30 16:22:50,1.9471817106819063,0,3
1567,2020-01-30 16:25:50,1.9781390276685855,0,3
1568,2020-01-30 16:28:51,1.6490486257928134,0,3
1569,2020-01-30 16:31:50,2.2189033496906356,0,3
1570,2020-01-30 16:34:50,2.241964985628429,0,3
1571,2020-01-31 09:30:06,3.9433771486349816,0,3
1572,2020-01-31 09:33:06,2.4962662684019645,0,3
1573,2020-01-31 09:36:09,1.9493844049247628,0,3
1574,2020-01-31 09:45:10,1.9410008144059356,0,3
1575,2020-01-31 09:48:10,2.054639873560621,0,3
1576,2020-01-31 09:51:10,1.7842165459397625,0,3
1577,2020-01-31 09:54:16,1.8019405513630053,0,3
1578,2020-01-31 09:57:15,2.137655626027717,0,3
1579,2020-01-31 10:00:15,2.181730999760247,0,3
1580,2020-01-31 10:03:15,2.1968294841876594,0,3
1581,2020-01-31 10:06:18,2.5638918563563178,0,3
1582,2020-01-31 10:09:19,2.59136212624585,0,3
1583,2020-01-31 10:12:19,2.3086680761099343,0,3
1584,2020-01-31 10:15:19,2.687338501291986,0,3
1585,2020-01-31 10:19:08,2.687338501291986,0,3
1586,2020-01-31 10:22:08,2.7073932662270073,0,3
1587,2020-01-31 10:25:08,2.758864621098243,0,3
1588,2020-01-31 10:28:08,3.068718307396399,0,3
1589,2020-01-31 10:31:09,3.0802983764809135,0,3
1590,2020-01-31 10:34:09,3.0919661733615236,0,3
1591,2020-01-31 10:58:11,2.418604651162793,0,3
1592,2020-01-31 11:01:12,2.1680718984526997,0,3
1593,2020-01-31 11:04:13,1.9112536754878366,0,3
1594,2020-01-31 11:07:13,3.0050434295320807,0,3
1595,2020-01-31 11:10:14,2.3514211886304945,0,3
1596,2020-01-31 11:13:15,2.7484143763213558,0,3
1597,2020-01-31 11:16:22,3.068718307396399,0,3
1598,2020-01-31 11:21:34,3.1516566400287345,0,3
1599,2020-01-31 11:24:38,2.78000534616413,0,3
1600,2020-01-31 11:27:35,3.127506014434638,0,3
1601,2020-01-31 11:30:35,3.1395348837209314,0,3
1602,2020-01-31 11:33:36,3.127506014434644,0,3
1603,2020-01-31 11:36:36,3.1155689685780237,0,3
1604,2020-01-31 12:00:41,1.6196013289036562,0,3
1605,2020-01-31 12:03:41,2.2449919410545705,0,3
1606,2020-01-31 12:06:42,2.3487445566570937,0,3
1607,2020-01-31 12:09:43,2.58464875286179,0,3
1608,2020-01-31 12:12:43,3.127506014434644,0,3
1609,2020-01-31 12:15:43,2.7906976744186007,0,3
1610,2020-01-31 12:18:44,3.1037226987355213,0,3
1611,2020-01-31 12:22:36,3.188590116279071,0,3
1612,2020-01-31 12:25:36,3.188590116279071,0,3
1613,2020-01-31 12:28:36,2.8566196667277017,0,3
1614,2020-01-31 12:31:36,3.188590116279071,0,3
1615,2020-01-31 12:34:45,3.2521078476790524,0,3
1616,2020-01-31 12:37:44,3.8820016288118775,0,3
1617,2020-01-31 13:01:52,2.5600150037509417,0,3
1618,2020-01-31 13:04:47,2.466673153644061,0,3
1619,2020-01-31 13:07:51,2.3964832671582506,0,3
1620,2020-01-31 13:10:49,3.2521078476790524,0,3
1621,2020-01-31 13:19:49,3.9590254706533763,0,3
1622,2020-01-31 13:23:49,3.6134531640878342,0,3
1623,2020-01-31 13:26:42,3.226399485246807,0,3
1624,2020-01-31 13:29:42,3.2263994852468008,0,3
1625,2020-01-31 13:32:42,3.6719706242350063,0,3
1626,2020-01-31 13:35:42,3.6719706242350063,0,3
1627,2020-01-31 14:02:50,2.8946066303810007,0,3
1628,2020-01-31 14:05:51,3.1275060144346427,0,3
1629,2020-01-31 14:08:51,2.767769407140515,0,3
1630,2020-01-31 14:11:51,3.2651162790697685,0,3
1631,2020-01-31 14:14:51,2.8343023255813913,0,3
1632,2020-01-31 14:17:51,3.570774583409632,0,3
1633,2020-01-31 14:20:51,3.5290923898289748,0,3
1634,2020-01-31 14:24:42,3.226399485246807,0,3
1635,2020-01-31 14:27:46,3.6424768842813116,0,3
1636,2020-01-31 14:30:43,4.072140484100623,0,3
1637,2020-01-31 14:33:43,3.7171178040411745,0,3
1638,2020-01-31 14:36:44,3.6719706242350063,0,3
1639,2020-01-31 14:39:45,3.318207600680659,0,3
1640,2020-01-31 14:42:46,3.3047735618115066,0,3
1641,2020-01-31 14:45:56,3.331751305173227,0,3
1642,2020-01-31 14:48:56,3.3047735618115066,0,3
1643,2020-01-31 14:51:49,3.6719706242350063,0,3
1644,2020-01-31 15:18:51,1.6952836339926045,0,3
1645,2020-01-31 15:21:51,2.506719644735308,0,3
1646,2020-01-31 15:25:47,2.446202837016309,0,3
1647,2020-01-31 15:28:48,2.7029108270445104,0,3
1648,2020-01-31 15:31:48,2.9615567157095426,0,3
1649,2020-01-31 15:40:49,4.19190932186828,0,3
1650,2020-01-31 15:43:49,4.209596702973211,0,3
1651,2020-01-31 15:46:50,4.227433977138358,0,3
1652,2020-01-31 16:10:53,2.342744357676138,0,3
1653,2020-01-31 16:13:54,2.9900332225913617,0,3
1654,2020-01-31 16:16:54,3.1007751937984476,0,3
1655,2020-01-31 16:19:55,2.9982702287141993,0,3
1656,2020-01-31 16:22:55,2.902325581395345,0,3
1657,2020-01-31 16:50:53,3.2980972515856237,0,3
1658,2020-01-31 16:53:53,3.7380820259294767,0,3
1659,2020-01-31 16:56:54,3.0744974379188,0,3
1660,2020-01-31 17:02:54,2.913981507425052,0,3
