,time,C.O.P,operation_num,running_time
0,2020-09-02 08:26:01,2.5626985542710474,0,3
1,2020-09-02 08:29:55,2.5558215803771938,0,3
2,2020-09-02 08:32:56,2.5492561059898393,0,3
3,2020-09-02 08:35:56,2.542992363841473,0,3
4,2020-09-02 08:38:57,2.5370191685122294,0,3
5,2020-09-02 08:41:57,2.531312679595765,0,3
6,2020-09-02 08:44:59,2.525832508212447,0,3
7,2020-09-02 08:48:00,2.520528809612851,0,3
8,2020-09-02 08:51:04,2.5153485382144023,0,3
9,2020-09-02 08:54:01,2.510240514024695,0,3
10,2020-09-02 08:57:06,2.5051604426248053,0,3
11,2020-09-02 09:00:05,2.500074005253652,0,3
12,2020-09-02 09:06:05,2.4949581609712372,0,3
13,2020-09-02 09:09:14,2.4898033722000115,0,3
14,2020-09-02 09:12:07,2.48461640378587,0,3
15,2020-09-02 09:15:07,2.479425320043894,0,3
16,2020-09-02 09:18:07,2.474287771892236,0,3
17,2020-09-02 09:21:08,2.4693145961413414,0,3
18,2020-09-02 09:24:08,2.464730021880103,0,3
19,2020-09-02 09:27:08,2.4610489213633446,0,3
20,2020-09-02 09:31:03,2.4593785492497515,0,3
21,2020-09-02 09:33:56,2.462922843293299,0,3
22,2020-09-02 09:36:56,2.4674623036355694,0,3
23,2020-09-02 09:39:56,2.4722886659608765,0,3
24,2020-09-02 09:42:57,2.476710247244908,0,3
25,2020-09-02 09:45:57,2.479961431646134,0,3
26,2020-09-02 09:48:57,2.481411756265169,0,3
27,2020-09-02 09:51:57,2.4807102306572713,0,3
28,2020-09-02 09:54:57,2.4777354458471392,0,3
29,2020-09-02 09:57:57,2.4725811925102126,0,3
30,2020-09-02 10:00:58,2.46548480457287,0,3
31,2020-09-02 10:03:58,2.4567763882833606,0,3
32,2020-09-02 10:06:59,2.44677962223793,0,3
33,2020-09-02 10:09:59,2.435793532831994,0,3
34,2020-09-02 10:13:01,2.4240332456913456,0,3
35,2020-09-02 10:16:01,2.4116834081581713,0,3
36,2020-09-02 10:19:02,2.3989172015021247,0,3
37,2020-09-02 10:22:02,2.385816111287949,0,3
38,2020-09-02 10:25:03,2.372442207120454,0,3
39,2020-09-02 10:28:08,2.359089056386375,0,3
40,2020-09-02 10:31:59,2.3460980694515277,0,3
41,2020-09-02 10:35:00,2.333671755858478,0,3
42,2020-09-02 10:38:00,2.322013030397066,0,3
43,2020-09-02 10:41:10,2.311286112424162,0,3
44,2020-09-02 10:44:03,2.301619483544113,0,3
45,2020-09-02 10:47:09,2.2931362381569795,0,3
46,2020-09-02 10:50:10,2.2859616770801052,0,3
47,2020-09-02 10:53:10,2.280226882779407,0,3
48,2020-09-02 10:56:08,2.27611668363023,0,3
49,2020-09-02 10:59:11,2.2738127854290124,0,3
50,2020-09-02 11:02:12,2.273405185788133,0,3
51,2020-09-02 11:05:19,2.2749526854393887,0,3
52,2020-09-02 11:08:13,2.278514315070538,0,3
53,2020-09-02 11:11:15,2.284010456025182,0,3
54,2020-09-02 11:14:19,2.291242622154158,0,3
55,2020-09-02 11:17:24,2.3000038560613554,0,3
56,2020-09-02 11:20:18,2.3100743874695295,0,3
57,2020-09-02 11:23:18,2.3211903651991443,0,3
58,2020-09-02 11:35:17,2.3330631105041433,0,3
59,2020-09-02 11:37:06,2.345386509252681,0,3
60,2020-09-02 11:40:04,2.3578897225660116,0,3
61,2020-09-02 11:43:04,2.370370598849095,0,3
62,2020-09-02 11:46:05,2.382790397410555,0,3
63,2020-09-02 11:49:05,2.3951910155482996,0,3
64,2020-09-02 11:52:06,2.4076127711729316,0,3
65,2020-09-02 11:55:07,2.4200100241117397,0,3
66,2020-09-02 11:58:10,2.4322363677327448,0,3
67,2020-09-02 12:01:09,2.4440687892790023,0,3
68,2020-09-02 12:04:10,2.455318575137696,0,3
69,2020-09-02 12:07:11,2.46576480231607,0,3
70,2020-09-02 12:10:11,2.4751391565669847,0,3
71,2020-09-02 12:13:11,2.483284552737787,0,3
72,2020-09-02 12:16:11,2.4901575880250117,0,3
73,2020-09-02 12:19:11,2.495848562761424,0,3
74,2020-09-02 12:22:12,2.5004792296226497,0,3
75,2020-09-02 12:25:12,2.504157085297812,0,3
76,2020-09-02 12:28:16,2.5069680664715546,0,3
77,2020-09-02 12:36:23,2.5090810879506953,0,3
78,2020-09-02 12:39:32,2.5108582408869387,0,3
79,2020-09-02 12:42:26,2.5125759801459386,0,3
80,2020-09-02 12:45:36,2.5142414806670432,0,3
81,2020-09-02 12:48:28,2.515889936833494,0,3
82,2020-09-02 12:51:27,2.5176159454076346,0,3
83,2020-09-02 12:54:29,2.5194898614300545,0,3
84,2020-09-02 12:57:31,2.5214999933286375,0,3
85,2020-09-02 13:00:30,2.52356832282561,0,3
86,2020-09-02 13:03:32,2.525653527879974,0,3
87,2020-09-02 13:06:34,2.527711668102597,0,3
88,2020-09-02 13:09:33,2.5296123270962028,0,3
89,2020-09-02 13:12:33,2.531142085543896,0,3
90,2020-09-02 13:15:34,2.53220359725842,0,3
91,2020-09-02 13:18:35,2.532768183669247,0,3
92,2020-09-02 13:21:36,2.5327281800922186,0,3
93,2020-09-02 13:24:36,2.531996574525704,0,3
94,2020-09-02 13:27:37,2.5305996952485357,0,3
95,2020-09-02 13:30:46,2.5286454303526833,0,3
96,2020-09-02 13:33:38,2.5262061251173895,0,3
97,2020-09-02 13:37:26,2.523294979353581,0,3
98,2020-09-02 13:40:26,2.5199943849415107,0,3
99,2020-09-02 13:43:26,2.516428997576395,0,3
100,2020-09-02 13:46:27,2.5126580925943585,0,3
101,2020-09-02 13:49:27,2.5087108704386565,0,3
102,2020-09-02 13:52:27,2.5046982031957183,0,3
103,2020-09-02 13:55:27,2.500745289148303,0,3
104,2020-09-02 13:58:27,2.4969178561071783,0,3
105,2020-09-02 14:01:36,2.4933392643365933,0,3
106,2020-09-02 14:04:39,2.4901851661031285,0,3
107,2020-09-02 14:07:35,2.487577735428494,0,3
108,2020-09-02 14:10:37,2.4855261193003,0,3
109,2020-09-02 14:13:42,2.483919040689021,0,3
110,2020-09-02 14:16:38,2.48266098099079,0,3
111,2020-09-02 14:19:43,2.4816429080806905,0,3
112,2020-09-02 14:22:40,2.4806384929506122,0,3
113,2020-09-02 14:25:40,2.479378296736598,0,3
114,2020-09-02 14:28:41,2.4776890072688826,0,3
115,2020-09-02 14:31:41,2.4755568239158476,0,3
116,2020-09-02 14:34:46,2.473187570921393,0,3
117,2020-09-02 14:38:30,2.4708259868345612,0,3
118,2020-09-02 14:41:29,2.4685894222969322,0,3
119,2020-09-02 14:44:30,2.4665214286238917,0,3
120,2020-09-02 14:47:30,2.4647035042082726,0,3
121,2020-09-02 14:50:30,2.463171902866535,0,3
122,2020-09-02 14:53:32,2.4618411363162447,0,3
123,2020-09-02 14:56:35,2.4605851462371287,0,3
124,2020-09-02 14:59:35,2.459338426958204,0,3
125,2020-09-02 15:02:35,2.4581009644932137,0,3
126,2020-09-02 15:05:36,2.4569128920436007,0,3
127,2020-09-02 15:08:39,2.4557470324348865,0,3
128,2020-09-02 15:11:44,2.454558227250517,0,3
129,2020-09-02 15:14:41,2.4533844786328665,0,3
130,2020-09-02 15:17:40,2.4522785488646828,0,3
131,2020-09-02 15:20:41,2.451191668221097,0,3
132,2020-09-02 15:23:52,2.4501426010131775,0,3
133,2020-09-02 15:26:43,2.4492128758835223,0,3
134,2020-09-02 15:29:43,2.448480140034601,0,3
135,2020-09-02 15:32:44,2.447977470160795,0,3
136,2020-09-02 15:35:45,2.4477506787215866,0,3
137,2020-09-02 15:39:32,2.447873857338429,0,3
138,2020-09-02 15:42:32,2.4483517907281214,0,3
139,2020-09-02 15:45:32,2.4491023883251892,0,3
140,2020-09-02 15:48:33,2.450136674976032,0,3
141,2020-09-02 15:51:34,2.4516661272383806,0,3
142,2020-09-02 15:54:34,2.4539145053396356,0,3
143,2020-09-02 15:57:34,2.4569582190268777,0,3
144,2020-09-02 16:00:35,2.4607577505099107,0,3
145,2020-09-02 16:03:35,2.465197475559038,0,3
146,2020-09-02 16:06:42,2.4700891051628218,0,3
147,2020-09-02 16:09:39,2.475233011844173,0,3
148,2020-09-02 16:12:47,2.480478868110889,0,3
149,2020-09-02 16:15:40,2.485707218680202,0,3
150,2020-09-02 16:18:40,2.4908621325095277,0,3
151,2020-09-02 16:21:45,2.495911988847327,0,3
152,2020-09-02 16:24:43,2.500671940735847,0,3
153,2020-09-02 16:27:46,2.505024985834328,0,3
154,2020-09-02 16:30:47,2.508981480289954,0,3
155,2020-09-02 16:33:49,2.5125248613894358,0,3
156,2020-09-02 16:36:53,2.5156301817673796,0,3
157,2020-09-02 16:40:39,2.518266576578415,0,3
158,2020-09-02 16:43:41,2.52038307466813,0,3
159,2020-09-02 16:46:43,2.5220026776809936,0,3
160,2020-09-02 16:49:51,2.523154314206459,0,3
161,2020-09-02 16:52:52,2.523844718413504,0,3
162,2020-09-02 17:01:50,2.5240932220913943,0,3
163,2020-09-02 17:04:55,2.5241521280676076,0,3
164,2020-09-02 17:07:54,2.5241961640093784,0,3
165,2020-09-02 17:10:54,2.5242282006295893,0,3
166,2020-09-02 17:13:55,2.52422266991521,0,3
167,2020-09-02 17:16:54,2.5241688833899856,0,3
168,2020-09-02 17:19:55,2.524123871493838,0,3
169,2020-09-02 17:22:56,2.524161343269164,0,3
170,2020-09-02 17:25:57,2.524274821115305,0,3
171,2020-09-02 17:29:04,2.5243584748099774,0,3
172,2020-09-02 17:32:04,2.524211957279658,0,3
173,2020-09-02 17:35:00,2.523601713052353,0,3
174,2020-09-02 17:38:05,2.522343649358324,0,3
175,2020-09-02 17:41:41,2.5203062501543503,0,3
176,2020-09-02 17:44:43,2.517423450091055,0,3
177,2020-09-02 17:47:52,2.513665831742841,0,3
178,2020-09-02 17:50:56,2.5090292135331094,0,3
179,2020-09-02 17:54:05,2.5035782782287472,0,3
180,2020-09-02 17:56:56,2.4974113555367166,0,3
181,2020-09-02 17:59:52,2.490534576877684,0,3
182,2020-09-03 08:30:05,2.4829153699010185,0,3
183,2020-09-03 08:33:06,2.4746203897550147,0,3
184,2020-09-03 08:36:12,2.465769390227995,0,3
185,2020-09-03 08:39:08,2.4564616067593517,0,3
186,2020-09-03 08:42:09,2.446778012580671,0,3
187,2020-09-03 08:48:10,2.436725928461466,0,3
188,2020-09-03 08:51:11,2.426255123880196,0,3
189,2020-09-03 08:54:17,2.415290217553354,0,3
190,2020-09-03 08:57:12,2.4038029507274232,0,3
191,2020-09-03 09:01:08,2.3918399063609885,0,3
192,2020-09-03 09:04:08,2.379513886348467,0,3
193,2020-09-03 09:07:09,2.3670983892097146,0,3
194,2020-09-03 09:10:20,2.354779591484352,0,3
195,2020-09-03 09:13:14,2.3426798496864616,0,3
196,2020-09-03 09:16:13,2.3309660056859025,0,3
197,2020-09-03 09:19:15,2.319822293809866,0,3
198,2020-09-03 09:22:16,2.309423837225197,0,3
199,2020-09-03 09:25:17,2.3000033629933627,0,3
200,2020-09-03 09:28:18,2.291819139090526,0,3
201,2020-09-03 09:31:20,2.2851215206825155,0,3
202,2020-09-03 09:34:28,2.2801316037479973,0,3
203,2020-09-03 09:37:34,2.2769219607498195,0,3
204,2020-09-03 09:40:23,2.2753248940150783,0,3
205,2020-09-03 09:43:23,2.2753676061720176,0,3
206,2020-09-03 09:46:23,2.277107939191084,0,3
207,2020-09-03 09:49:24,2.2804420871189386,0,3
208,2020-09-03 09:52:25,2.285174219366666,0,3
209,2020-09-03 09:55:28,2.2911185271502728,0,3
210,2020-09-03 09:58:27,2.2980914158115304,0,3
211,2020-09-03 10:02:05,2.305884379229203,0,3
212,2020-09-03 10:05:06,2.3142569240359556,0,3
213,2020-09-03 10:08:07,2.322969732403225,0,3
214,2020-09-03 10:11:08,2.3317295163052587,0,3
215,2020-09-03 10:14:08,2.340254933687212,0,3
216,2020-09-03 10:17:08,2.348370952677368,0,3
217,2020-09-03 10:20:09,2.3559828935513027,0,3
218,2020-09-03 10:23:09,2.3629954474172292,0,3
219,2020-09-03 10:26:10,2.369332439400267,0,3
220,2020-09-03 10:29:10,2.3749826288264817,0,3
221,2020-09-03 10:32:11,2.379901758070543,0,3
222,2020-09-03 10:35:12,2.384061700506934,0,3
223,2020-09-03 10:38:13,2.3874249846441025,0,3
224,2020-09-03 10:41:13,2.389932591342721,0,3
225,2020-09-03 10:44:15,2.3915189451226873,0,3
226,2020-09-03 10:47:15,2.3921662833805613,0,3
227,2020-09-03 10:50:15,2.391930102522222,0,3
228,2020-09-03 10:53:16,2.390934351121091,0,3
229,2020-09-03 10:56:16,2.389332556455316,0,3
230,2020-09-03 10:59:19,2.3873055431287042,0,3
231,2020-09-03 11:03:09,2.38502631080511,0,3
232,2020-09-03 11:06:10,2.3826248007167723,0,3
233,2020-09-03 11:09:16,2.3801760005769497,0,3
234,2020-09-03 11:12:22,2.3776543936776533,0,3
235,2020-09-03 11:15:16,2.3750528951460224,0,3
236,2020-09-03 11:18:16,2.3723678511411537,0,3
237,2020-09-03 11:21:19,2.3695418403974577,0,3
238,2020-09-03 11:24:27,2.3665473051458115,0,3
239,2020-09-03 11:27:29,2.3634902673339786,0,3
240,2020-09-03 11:30:21,2.3606085727677244,0,3
241,2020-09-03 11:33:22,2.358151094464131,0,3
242,2020-09-03 11:36:23,2.356373805915106,0,3
243,2020-09-03 11:45:23,2.3554731842981416,0,3
244,2020-09-03 11:48:24,2.35554617380082,0,3
245,2020-09-03 11:51:25,2.35656186167168,0,3
246,2020-09-03 11:54:28,2.358359304064355,0,3
247,2020-09-03 11:57:26,2.3607604399310214,0,3
248,2020-09-03 12:00:26,2.3635506976638263,0,3
249,2020-09-03 12:04:14,2.366507530615586,0,3
250,2020-09-03 12:07:15,2.3694760727856576,0,3
251,2020-09-03 12:10:16,2.372416204672745,0,3
252,2020-09-03 12:13:16,2.3753703386802902,0,3
253,2020-09-03 12:16:16,2.3784108310824226,0,3
254,2020-09-03 12:19:22,2.3815528680584075,0,3
255,2020-09-03 12:22:19,2.3847416080612374,0,3
256,2020-09-03 12:25:20,2.3878184468808463,0,3
257,2020-09-03 12:28:27,2.3905523301885694,0,3
258,2020-09-03 12:31:23,2.3927678004136266,0,3
259,2020-09-03 12:34:32,2.3943632911734185,0,3
260,2020-09-03 12:37:24,2.3952899939082815,0,3
261,2020-09-03 12:40:26,2.395594004968845,0,3
262,2020-09-03 12:43:25,2.395430947187922,0,3
263,2020-09-03 12:46:27,2.394935859900231,0,3
264,2020-09-03 12:49:27,2.3941805866266668,0,3
265,2020-09-03 12:52:27,2.393213630646787,0,3
266,2020-09-03 12:55:27,2.392077187897643,0,3
267,2020-09-03 13:01:27,2.390856592391142,0,3
268,2020-09-03 13:05:17,2.3895945397049916,0,3
269,2020-09-03 13:08:17,2.38839733441825,0,3
270,2020-09-03 13:11:18,2.387389975256995,0,3
271,2020-09-03 13:14:18,2.3866307858716747,0,3
272,2020-09-03 13:17:20,2.3860982523219603,0,3
273,2020-09-03 13:20:20,2.385746216377618,0,3
274,2020-09-03 13:23:21,2.3855213398190775,0,3
275,2020-09-03 13:26:21,2.385392436272717,0,3
276,2020-09-03 13:29:27,2.3853206446059594,0,3
277,2020-09-03 13:32:24,2.3853717020637206,0,3
278,2020-09-03 13:35:24,2.3857285653330975,0,3
279,2020-09-03 13:38:26,2.3865111293102865,0,3
280,2020-09-03 13:41:28,2.387703306420055,0,3
281,2020-09-03 13:47:27,2.389162801810432,0,3
282,2020-09-03 13:50:28,2.3907330266905293,0,3
283,2020-09-03 13:53:33,2.3922991825824997,0,3
284,2020-09-03 13:56:30,2.3938418522269878,0,3
285,2020-09-03 13:59:31,2.395389565549461,0,3
286,2020-09-03 14:02:39,2.3969846627646083,0,3
287,2020-09-03 14:06:24,2.3986636593430566,0,3
288,2020-09-03 14:09:24,2.400426929600586,0,3
289,2020-09-03 14:12:24,2.402325985187656,0,3
290,2020-09-03 14:15:24,2.4043887807825,0,3
291,2020-09-03 14:18:25,2.4065572350831523,0,3
292,2020-09-03 14:21:27,2.408716087129233,0,3
293,2020-09-03 14:24:28,2.410745708197496,0,3
294,2020-09-03 14:27:28,2.4126066025672785,0,3
295,2020-09-03 14:30:29,2.4143005135416447,0,3
296,2020-09-03 14:33:29,2.415838552867106,0,3
297,2020-09-03 14:36:30,2.4172527551250886,0,3
298,2020-09-03 14:39:33,2.418564900462888,0,3
299,2020-09-03 14:42:32,2.4197632878055795,0,3
300,2020-09-03 14:45:40,2.42080180318119,0,3
301,2020-09-03 14:48:40,2.4215529881616566,0,3
302,2020-09-03 14:51:39,2.42184080697323,0,3
303,2020-09-03 15:02:15,2.42160921235672,0,3
304,2020-09-03 15:05:15,2.420945194162257,0,3
305,2020-09-03 15:08:17,2.420011052093495,0,3
306,2020-09-03 15:14:16,2.419005989317962,0,3
307,2020-09-03 15:17:17,2.418119462344368,0,3
308,2020-09-03 15:20:19,2.417487816598003,0,3
309,2020-09-03 15:23:19,2.417221209349346,0,3
310,2020-09-03 15:26:21,2.417257473983882,0,3
311,2020-09-03 15:52:11,2.4174691482072403,0,3
312,2020-09-03 15:55:07,2.41781668139326,0,3
313,2020-09-03 15:58:16,2.418330703955488,0,3
314,2020-09-03 16:01:08,2.4190997016944347,0,3
315,2020-09-03 16:04:08,2.420251922231554,0,3
316,2020-09-03 16:07:09,2.4218409664329577,0,3
317,2020-09-03 16:10:09,2.423939536121036,0,3
318,2020-09-03 16:13:10,2.426598581371499,0,3
319,2020-09-03 16:16:11,2.429792812479778,0,3
320,2020-09-03 16:41:47,2.4334299235901202,0,3
321,2020-09-03 16:44:56,2.4373413478641197,0,3
322,2020-09-03 16:47:48,2.441330188639997,0,3
323,2020-09-03 16:50:49,2.445167945212691,0,3
324,2020-09-03 16:53:50,2.448581074495066,0,3
325,2020-09-03 16:56:50,2.4513241428197388,0,3
326,2020-09-03 16:59:51,2.4532822904430365,0,3
327,2020-09-03 17:03:02,2.45441958785236,0,3
328,2020-09-03 17:05:52,2.4548207019946346,0,3
329,2020-09-03 17:30:19,2.4546317289819815,0,3
330,2020-09-03 17:33:19,2.454005115989976,0,3
331,2020-09-03 17:36:19,2.453109966664965,0,3
332,2020-09-03 17:39:28,2.4520646456744326,0,3
333,2020-09-03 17:42:29,2.450867358187323,0,3
334,2020-09-03 17:45:31,2.449502582195449,0,3
335,2020-09-03 17:48:29,2.4480156236569925,0,3
336,2020-09-03 17:51:30,2.446481867553045,0,3
337,2020-09-03 17:54:29,2.4449571475908107,0,3
338,2020-09-04 08:38:09,2.4434336251888213,0,3
339,2020-09-04 08:41:09,2.4419476711699684,0,3
340,2020-09-04 08:44:10,2.440487417171724,0,3
341,2020-09-04 08:47:10,2.4389548875148375,0,3
342,2020-09-04 08:50:11,2.4372266481328557,0,3
343,2020-09-04 08:53:14,2.4352240570633152,0,3
344,2020-09-04 08:56:14,2.432893505762344,0,3
345,2020-09-04 08:59:14,2.430259768810927,0,3
346,2020-09-04 09:02:15,2.427345466337526,0,3
347,2020-09-04 09:29:02,2.424217785087869,0,3
348,2020-09-04 09:32:02,2.42108110597151,0,3
349,2020-09-04 09:35:04,2.418209736882008,0,3
350,2020-09-04 09:38:03,2.4158669632517946,0,3
351,2020-09-04 09:41:15,2.414347286546902,0,3
352,2020-09-04 09:44:15,2.413887582926606,0,3
353,2020-09-04 09:47:14,2.4146383540546372,0,3
354,2020-09-04 09:50:10,2.4167130777019095,0,3
355,2020-09-04 09:53:11,2.4201636772575155,0,3
356,2020-09-04 10:19:02,2.4249511773354824,0,3
357,2020-09-04 10:22:02,2.430932760951166,0,3
358,2020-09-04 10:25:03,2.437753380830609,0,3
359,2020-09-04 10:28:03,2.444948029433648,0,3
360,2020-09-04 10:31:04,2.4520424692851677,0,3
361,2020-09-04 10:34:14,2.4586739319782493,0,3
362,2020-09-04 10:37:11,2.464644475062938,0,3
363,2020-09-04 10:40:16,2.469885866484897,0,3
364,2020-09-04 10:43:09,2.474394250733151,0,3
365,2020-09-04 11:07:44,2.4782730429746045,0,3
366,2020-09-04 11:10:45,2.4816531323113398,0,3
367,2020-09-04 11:13:46,2.484668283066051,0,3
368,2020-09-04 11:16:46,2.4874406538679015,0,3
369,2020-09-04 11:19:46,2.490023790164925,0,3
370,2020-09-04 11:22:46,2.492357074633576,0,3
371,2020-09-04 11:25:56,2.4943744151183997,0,3
372,2020-09-04 11:28:47,2.496137525308926,0,3
373,2020-09-04 11:31:48,2.497803975688119,0,3
374,2020-09-04 11:54:37,2.4995402988987014,0,3
375,2020-09-04 11:57:37,2.5013757839731814,0,3
376,2020-09-04 12:00:38,2.503258628485052,0,3
377,2020-09-04 12:03:38,2.5051880185549935,0,3
378,2020-09-04 12:06:38,2.507116989894925,0,3
379,2020-09-04 12:09:38,2.508948472528154,0,3
380,2020-09-04 12:12:45,2.510486803704204,0,3
381,2020-09-04 12:15:46,2.511652492461722,0,3
382,2020-09-04 12:18:42,2.5125053980009238,0,3
383,2020-09-04 12:41:22,2.5131980402227643,0,3
384,2020-09-04 12:44:22,2.5138731217172783,0,3
385,2020-09-04 12:47:23,2.5146046613225863,0,3
386,2020-09-04 12:50:25,2.5153097659764323,0,3
387,2020-09-04 12:53:25,2.515761945437812,0,3
388,2020-09-04 12:56:26,2.51561222910461,0,3
389,2020-09-04 12:59:26,2.514499855487991,0,3
390,2020-09-04 13:02:33,2.512111531882999,0,3
391,2020-09-04 13:05:29,2.50828872847226,0,3
392,2020-09-04 13:28:15,2.5029364220152264,0,3
393,2020-09-04 13:31:18,2.4960327977460812,0,3
394,2020-09-04 13:34:10,2.4876160723335916,0,3
395,2020-09-04 13:37:11,2.4777620108203084,0,3
396,2020-09-04 13:40:12,2.466546447270801,0,3
397,2020-09-04 13:43:17,2.454026977742238,0,3
398,2020-09-04 13:46:13,2.4402912460693766,0,3
399,2020-09-04 13:49:17,2.4254572242694348,0,3
400,2020-09-04 13:52:15,2.4097186494948577,0,3
401,2020-09-04 13:55:14,2.3933235817930765,0,3
402,2020-09-04 13:58:15,2.376596171824646,0,3
403,2020-09-04 14:01:22,2.3599625412505674,0,3
404,2020-09-04 14:04:17,2.3438428727968237,0,3
405,2020-09-04 14:07:21,2.3285709390046314,0,3
406,2020-09-04 14:10:23,2.3143557279997466,0,3
407,2020-09-04 14:16:28,2.3013912083805277,0,3
408,2020-09-04 14:19:21,2.2899072767636035,0,3
409,2020-09-04 14:22:21,2.2801036060370645,0,3
410,2020-09-04 14:25:21,2.2721595228263904,0,3
411,2020-09-04 14:29:03,2.2662236985911917,0,3
412,2020-09-04 14:32:03,2.2623214459343113,0,3
413,2020-09-04 14:35:03,2.260453780562354,0,3
414,2020-09-04 14:38:03,2.260602596553639,0,3
415,2020-09-04 14:41:03,2.2627102553708687,0,3
416,2020-09-04 14:44:03,2.2666999986296896,0,3
417,2020-09-04 14:47:04,2.272509871184249,0,3
418,2020-09-04 14:50:03,2.280182090563491,0,3
419,2020-09-04 14:53:05,2.289846090930885,0,3
420,2020-09-04 14:56:05,2.3015987415219614,0,3
421,2020-09-04 14:59:14,2.3154584608839084,0,3
422,2020-09-04 15:02:08,2.3312261610633254,0,3
423,2020-09-04 15:05:08,2.348459167549671,0,3
424,2020-09-04 15:08:09,2.3665006884755933,0,3
425,2020-09-04 15:14:10,2.384719886352846,0,3
426,2020-09-04 15:17:10,2.4026183724211476,0,3
427,2020-09-04 15:20:10,2.4198889492922167,0,3
428,2020-09-04 15:23:11,2.4363547341190808,0,3
429,2020-09-04 15:26:18,2.451912191476386,0,3
430,2020-09-04 15:30:04,2.466451559983085,0,3
431,2020-09-04 15:33:04,2.4799049071982044,0,3
432,2020-09-04 15:36:04,2.4921544220958456,0,3
433,2020-09-04 15:39:04,2.5028889388114663,0,3
434,2020-09-04 15:42:05,2.511636008573448,0,3
435,2020-09-04 15:45:06,2.517906406671985,0,3
436,2020-09-04 15:48:11,2.5214004720783176,0,3
437,2020-09-04 15:51:08,2.5220800107466967,0,3
438,2020-09-04 15:54:10,2.5201648127331193,0,3
439,2020-09-04 15:57:11,2.5160283370620884,0,3
440,2020-09-04 16:00:11,2.510083734037671,0,3
441,2020-09-04 16:03:11,2.502642843361862,0,3
442,2020-09-04 16:06:11,2.4939156903771913,0,3
443,2020-09-04 16:09:12,2.483980510485936,0,3
444,2020-09-04 16:12:11,2.4728524178449653,0,3
445,2020-09-04 16:15:23,2.4606421089250734,0,3
446,2020-09-04 16:18:14,2.447551215432136,0,3
447,2020-09-04 16:21:14,2.433855035997106,0,3
448,2020-09-04 16:24:20,2.4198518070990414,0,3
449,2020-09-04 16:27:17,2.405824722087293,0,3
450,2020-09-04 16:31:08,2.391991200635471,0,3
451,2020-09-04 16:34:08,2.3784639002790327,0,3
452,2020-09-04 16:37:09,2.3652403164779683,0,3
453,2020-09-04 16:40:08,2.352295017199811,0,3
454,2020-09-04 16:43:08,2.3396213411594244,0,3
455,2020-09-04 16:46:09,2.327394014163665,0,3
456,2020-09-04 16:49:08,2.3158670855427586,0,3
457,2020-09-04 16:52:09,2.3051920607826224,0,3
458,2020-09-04 16:55:10,2.295457780796064,0,3
459,2020-09-04 16:58:20,2.28669598958464,0,3
460,2020-09-04 17:01:11,2.279015332982252,0,3
461,2020-09-04 17:04:15,2.273116378076145,0,3
462,2020-09-04 17:07:14,2.269820344442559,0,3
463,2020-09-04 17:10:15,2.269671708845063,0,3
464,2020-09-04 17:13:16,2.2730124379764836,0,3
465,2020-09-04 17:16:17,2.2799846593371824,0,3
466,2020-09-04 17:19:18,2.2903972757027518,0,3
467,2020-09-04 17:22:22,2.303780749505008,0,3
468,2020-09-04 17:25:19,2.3194764858009753,0,3
469,2020-09-04 17:32:12,2.336696374130285,0,3
470,2020-09-04 17:35:12,2.3545737482373807,0,3
471,2020-09-04 17:38:12,2.3723136077173397,0,3
472,2020-09-04 17:41:12,2.389247367311743,0,3
473,2020-09-04 17:44:13,2.4050320451421285,0,3
474,2020-09-04 17:47:14,2.419743185812168,0,3
475,2020-09-04 17:50:13,2.4336395927838845,0,3
476,2020-09-04 17:53:15,2.4470283514392452,0,3
477,2020-09-04 17:56:15,2.460129178153891,0,3
478,2020-09-04 17:59:16,2.473020453258574,0,3
479,2020-09-04 18:02:17,2.485670303077778,0,3
480,2020-09-08 08:23:18,2.4979214537545094,0,3
481,2020-09-08 08:26:15,2.509520234058124,0,3
482,2020-09-08 08:29:16,2.5201043978289217,0,3
483,2020-09-08 08:32:16,2.529275304618534,0,3
484,2020-09-08 08:35:22,2.5366415343419635,0,3
485,2020-09-08 08:38:17,2.541889334958485,0,3
486,2020-09-08 08:41:18,2.544801500940013,0,3
487,2020-09-08 08:47:20,2.5451561505000155,0,3
488,2020-09-08 08:50:23,2.5427471417990994,0,3
489,2020-09-08 08:53:23,2.5374511330597764,0,3
490,2020-09-08 08:56:22,2.529315005335109,0,3
491,2020-09-08 08:59:23,2.5186046254924923,0,3
492,2020-09-08 09:02:23,2.5057791070933613,0,3
493,2020-09-08 09:05:24,2.491443739091224,0,3
494,2020-09-08 09:08:24,2.476122419632752,0,3
495,2020-09-08 09:11:24,2.4602610228708865,0,3
496,2020-09-08 09:14:24,2.4443734612555907,0,3
497,2020-09-08 09:17:25,2.4290024644285566,0,3
498,2020-09-08 09:20:25,2.414600785043003,0,3
499,2020-09-08 09:25:36,2.401393819695949,0,3
500,2020-09-08 09:27:24,2.3894103185258864,0,3
501,2020-09-08 09:30:25,2.378402024173986,0,3
502,2020-09-08 09:33:25,2.367705783128933,0,3
503,2020-09-08 09:36:25,2.3569366785883066,0,3
504,2020-09-08 09:39:26,2.34603442126442,0,3
505,2020-09-08 09:42:25,2.3348878545821057,0,3
506,2020-09-08 09:45:26,2.32336590212379,0,3
507,2020-09-08 09:48:26,2.3115038487165025,0,3
508,2020-09-08 09:51:26,2.2995179507655257,0,3
509,2020-09-08 09:54:26,2.2877007982209356,0,3
510,2020-09-08 09:57:26,2.276493893058589,0,3
511,2020-09-08 10:00:28,2.266438070781228,0,3
512,2020-09-08 10:03:29,2.2579597414744037,0,3
513,2020-09-08 10:06:30,2.2513032825861528,0,3
514,2020-09-08 10:09:31,2.246505050843756,0,3
515,2020-09-08 10:12:31,2.2435190704468058,0,3
516,2020-09-08 10:15:32,2.242388644295497,0,3
517,2020-09-08 10:18:32,2.2432169847175394,0,3
518,2020-09-08 10:21:33,2.2458170674095377,0,3
519,2020-09-08 10:25:19,2.249796725443081,0,3
520,2020-09-08 10:28:21,2.254707839362988,0,3
521,2020-09-08 10:31:20,2.260185354333524,0,3
522,2020-09-08 10:34:21,2.2659779941488254,0,3
523,2020-09-08 10:37:24,2.2718783217216707,0,3
524,2020-09-08 10:46:25,2.2776699850643825,0,3
525,2020-09-08 10:49:26,2.283260302553489,0,3
526,2020-09-08 10:52:35,2.288648556413329,0,3
527,2020-09-08 10:55:28,2.293879362230144,0,3
528,2020-09-08 10:58:28,2.299132851968092,0,3
529,2020-09-08 11:01:29,2.3046225577096178,0,3
530,2020-09-08 11:04:29,2.3105143422929326,0,3
531,2020-09-08 11:07:31,2.3169401162968533,0,3
532,2020-09-08 11:10:32,2.3239400040507463,0,3
533,2020-09-08 11:13:35,2.331421965546261,0,3
534,2020-09-08 11:16:36,2.3392787747865205,0,3
535,2020-09-08 11:19:37,2.347414533198256,0,3
536,2020-09-08 11:22:37,2.355764857039379,0,3
537,2020-09-08 11:29:25,2.3641609775752714,0,3
538,2020-09-08 11:32:29,2.3723518331977322,0,3
539,2020-09-08 11:35:27,2.380213403415924,0,3
540,2020-09-08 11:41:28,2.3876329819164304,0,3
541,2020-09-08 11:44:29,2.3944153063338707,0,3
542,2020-09-08 11:47:33,2.400359485969775,0,3
543,2020-09-08 11:50:32,2.4052978751014864,0,3
544,2020-09-08 11:53:40,2.4090246067754792,0,3
545,2020-09-08 11:56:40,2.4114227608426675,0,3
546,2020-09-08 11:59:37,2.4125902875083494,0,3
547,2020-09-08 12:02:37,2.412793146142609,0,3
548,2020-09-08 12:05:37,2.4122428104914513,0,3
549,2020-09-08 12:11:38,2.411088585032321,0,3
550,2020-09-08 12:14:38,2.409540763588598,0,3
551,2020-09-08 12:17:49,2.407795956452554,0,3
552,2020-09-08 12:20:50,2.4059818481221322,0,3
553,2020-09-08 12:23:49,2.404353865066245,0,3
554,2020-09-08 12:28:46,2.403167179699908,0,3
555,2020-09-08 12:31:47,2.402561506159339,0,3
556,2020-09-08 12:34:49,2.4025180444427665,0,3
557,2020-09-08 12:37:53,2.402778435228929,0,3
558,2020-09-08 12:40:48,2.403079179776052,0,3
559,2020-09-08 12:43:52,2.4035552866497865,0,3
560,2020-09-08 12:46:49,2.4043989602356977,0,3
561,2020-09-08 12:49:51,2.405796388362617,0,3
562,2020-09-08 12:52:53,2.4078839605138884,0,3
563,2020-09-08 12:55:52,2.4107154313445296,0,3
564,2020-09-08 13:05:04,2.414196267466332,0,3
565,2020-09-08 13:07:55,2.418295062848796,0,3
566,2020-09-08 13:10:55,2.42299441638222,0,3
567,2020-09-08 13:13:56,2.4281595534091807,0,3
568,2020-09-08 13:16:56,2.433731684047766,0,3
569,2020-09-08 13:19:56,2.4397478884179034,0,3
570,2020-09-08 13:22:57,2.4462552381116804,0,3
571,2020-09-08 13:25:59,2.4532974765744604,0,3
572,2020-09-08 13:29:55,2.460861470923176,0,3
573,2020-09-08 13:32:56,2.4691179610044642,0,3
574,2020-09-08 13:36:02,2.4782287535867873,0,3
575,2020-09-08 13:38:58,2.488277923405427,0,3
576,2020-09-08 13:41:59,2.499322712184525,0,3
577,2020-09-08 13:44:59,2.5111927712911983,0,3
578,2020-09-08 13:48:04,2.523618591921684,0,3
579,2020-09-08 13:51:02,2.5361860970002397,0,3
580,2020-09-08 13:54:02,2.548294615321069,0,3
581,2020-09-08 13:57:02,2.5594022978626674,0,3
582,2020-09-08 14:00:02,2.5689648518581665,0,3
583,2020-09-08 14:03:03,2.576453835460571,0,3
584,2020-09-08 14:06:03,2.5815806791149845,0,3
585,2020-09-08 14:09:03,2.584383610300063,0,3
586,2020-09-08 14:12:03,2.584973545321885,0,3
587,2020-09-08 14:15:05,2.5835448277601296,0,3
588,2020-09-08 14:18:05,2.580377790354217,0,3
589,2020-09-08 14:21:14,2.575830620633964,0,3
590,2020-09-08 14:24:16,2.5702615267786935,0,3
591,2020-09-08 14:27:19,2.5639688880052534,0,3
592,2020-09-08 14:30:54,2.5572063888003393,0,3
593,2020-09-08 14:33:54,2.5502786646347086,0,3
594,2020-09-08 14:36:55,2.543363833577139,0,3
595,2020-09-08 14:39:56,2.53649943858177,0,3
596,2020-09-08 14:42:56,2.529641785169831,0,3
597,2020-09-08 14:45:57,2.522631119757558,0,3
598,2020-09-08 14:48:59,2.5152519202415418,0,3
599,2020-09-08 14:51:59,2.507259807944423,0,3
600,2020-09-08 14:55:01,2.4984855622705338,0,3
601,2020-09-08 14:58:03,2.4889706999138914,0,3
602,2020-09-08 15:01:02,2.478796229577889,0,3
603,2020-09-08 15:04:06,2.4682885856751264,0,3
604,2020-09-08 15:07:06,2.457865877990592,0,3
605,2020-09-08 15:10:05,2.448088438802806,0,3
606,2020-09-08 15:16:07,2.4394582018707203,0,3
607,2020-09-08 15:19:10,2.432324838126014,0,3
608,2020-09-08 15:22:10,2.4269192675122313,0,3
609,2020-09-08 15:31:57,2.4231967252589324,0,3
610,2020-09-08 15:38:07,2.4209483123178233,0,3
611,2020-09-08 15:41:00,2.4199634671198376,0,3
612,2020-09-08 15:44:08,2.4199951365010937,0,3
613,2020-09-08 15:47:01,2.420776827410385,0,3
614,2020-09-08 15:50:02,2.4219288463130138,0,3
615,2020-09-08 15:53:03,2.4231450304743913,0,3
616,2020-09-08 15:56:03,2.424118501536234,0,3
617,2020-09-08 15:59:04,2.4245583251940017,0,3
618,2020-09-08 16:02:16,2.4243525642159502,0,3
619,2020-09-08 16:05:14,2.4235335584778825,0,3
620,2020-09-08 16:08:09,2.4223781563372153,0,3
621,2020-09-09 08:20:11,2.421251930596653,0,3
622,2020-09-09 08:23:12,2.42044776063504,0,3
623,2020-09-09 08:26:13,2.420272933834286,0,3
624,2020-09-09 08:29:15,2.420893224682727,0,3
625,2020-09-09 08:32:25,2.422229557177031,0,3
626,2020-09-09 08:35:16,2.4241142937773716,0,3
627,2020-09-09 08:39:10,2.4264119400633652,0,3
628,2020-09-09 08:42:09,2.428964001610331,0,3
629,2020-09-09 08:45:11,2.431741682815084,0,3
630,2020-09-09 08:48:10,2.4348405095993106,0,3
631,2020-09-09 08:54:11,2.4383233675602782,0,3
632,2020-09-09 08:57:22,2.4420991902974603,0,3
633,2020-09-09 09:00:15,2.4460036122484423,0,3
634,2020-09-09 09:03:15,2.4497606163482413,0,3
635,2020-09-09 09:06:15,2.4531466749873814,0,3
636,2020-09-09 09:09:15,2.4561052441716202,0,3
637,2020-09-09 09:18:16,2.4586805023753393,0,3
638,2020-09-09 09:21:16,2.461126462538509,0,3
639,2020-09-09 09:24:16,2.4638331507364004,0,3
640,2020-09-09 09:27:17,2.467150016283738,0,3
641,2020-09-09 09:30:17,2.4712052256458383,0,3
642,2020-09-09 09:33:17,2.4758738377783955,0,3
643,2020-09-09 09:36:18,2.480920687399169,0,3
644,2020-09-09 09:40:13,2.4860519317453997,0,3
645,2020-09-09 09:43:14,2.4910735547543603,0,3
646,2020-09-09 09:46:14,2.4957198548559725,0,3
647,2020-09-09 09:49:15,2.49967769619302,0,3
648,2020-09-09 09:52:16,2.502718260052886,0,3
649,2020-09-09 09:55:16,2.5047112249531382,0,3
650,2020-09-09 09:58:17,2.5055958916658354,0,3
651,2020-09-09 10:01:17,2.5053591710132186,0,3
652,2020-09-09 10:04:18,2.504098983663851,0,3
653,2020-09-09 10:07:19,2.5020319032185414,0,3
654,2020-09-09 10:10:20,2.499397142735194,0,3
655,2020-09-09 10:13:20,2.496468805618451,0,3
656,2020-09-09 10:16:22,2.4935932924498228,0,3
657,2020-09-09 10:19:23,2.491115387821116,0,3
658,2020-09-09 10:22:23,2.489283541761487,0,3
659,2020-09-09 10:25:24,2.4881959127350752,0,3
660,2020-09-09 10:28:26,2.487779490259139,0,3
661,2020-09-09 10:31:28,2.4877861506592476,0,3
662,2020-09-09 10:34:28,2.488027348367587,0,3
663,2020-09-09 10:37:29,2.4885359307795816,0,3
664,2020-09-09 10:47:26,2.4894937698268595,0,3
665,2020-09-09 10:50:29,2.4910858758281456,0,3
666,2020-09-09 10:53:37,2.4934294320804993,0,3
667,2020-09-09 10:56:29,2.496611225855899,0,3
668,2020-09-09 10:59:30,2.500668245378422,0,3
669,2020-09-09 11:02:31,2.5054390632641477,0,3
670,2020-09-09 11:05:31,2.510496471510186,0,3
671,2020-09-09 11:08:38,2.5153362054028676,0,3
672,2020-09-09 11:11:34,2.5195479925288637,0,3
673,2020-09-09 11:14:43,2.5229927156317227,0,3
674,2020-09-09 11:17:38,2.525668107819828,0,3
675,2020-09-09 11:20:38,2.5275994121790637,0,3
676,2020-09-09 11:23:45,2.528745535927987,0,3
677,2020-09-09 11:26:51,2.529023081153491,0,3
678,2020-09-09 11:29:43,2.5282898581617053,0,3
679,2020-09-09 11:32:43,2.5264115206673687,0,3
680,2020-09-09 11:35:48,2.5233018025506633,0,3
681,2020-09-09 11:38:52,2.5189079161618984,0,3
682,2020-09-09 11:42:19,2.5132862168160255,0,3
683,2020-09-09 11:45:19,2.506485864228109,0,3
684,2020-09-09 11:48:20,2.498438776708454,0,3
685,2020-09-09 11:51:20,2.4889939702689485,0,3
686,2020-09-09 11:54:20,2.478038516937298,0,3
687,2020-09-09 11:57:21,2.4656317167581463,0,3
688,2020-09-09 12:00:21,2.451963216679042,0,3
689,2020-09-09 12:03:21,2.4372146405220683,0,3
690,2020-09-09 12:06:21,2.4216564001812113,0,3
691,2020-09-09 12:09:21,2.4056433789679463,0,3
692,2020-09-09 12:12:23,2.389444996362517,0,3
693,2020-09-09 12:15:25,2.373209014987067,0,3
694,2020-09-09 12:18:25,2.3570758029370875,0,3
695,2020-09-09 12:21:26,2.3412880177665354,0,3
696,2020-09-09 12:24:26,2.32613035790423,0,3
697,2020-09-09 12:27:27,2.3118942764749004,0,3
698,2020-09-09 12:30:29,2.2989163708136804,0,3
699,2020-09-09 12:33:29,2.2876092572174676,0,3
700,2020-09-09 12:36:30,2.2783055283873805,0,3
701,2020-09-09 12:39:31,2.271237076171845,0,3
702,2020-09-09 12:43:23,2.266461343247707,0,3
703,2020-09-09 12:46:30,2.263806469607685,0,3
704,2020-09-09 12:55:25,2.26294518890602,0,3
705,2020-09-09 12:58:35,2.263504086413278,0,3
706,2020-09-09 13:01:27,2.2651420709510752,0,3
707,2020-09-09 13:04:37,2.2675179125694847,0,3
708,2020-09-09 13:07:28,2.270218834920909,0,3
709,2020-09-09 13:10:28,2.272948088768642,0,3
710,2020-09-09 13:13:30,2.2757330659935215,0,3
711,2020-09-09 13:16:29,2.278768495803279,0,3
712,2020-09-09 13:19:36,2.2821334859918574,0,3
713,2020-09-09 13:22:33,2.2858407417309112,0,3
714,2020-09-09 13:25:35,2.2898891575370817,0,3
715,2020-09-09 13:28:39,2.294315457276414,0,3
716,2020-09-09 13:31:42,2.299151974538619,0,3
717,2020-09-09 13:34:38,2.3043389526378566,0,3
718,2020-09-09 13:37:38,2.3096636617254176,0,3
719,2020-09-09 13:40:39,2.3147892780209935,0,3
720,2020-09-09 13:44:35,2.3192848130297685,0,3
721,2020-09-09 13:47:30,2.3227536678266785,0,3
722,2020-09-09 13:50:38,2.3248825830644817,0,3
723,2020-09-09 13:53:34,2.3254721424986897,0,3
724,2020-09-09 13:56:37,2.3245234198194282,0,3
725,2020-09-09 13:59:36,2.3221363279692153,0,3
726,2020-09-09 14:02:42,2.3184494367137405,0,3
727,2020-09-09 14:05:38,2.3137409103047686,0,3
728,2020-09-09 14:11:15,2.3084102145742893,0,3
729,2020-09-09 14:11:42,2.302884460391084,0,3
730,2020-09-09 14:14:44,2.2975056710974773,0,3
731,2020-09-09 14:17:43,2.2924124472634952,0,3
732,2020-09-09 14:20:52,2.287652309956333,0,3
733,2020-09-09 14:25:47,2.283342011581274,0,3
734,2020-09-09 14:26:46,2.279653462955015,0,3
735,2020-09-09 14:29:55,2.276718270627507,0,3
736,2020-09-09 14:32:47,2.274567244987416,0,3
737,2020-09-09 14:35:47,2.273142606002175,0,3
738,2020-09-09 14:38:55,2.2723092633794306,0,3
739,2020-09-09 14:41:56,2.2719865521658846,0,3
740,2020-09-09 14:45:33,2.272168758571854,0,3
741,2020-09-09 14:48:35,2.2729872770901096,0,3
742,2020-09-09 14:51:35,2.2744550001536963,0,3
743,2020-09-09 14:54:35,2.2765152413581085,0,3
744,2020-09-09 14:57:36,2.279159473509202,0,3
745,2020-09-09 15:00:36,2.2824228469476937,0,3
746,2020-09-09 15:03:37,2.286345520146791,0,3
747,2020-09-09 15:06:37,2.2909057837770206,0,3
748,2020-09-09 15:09:37,2.296041475835519,0,3
749,2020-09-09 15:12:46,2.3016625078954434,0,3
750,2020-09-09 15:15:40,2.3076056564671132,0,3
751,2020-09-09 15:18:40,2.3136123203809165,0,3
752,2020-09-09 15:21:41,2.319384135694957,0,3
753,2020-09-09 15:24:40,2.324663466104612,0,3
754,2020-09-09 15:27:40,2.329259768126504,0,3
755,2020-09-09 15:30:41,2.333068177659962,0,3
756,2020-09-09 15:33:41,2.336078376929322,0,3
757,2020-09-09 15:36:41,2.338283256051599,0,3
758,2020-09-09 15:39:41,2.339712471338586,0,3
759,2020-09-09 15:42:42,2.3405075888309903,0,3
760,2020-09-09 15:46:37,2.3409174750053094,0,3
761,2020-09-09 15:49:48,2.341208799764199,0,3
762,2020-09-09 15:52:39,2.3416047089338403,0,3
763,2020-09-09 15:55:39,2.342264791600343,0,3
764,2020-09-09 15:58:39,2.343249449881201,0,3
765,2020-09-09 16:01:39,2.3444518119902233,0,3
766,2020-09-09 16:04:39,2.345627885529902,0,3
767,2020-09-09 16:07:46,2.346500703344789,0,3
768,2020-09-09 16:10:42,2.3468303723309614,0,3
769,2020-09-09 16:13:44,2.3464342361403787,0,3
770,2020-09-09 16:17:56,2.3452574966326196,0,3
771,2020-09-09 16:19:46,2.343509747674185,0,3
772,2020-09-09 16:22:46,2.341848574635194,0,3
773,2020-09-09 16:25:46,2.3409367320350194,0,3
774,2020-09-09 16:28:46,2.3412214297235416,0,3
775,2020-09-09 16:31:46,2.342894355138269,0,3
776,2020-09-09 16:34:47,2.345956824303502,0,3
777,2020-09-09 16:37:47,2.3503131155994965,0,3
778,2020-09-09 16:40:49,2.355819972044127,0,3
779,2020-09-09 16:43:49,2.3622773014584477,0,3
780,2020-09-09 16:47:36,2.3693600657573297,0,3
781,2020-09-09 16:50:36,2.376676795791176,0,3
782,2020-09-09 16:53:37,2.3838755118516666,0,3
783,2020-09-09 17:01:11,2.3907898338352154,0,3
784,2020-09-09 17:10:20,2.3972598009312716,0,3
785,2020-09-09 17:13:15,2.4031195499071822,0,3
786,2020-09-09 17:16:17,2.4083129987645124,0,3
787,2020-09-09 17:19:17,2.4128991600106238,0,3
788,2020-09-09 17:22:22,2.417091419549049,0,3
789,2020-09-09 17:25:19,2.421138926985935,0,3
790,2020-09-09 17:28:22,2.4253153280619517,0,3
791,2020-09-10 08:18:14,2.429966557343208,0,3
792,2020-09-10 08:27:08,2.4354950364729815,0,3
793,2020-09-10 08:30:09,2.442168870682992,0,3
794,2020-09-10 08:33:15,2.4500234883271883,0,3
795,2020-09-10 08:36:12,2.4588538653118106,0,3
796,2020-09-10 08:39:15,2.468372477809726,0,3
797,2020-09-10 08:42:16,2.478349653885849,0,3
798,2020-09-10 08:45:17,2.488501613989551,0,3
799,2020-09-10 08:48:18,2.498340830353504,0,3
800,2020-09-10 08:51:18,2.5072105362273733,0,3
801,2020-09-10 08:54:20,2.5144213413496725,0,3
802,2020-09-10 08:57:19,2.5193974949294238,0,3
803,2020-09-10 09:00:25,2.5218577308717602,0,3
804,2020-09-10 09:03:22,2.521766943216841,0,3
805,2020-09-10 09:07:04,2.5193872510446775,0,3
806,2020-09-10 09:10:14,2.5152381852531556,0,3
807,2020-09-10 09:13:08,2.5098233183289285,0,3
808,2020-09-10 09:16:09,2.503529581711991,0,3
809,2020-09-10 09:19:10,2.4966789605169035,0,3
810,2020-09-10 09:22:10,2.489536637648957,0,3
811,2020-09-10 09:28:20,2.482181280970315,0,3
812,2020-09-10 09:31:14,2.4743984089355013,0,3
813,2020-09-10 09:40:26,2.465743507623092,0,3
814,2020-09-10 09:43:19,2.4560711904084656,0,3
815,2020-09-10 09:46:20,2.4455014246232682,0,3
816,2020-09-10 09:49:22,2.4341893946915487,0,3
817,2020-09-10 09:52:21,2.422161410485021,0,3
818,2020-09-10 09:55:22,2.4092753002753042,0,3
819,2020-09-10 09:58:31,2.3953912936241544,0,3
820,2020-09-10 10:08:58,2.380487241234043,0,3
821,2020-09-10 10:11:58,2.36475470541556,0,3
822,2020-09-10 10:15:00,2.348585222373398,0,3
823,2020-09-10 10:18:04,2.3324583797377034,0,3
824,2020-09-10 10:21:02,2.3168712877769355,0,3
825,2020-09-10 10:24:03,2.3022875641603893,0,3
826,2020-09-10 10:27:04,2.2890226003685736,0,3
827,2020-09-10 10:30:04,2.2772836256103197,0,3
828,2020-09-10 10:33:09,2.2673328386266887,0,3
829,2020-09-10 10:36:09,2.259365813636293,0,3
830,2020-09-10 10:39:10,2.253457433119009,0,3
831,2020-09-10 10:42:19,2.249542999027135,0,3
832,2020-09-10 10:45:13,2.2474359086877547,0,3
833,2020-09-10 10:48:13,2.2468477610367295,0,3
834,2020-09-10 10:51:14,2.2474519364131376,0,3
835,2020-09-10 10:54:14,2.2488837946688864,0,3
836,2020-09-10 11:03:17,2.2507036455999305,0,3
837,2020-09-10 11:06:18,2.252461382182595,0,3
838,2020-09-10 11:10:03,2.253794805690643,0,3
839,2020-09-10 11:12:57,2.2545843330787196,0,3
840,2020-09-10 11:15:58,2.2548615002373715,0,3
841,2020-09-10 11:19:02,2.2547010828846137,0,3
842,2020-09-10 11:21:59,2.2542250886255486,0,3
843,2020-09-10 11:25:04,2.2535382581002645,0,3
844,2020-09-10 11:28:02,2.252631336026657,0,3
845,2020-09-10 11:31:02,2.2514235499188713,0,3
846,2020-09-10 11:34:02,2.2497813358302468,0,3
847,2020-09-10 11:37:03,2.2476200111578026,0,3
848,2020-09-10 11:40:03,2.2451130723683432,0,3
849,2020-09-10 11:43:05,2.2424507765048585,0,3
850,2020-09-10 11:46:06,2.2397546909059987,0,3
851,2020-09-10 11:49:07,2.237171217475776,0,3
852,2020-09-10 11:52:09,2.234903521189992,0,3
853,2020-09-10 11:55:11,2.233186514408501,0,3
854,2020-09-10 11:58:11,2.2321544218366256,0,3
855,2020-09-10 12:01:13,2.231727856069711,0,3
856,2020-09-10 12:04:17,2.2316346321143445,0,3
857,2020-09-10 12:07:19,2.2316534202783425,0,3
858,2020-09-10 12:11:03,2.2317740305139506,0,3
859,2020-09-10 12:14:00,2.2320608086947136,0,3
860,2020-09-10 12:17:02,2.232543700334036,0,3
861,2020-09-10 12:20:03,2.233244269702155,0,3
862,2020-09-10 12:23:04,2.234171908018769,0,3
863,2020-09-10 12:26:05,2.235343339802086,0,3
864,2020-09-10 12:29:05,2.2367731192224616,0,3
865,2020-09-10 12:32:06,2.238553051638111,0,3
866,2020-09-10 12:35:07,2.240914344543016,0,3
867,2020-09-10 12:38:08,2.2441166133049117,0,3
868,2020-09-10 12:41:09,2.248248550841499,0,3
869,2020-09-10 12:44:10,2.253136901988808,0,3
870,2020-09-10 12:47:10,2.2585041156913186,0,3
871,2020-09-10 12:50:10,2.2640443384059994,0,3
872,2020-09-10 12:53:10,2.2694958526368096,0,3
873,2020-09-10 12:56:11,2.2747258399591,0,3
874,2020-09-10 12:59:11,2.279769363301325,0,3
875,2020-09-10 13:02:12,2.284854305450798,0,3
876,2020-09-10 13:05:14,2.290435168933657,0,3
877,2020-09-10 13:08:14,2.2969181866986874,0,3
878,2020-09-10 13:12:05,2.3048424083685455,0,3
879,2020-09-10 13:15:03,2.3143279611134275,0,3
880,2020-09-10 13:18:03,2.325212431256123,0,3
881,2020-09-10 13:21:10,2.3371961197928792,0,3
882,2020-09-10 13:24:09,2.3499751832210203,0,3
883,2020-09-10 13:27:11,2.3632759675171044,0,3
884,2020-09-10 13:30:08,2.376976388701612,0,3
885,2020-09-10 13:33:08,2.3910560798661855,0,3
886,2020-09-10 13:36:09,2.405551486295078,0,3
887,2020-09-10 13:39:09,2.420415913642616,0,3
888,2020-09-10 13:42:10,2.435521621033846,0,3
889,2020-09-10 13:45:10,2.450702248869055,0,3
890,2020-09-10 13:48:11,2.4657831649978075,0,3
891,2020-09-10 13:51:11,2.480583900027371,0,3
892,2020-09-10 13:54:17,2.4949431283457546,0,3
893,2020-09-10 13:57:16,2.508684520516887,0,3
894,2020-09-10 14:00:14,2.5217388606202604,0,3
895,2020-09-10 14:03:14,2.534190602162834,0,3
896,2020-09-10 14:06:16,2.546356599816285,0,3
897,2020-09-10 14:09:15,2.558556922362751,0,3
898,2020-09-10 14:13:05,2.5709851296527813,0,3
899,2020-09-10 14:16:02,2.583493860048259,0,3
900,2020-09-10 14:19:10,2.595667869104658,0,3
901,2020-09-10 14:22:03,2.6069478722177735,0,3
902,2020-09-10 14:31:04,2.6167735173866777,0,3
903,2020-09-10 14:34:08,2.624617369908029,0,3
904,2020-09-10 14:37:07,2.6301079193213037,0,3
905,2020-09-10 14:40:15,2.6329191938522944,0,3
906,2020-09-10 14:43:15,2.632650419674248,0,3
907,2020-09-10 14:46:10,2.628966760384812,0,3
908,2020-09-10 14:49:11,2.6218322792849333,0,3
909,2020-09-10 14:52:12,2.6115479269030573,0,3
910,2020-09-10 14:55:12,2.598610942092849,0,3
911,2020-09-10 14:58:13,2.5836915769403763,0,3
912,2020-09-10 15:01:13,2.567585715858826,0,3
913,2020-09-10 15:04:14,2.5510014676415267,0,3
914,2020-09-10 15:07:22,2.534376360332237,0,3
915,2020-09-10 15:10:20,2.5178958528662676,0,3
916,2020-09-10 15:14:06,2.501563840766643,0,3
917,2020-09-10 15:17:10,2.48516075299192,0,3
918,2020-09-10 15:20:16,2.4684557410398185,0,3
919,2020-09-10 15:23:11,2.451147574217643,0,3
920,2020-09-10 15:26:11,2.433409068386535,0,3
921,2020-09-10 15:29:11,2.4155370526202518,0,3
922,2020-09-10 15:38:24,2.3978102884818924,0,3
923,2020-09-10 15:41:15,2.3803545944576108,0,3
924,2020-09-10 15:44:16,2.3631874067291143,0,3
925,2020-09-10 15:47:16,2.346303751247266,0,3
926,2020-09-10 15:50:16,2.3298591012928753,0,3
927,2020-09-10 15:53:23,2.3140872100388385,0,3
928,2020-09-10 15:56:17,2.2992585652492608,0,3
929,2020-09-10 15:59:17,2.285566200614525,0,3
930,2020-09-10 16:02:19,2.273191238457926,0,3
931,2020-09-10 16:05:21,2.2624287449485108,0,3
932,2020-09-10 16:08:21,2.2536049364159556,0,3
933,2020-09-10 16:11:23,2.2468929027101643,0,3
934,2020-09-10 16:15:08,2.242282512458127,0,3
935,2020-09-10 16:18:09,2.2395916026136753,0,3
936,2020-09-10 16:21:16,2.2385426202053402,0,3
937,2020-09-10 16:24:10,2.2386323822298397,0,3
938,2020-09-10 16:27:11,2.239388767550889,0,3
939,2020-09-10 16:30:19,2.2407721484876033,0,3
940,2020-09-10 16:33:13,2.243042160057914,0,3
941,2020-09-10 16:36:14,2.246518825945699,0,3
942,2020-09-10 16:39:15,2.2514016750481147,0,3
943,2020-09-10 16:42:15,2.257737497285599,0,3
944,2020-09-10 16:45:15,2.265471198103692,0,3
945,2020-09-10 16:48:15,2.27442228180342,0,3
946,2020-09-10 16:51:20,2.284399513687026,0,3
947,2020-09-10 16:54:17,2.2951596624238526,0,3
948,2020-09-10 16:57:20,2.3062883792176754,0,3
949,2020-09-10 17:00:20,2.3172721585149194,0,3
950,2020-09-10 17:03:20,2.3276795369643093,0,3
951,2020-09-10 17:06:23,2.3371934743312384,0,3
952,2020-09-10 17:09:26,2.3455625622925798,0,3
953,2020-09-10 17:12:24,2.3526586102471505,0,3
954,2020-09-10 17:16:12,2.358528718152318,0,3
955,2020-09-10 17:19:14,2.3633405408893466,0,3
956,2020-09-10 17:22:15,2.367297203507298,0,3
957,2020-09-10 17:25:18,2.3706024114421553,0,3
958,2020-09-14 08:25:29,2.3736174228628037,0,3
959,2020-09-14 08:28:28,2.3767134886912116,0,3
960,2020-09-14 08:31:28,2.3800291998804157,0,3
961,2020-09-14 08:34:29,2.383484242496753,0,3
962,2020-09-14 08:37:29,2.386879216412331,0,3
963,2020-09-14 08:41:19,2.390028313451646,0,3
964,2020-09-14 08:44:20,2.39280733153473,0,3
965,2020-09-14 08:47:20,2.3950770876791756,0,3
966,2020-09-14 08:50:21,2.3966181277870073,0,3
967,2020-09-14 08:56:22,2.397145200547487,0,3
968,2020-09-14 08:59:23,2.396399993483853,0,3
969,2020-09-14 09:02:23,2.394175441945012,0,3
970,2020-09-14 09:05:24,2.3904015910554754,0,3
971,2020-09-14 09:08:23,2.385212977201256,0,3
972,2020-09-14 09:49:10,2.3789009286279423,0,3
973,2020-09-14 09:52:19,2.3718332334511034,0,3
974,2020-09-14 09:55:12,2.364489739688116,0,3
975,2020-09-14 09:58:25,2.3573899392842446,0,3
976,2020-09-14 10:01:17,2.350975843573735,0,3
977,2020-09-14 10:04:20,2.345600555317571,0,3
978,2020-09-14 10:07:26,2.341522040320328,0,3
979,2020-09-14 10:13:19,2.3386774497296714,0,3
980,2020-09-14 10:16:25,2.336645209214098,0,3
981,2020-09-14 10:19:43,2.335088993870801,0,3
982,2020-09-14 10:28:33,2.333889214502667,0,3
983,2020-09-14 10:31:28,2.333010279860897,0,3
984,2020-09-14 10:34:37,2.3324462177723193,0,3
985,2020-09-14 10:37:28,2.332199094621015,0,3
986,2020-09-14 10:40:38,2.3322655122323006,0,3
987,2020-09-14 10:43:30,2.332699471044747,0,3
988,2020-09-14 10:46:30,2.333583404477463,0,3
989,2020-09-14 10:50:15,2.3350511932999654,0,3
990,2020-09-14 10:53:17,2.3372802462999527,0,3
991,2020-09-14 10:56:16,2.340452459126608,0,3
992,2020-09-14 10:59:15,2.3446428490328586,0,3
993,2020-09-14 11:02:16,2.34981032192922,0,3
994,2020-09-14 11:05:16,2.3558351245603992,0,3
995,2020-09-14 11:08:16,2.3626065862838495,0,3
996,2020-09-14 11:11:16,2.370020940813413,0,3
997,2020-09-14 11:14:17,2.3779229928645105,0,3
998,2020-09-14 11:17:22,2.386108216456555,0,3
999,2020-09-14 11:20:18,2.3944012055909276,0,3
1000,2020-09-14 11:23:25,2.4027239062906114,0,3
1001,2020-09-14 11:26:20,2.411057638508561,0,3
1002,2020-09-14 11:29:21,2.4193636262475646,0,3
1003,2020-09-14 11:32:26,2.427542331340212,0,3
1004,2020-09-14 11:35:25,2.4355115154673452,0,3
1005,2020-09-14 11:38:30,2.44322957588882,0,3
1006,2020-09-14 11:41:26,2.450681697599655,0,3
1007,2020-09-14 11:44:26,2.4578695357195226,0,3
1008,2020-09-14 11:47:27,2.4647188578769894,0,3
1009,2020-09-14 11:51:16,2.471161204132877,0,3
1010,2020-09-14 11:54:18,2.4772214320665116,0,3
1011,2020-09-14 11:57:17,2.482920420222527,0,3
1012,2020-09-14 12:00:18,2.488151045515915,0,3
1013,2020-09-14 12:03:18,2.4928177438742654,0,3
1014,2020-09-14 12:06:18,2.496837259177532,0,3
1015,2020-09-14 12:09:20,2.5001462085377146,0,3
1016,2020-09-14 12:12:20,2.5027291494156816,0,3
1017,2020-09-14 12:15:24,2.5046301889962357,0,3
1018,2020-09-14 12:18:26,2.5060062591752765,0,3
1019,2020-09-14 12:21:24,2.507055343953622,0,3
1020,2020-09-14 12:24:31,2.50796715477304,0,3
1021,2020-09-14 12:27:26,2.5088291035289174,0,3
1022,2020-09-14 12:30:26,2.5096404390982614,0,3
1023,2020-09-14 12:33:39,2.510373847490406,0,3
1024,2020-09-14 12:36:35,2.5110593133835293,0,3
1025,2020-09-14 12:39:45,2.5117886664864715,0,3
1026,2020-09-14 12:42:34,2.5126919340867424,0,3
1027,2020-09-14 12:45:42,2.5138122694593514,0,3
1028,2020-09-14 12:48:43,2.515136571839632,0,3
1029,2020-09-14 12:52:17,2.5166798159272563,0,3
1030,2020-09-14 12:55:17,2.518487442352552,0,3
1031,2020-09-14 12:58:19,2.520627392725224,0,3
1032,2020-09-14 13:01:18,2.5230853004402753,0,3
1033,2020-09-14 13:04:18,2.52577707791835,0,3
1034,2020-09-14 13:07:18,2.5285708433781835,0,3
1035,2020-09-14 13:10:18,2.5313934327485788,0,3
1036,2020-09-14 13:13:18,2.534146718124313,0,3
1037,2020-09-14 13:16:18,2.536723530094594,0,3
1038,2020-09-14 13:19:21,2.5389789675181103,0,3
1039,2020-09-14 13:22:20,2.5407759519356237,0,3
1040,2020-09-14 13:25:20,2.541953788474837,0,3
1041,2020-09-14 13:28:27,2.542453499087888,0,3
1042,2020-09-14 13:31:23,2.542371132234549,0,3
1043,2020-09-14 13:34:23,2.541920666336874,0,3
1044,2020-09-14 13:37:24,2.541260772381006,0,3
1045,2020-09-14 13:40:25,2.540377029115568,0,3
1046,2020-09-14 13:43:30,2.539167104305226,0,3
1047,2020-09-14 13:46:28,2.537598253497766,0,3
1048,2020-09-14 13:49:28,2.5357545654709175,0,3
1049,2020-09-14 13:53:20,2.5338131636985812,0,3
1050,2020-09-14 13:56:20,2.5318609821382903,0,3
1051,2020-09-14 13:59:25,2.52981699473983,0,3
1052,2020-09-14 14:02:27,2.527548068917259,0,3
1053,2020-09-14 14:05:33,2.5250073420930526,0,3
1054,2020-09-14 14:08:27,2.522256893018194,0,3
1055,2020-09-14 14:11:29,2.5194326908163793,0,3
1056,2020-09-14 14:14:30,2.51657081657289,0,3
1057,2020-09-14 14:17:31,2.5136732636269077,0,3
1058,2020-09-14 14:20:32,2.5106514039361434,0,3
1059,2020-09-14 14:23:32,2.507346277069109,0,3
1060,2020-09-14 14:26:34,2.5037331120157025,0,3
1061,2020-09-14 14:29:34,2.4999111616320073,0,3
1062,2020-09-14 14:32:35,2.4960515038896935,0,3
1063,2020-09-14 14:35:35,2.4922670865204544,0,3
1064,2020-09-14 14:38:38,2.4885828677439465,0,3
1065,2020-09-14 14:41:38,2.4849669133035275,0,3
1066,2020-09-14 14:44:42,2.4813909966555,0,3
1067,2020-09-14 14:47:39,2.477916138192921,0,3
1068,2020-09-14 14:50:41,2.4747378074275703,0,3
1069,2020-09-14 15:07:35,2.472040542009776,0,3
1070,2020-09-14 15:10:35,2.469970523346095,0,3
1071,2020-09-14 15:13:41,2.4686411634174386,0,3
1072,2020-09-14 15:16:38,2.4681159057087356,0,3
1073,2020-09-14 15:19:38,2.4685322742270293,0,3
1074,2020-09-14 15:25:40,2.4699224984334847,0,3
1075,2020-09-14 15:28:41,2.472120753420323,0,3
1076,2020-09-14 15:31:41,2.4748431690191715,0,3
1077,2020-09-14 15:34:42,2.4779182742554138,0,3
1078,2020-09-14 15:37:42,2.4812795613063736,0,3
1079,2020-09-14 15:40:42,2.484951727663845,0,3
1080,2020-09-14 15:43:43,2.4888782233550275,0,3
1081,2020-09-14 15:46:42,2.49289905946579,0,3
1082,2020-09-14 15:49:43,2.4968305355363185,0,3
1083,2020-09-14 15:52:43,2.5005184231339177,0,3
1084,2020-09-14 15:55:43,2.503918520921648,0,3
1085,2020-09-14 15:58:52,2.5070518791384018,0,3
1086,2020-09-14 16:01:54,2.5099607542108937,0,3
1087,2020-09-14 16:04:45,2.512769725564179,0,3
1088,2020-09-14 16:08:36,2.515605746847559,0,3
1089,2020-09-14 16:11:36,2.5185535090273112,0,3
1090,2020-09-14 16:14:47,2.5215920465176036,0,3
1091,2020-09-14 16:17:41,2.5246347172809926,0,3
1092,2020-09-14 16:20:42,2.5275184963430357,0,3
1093,2020-09-14 16:31:35,2.5300446932807636,0,3
1094,2020-09-14 16:31:35,2.5319881537390585,0,3
1095,2020-09-14 16:31:35,2.5332018020653657,0,3
1096,2020-09-14 16:32:49,2.5336322883308786,0,3
1097,2020-09-14 16:35:59,2.5333829347336367,0,3
1098,2020-09-14 16:38:50,2.5326642533571775,0,3
1099,2020-09-14 16:41:58,2.531810838925196,0,3
1100,2020-09-14 16:44:51,2.5312891757242237,0,3
1101,2020-09-14 16:47:59,2.531198717026464,0,3
1102,2020-09-14 16:51:01,2.531348052488844,0,3
1103,2020-09-14 16:59:57,2.531571456909001,0,3
1104,2020-09-14 17:02:58,2.531841472204551,0,3
1105,2020-09-14 17:05:58,2.532281411766568,0,3
1106,2020-09-14 17:09:38,2.533234134352247,0,3
1107,2020-09-14 17:12:50,2.5348530996461185,0,3
1108,2020-09-14 17:15:41,2.5371833998851434,0,3
1109,2020-09-14 17:18:50,2.540197380366125,0,3
1110,2020-09-14 17:21:43,2.543746768707244,0,3
1111,2020-09-14 17:24:43,2.547603585826343,0,3
1112,2020-09-14 17:27:44,2.551485108090107,0,3
1113,2020-09-14 17:30:57,2.5550993003431337,0,3
1114,2020-09-14 17:33:55,2.5581892037257745,0,3
1115,2020-09-14 17:36:47,2.560605883259843,0,3
1116,2020-09-14 17:39:47,2.562276774359087,0,3
1117,2020-09-14 17:42:47,2.5631707242013393,0,3
1118,2020-09-14 17:45:47,2.5632559651165217,0,3
1119,2020-09-14 17:48:50,2.562468808583988,0,3
1120,2020-09-14 17:51:50,2.5607516608619108,0,3
1121,2020-09-14 17:54:51,2.558097623844328,0,3
1122,2020-09-14 17:57:51,2.55467133258072,0,3
1123,2020-09-14 18:00:53,2.550669292400335,0,3
1124,2020-09-14 18:03:53,2.546165068521736,0,3
1125,2020-09-15 08:14:16,2.541163898647648,0,3
1126,2020-09-15 08:17:13,2.5357568903194245,0,3
1127,2020-09-15 08:20:18,2.529975201730551,0,3
1128,2020-09-15 08:23:14,2.523787157151988,0,3
1129,2020-09-15 08:26:15,2.517121746823195,0,3
1130,2020-09-15 08:29:19,2.50998085511012,0,3
1131,2020-09-15 08:32:17,2.5025475128070465,0,3
1132,2020-09-15 08:35:17,2.495080583516218,0,3
1133,2020-09-15 08:38:17,2.487824111201469,0,3
1134,2020-09-15 08:41:18,2.480955470450482,0,3
1135,2020-09-15 08:44:18,2.4745762021724023,0,3
1136,2020-09-15 08:47:23,2.4687112285978214,0,3
1137,2020-09-15 08:50:21,2.463318660635517,0,3
1138,2020-09-15 08:53:22,2.458318756623294,0,3
1139,2020-09-15 08:56:22,2.453511720033526,0,3
1140,2020-09-15 09:00:13,2.448800572973279,0,3
1141,2020-09-15 09:03:13,2.444257668440726,0,3
1142,2020-09-15 09:06:13,2.440360398833444,0,3
1143,2020-09-15 09:15:14,2.4375864163492076,0,3
1144,2020-09-15 09:18:14,2.436075593187517,0,3
1145,2020-09-15 09:21:14,2.4356587793669564,0,3
1146,2020-09-15 09:24:14,2.43594535720408,0,3
1147,2020-09-15 09:27:15,2.4365342606014257,0,3
1148,2020-09-15 09:30:15,2.4372866057226426,0,3
1149,2020-09-15 09:33:16,2.4380148337210863,0,3
1150,2020-09-15 09:36:19,2.4384838171559022,0,3
1151,2020-09-15 09:39:18,2.438559283970199,0,3
1152,2020-09-15 09:42:19,2.4381884484146292,0,3
1153,2020-09-15 09:45:24,2.4374231495982985,0,3
1154,2020-09-15 09:48:21,2.436391263360534,0,3
1155,2020-09-15 09:51:29,2.43520444188851,0,3
1156,2020-09-15 09:54:22,2.4339105113727557,0,3
1157,2020-09-15 09:57:22,2.4324605099900176,0,3
1158,2020-09-15 10:01:17,2.430841990440212,0,3
1159,2020-09-15 10:04:17,2.4290323875206554,0,3
1160,2020-09-15 10:07:19,2.4271423773721015,0,3
1161,2020-09-15 10:10:19,2.425286814209639,0,3
1162,2020-09-15 10:13:20,2.4234699351121525,0,3
1163,2020-09-15 10:16:27,2.421538005623064,0,3
1164,2020-09-15 10:19:23,2.4193306746995678,0,3
1165,2020-09-15 10:22:25,2.4167889857066496,0,3
1166,2020-09-15 10:25:26,2.41398982703989,0,3
1167,2020-09-15 10:28:26,2.4110696210560776,0,3
1168,2020-09-15 10:31:27,2.40817476423021,0,3
1169,2020-09-15 10:34:28,2.4053846698436034,0,3
1170,2020-09-15 10:37:28,2.402756899225216,0,3
1171,2020-09-15 10:40:29,2.40036816404624,0,3
1172,2020-09-15 10:43:31,2.3982160584104797,0,3
1173,2020-09-15 10:46:31,2.396263728934019,0,3
1174,2020-09-15 10:49:32,2.394406290115165,0,3
1175,2020-09-15 10:52:33,2.392537755889386,0,3
1176,2020-09-15 10:55:33,2.390614219536604,0,3
1177,2020-09-15 10:58:36,2.388655325198437,0,3
1178,2020-09-15 11:12:28,2.38677540322156,0,3
1179,2020-09-15 11:15:29,2.385064152248276,0,3
1180,2020-09-15 11:18:28,2.3836449629967,0,3
1181,2020-09-15 11:21:28,2.38250718033468,0,3
1182,2020-09-15 11:24:30,2.381547391314475,0,3
1183,2020-09-15 11:27:30,2.380675222365911,0,3
1184,2020-09-15 11:30:42,2.37993270067207,0,3
1185,2020-09-15 11:33:33,2.379471287709599,0,3
1186,2020-09-15 11:36:44,2.379500586186647,0,3
1187,2020-09-15 11:39:35,2.380146635701588,0,3
1188,2020-09-15 11:42:37,2.381343230779097,0,3
1189,2020-09-15 11:45:51,2.382875377371711,0,3
1190,2020-09-15 11:48:45,2.384543523828334,0,3
1191,2020-09-15 11:51:44,2.386234933836876,0,3
1192,2020-09-15 11:54:45,2.387877003688764,0,3
1193,2020-09-15 11:57:55,2.3894304749103688,0,3
1194,2020-09-15 12:00:46,2.390874976470471,0,3
1195,2020-09-15 12:03:45,2.392223078984151,0,3
1196,2020-09-15 12:06:47,2.3935654945031657,0,3
1197,2020-09-15 12:09:50,2.3950893091512793,0,3
1198,2020-09-15 12:13:31,2.3970020587980394,0,3
1199,2020-09-15 12:16:37,2.3993613909493146,0,3
1200,2020-09-15 12:19:32,2.402145894126362,0,3
1201,2020-09-15 12:22:43,2.405187605525934,0,3
1202,2020-09-15 12:25:47,2.4083437247147907,0,3
1203,2020-09-15 12:28:36,2.411536299063944,0,3
1204,2020-09-15 12:31:43,2.4147173695435753,0,3
1205,2020-09-15 12:34:40,2.4178710151037706,0,3
1206,2020-09-15 12:37:40,2.4209300538296565,0,3
1207,2020-09-15 12:40:42,2.423741855457926,0,3
1208,2020-09-15 12:43:41,2.4261940237141646,0,3
1209,2020-09-15 12:46:43,2.4282891795675314,0,3
1210,2020-09-15 12:49:44,2.4301280142988757,0,3
1211,2020-09-15 12:52:51,2.4317038802154607,0,3
1212,2020-09-15 12:55:47,2.4329103358330015,0,3
1213,2020-09-15 12:58:53,2.433673968140994,0,3
1214,2020-09-15 13:01:58,2.433980498842121,0,3
1215,2020-09-15 13:04:52,2.4339631330219795,0,3
1216,2020-09-15 13:07:54,2.4338343846195722,0,3
1217,2020-09-15 13:10:57,2.433744476330255,0,3
1218,2020-09-15 13:14:36,2.433802630175454,0,3
1219,2020-09-15 13:17:44,2.434045158843014,0,3
1220,2020-09-15 13:20:37,2.434457177951779,0,3
1221,2020-09-15 13:23:37,2.434958817997028,0,3
1222,2020-09-15 13:26:38,2.435402060058826,0,3
1223,2020-09-15 13:29:39,2.4356047619164034,0,3
1224,2020-09-15 13:32:40,2.4354218617439813,0,3
1225,2020-09-15 13:35:40,2.434740812847413,0,3
1226,2020-09-15 13:38:44,2.4335382891333963,0,3
1227,2020-09-15 13:41:43,2.431862748644103,0,3
1228,2020-09-15 13:44:43,2.429810748004603,0,3
1229,2020-09-15 13:47:44,2.4275622990409325,0,3
1230,2020-09-15 13:50:44,2.4254039086375356,0,3
1231,2020-09-15 13:53:44,2.42358989574139,0,3
1232,2020-09-15 13:56:45,2.4222608823893856,0,3
1233,2020-09-15 13:59:45,2.4214600553850354,0,3
1234,2020-09-15 14:02:51,2.4211309727280397,0,3
1235,2020-09-15 14:05:49,2.4212095120389874,0,3
1236,2020-09-15 14:08:49,2.421703978823399,0,3
1237,2020-09-15 14:11:51,2.4226172161345905,0,3
1238,2020-09-15 14:15:52,2.4239176275177416,0,3
1239,2020-09-15 14:18:42,2.4255326109599893,0,3
1240,2020-09-15 14:21:42,2.427320820484951,0,3
1241,2020-09-15 14:24:53,2.4291027867232806,0,3
1242,2020-09-15 14:27:48,2.430722551554992,0,3
1243,2020-09-15 14:30:47,2.4321761385193876,0,3
1244,2020-09-15 14:34:16,2.4335713976974955,0,3
1245,2020-09-15 14:36:52,2.435054932649148,0,3
1246,2020-09-15 14:39:51,2.4366790455897003,0,3
1247,2020-09-15 14:42:51,2.438430270140982,0,3
1248,2020-09-15 14:45:52,2.440296604642011,0,3
1249,2020-09-15 14:54:55,2.4423037598667774,0,3
1250,2020-09-15 14:57:55,2.444453052836185,0,3
1251,2020-09-15 15:00:55,2.446696547040699,0,3
1252,2020-09-15 15:03:56,2.449032143421258,0,3
1253,2020-09-15 15:06:56,2.4515295349649655,0,3
1254,2020-09-15 15:09:58,2.4542432205876934,0,3
1255,2020-09-15 15:12:57,2.457117487378722,0,3
1256,2020-09-15 15:16:42,2.4599418178320356,0,3
1257,2020-09-15 15:19:54,2.4624364517437534,0,3
1258,2020-09-15 15:22:44,2.4643549626769046,0,3
1259,2020-09-15 15:25:54,2.4655478297940725,0,3
1260,2020-09-15 15:28:45,2.4660019081443476,0,3
1261,2020-09-15 15:31:45,2.465848952286681,0,3
1262,2020-09-15 15:34:46,2.4653287855190213,0,3
1263,2020-09-15 15:40:47,2.4647564724733444,0,3
1264,2020-09-15 15:43:47,2.464338361556096,0,3
1265,2020-09-15 15:46:47,2.46413329153488,0,3
1266,2020-09-15 15:50:02,2.4641382533834197,0,3
1267,2020-09-15 15:52:50,2.464377275582459,0,3
1268,2020-09-15 15:55:53,2.4649223922410677,0,3
1269,2020-09-15 15:58:52,2.4658364271126287,0,3
1270,2020-09-15 16:01:57,2.467111069755707,0,3
1271,2020-09-15 16:04:58,2.468694780670528,0,3
1272,2020-09-15 16:07:58,2.4705495528847337,0,3
1273,2020-09-15 16:11:05,2.4725890977634206,0,3
1274,2020-09-15 16:14:01,2.474708048284228,0,3
1275,2020-09-15 16:23:53,2.4768136089243544,0,3
1276,2020-09-15 16:26:53,2.4787799215884396,0,3
1277,2020-09-15 16:30:04,2.4804027683683305,0,3
1278,2020-09-15 16:32:55,2.481539840344751,0,3
1279,2020-09-15 16:35:56,2.482225268180904,0,3
1280,2020-09-15 16:38:56,2.482653439598625,0,3
1281,2020-09-15 16:41:58,2.483214333325627,0,3
1282,2020-09-15 16:45:01,2.484267097176719,0,3
1283,2020-09-15 16:48:01,2.485872442567261,0,3
1284,2020-09-15 16:51:00,2.4879845369144595,0,3
1285,2020-09-15 16:54:01,2.490645948414224,0,3
1286,2020-09-15 16:57:02,2.4939167053397475,0,3
1287,2020-09-15 17:00:01,2.4978597332037253,0,3
1288,2020-09-15 17:03:02,2.5024432840534647,0,3
1289,2020-09-15 17:12:10,2.5075770182130737,0,3
1290,2020-09-15 17:15:05,2.51303104002102,0,3
1291,2020-09-15 17:18:50,2.5185308664089825,0,3
1292,2020-09-15 17:21:51,2.523885585162459,0,3
1293,2020-09-15 17:30:51,2.5289319986097234,0,3
1294,2020-09-15 17:33:53,2.5335335068513998,0,3
1295,2020-09-15 17:36:54,2.5375642923929322,0,3
1296,2020-09-15 17:39:55,2.540922108633951,0,3
1297,2020-09-15 17:43:06,2.5435350779828005,0,3
1298,2020-09-15 17:46:05,2.5453617797864725,0,3
1299,2020-09-15 17:49:06,2.5463369603865877,0,3
1300,2020-09-15 17:52:01,2.546344613014986,0,3
1301,2020-09-15 17:55:05,2.545252177645222,0,3
1302,2020-09-15 17:58:03,2.543084390282487,0,3
1303,2020-09-15 18:01:05,2.540034189656646,0,3
1304,2020-09-15 18:04:18,2.536363891585864,0,3
1305,2020-09-15 18:07:08,2.5323503935803213,0,3
1306,2020-09-15 18:10:08,2.528107253467926,0,3
1307,2020-09-15 18:13:09,2.52368310679592,0,3
1308,2020-09-16 08:25:48,2.519101787997009,0,3
1309,2020-09-16 08:28:52,2.5143752280051554,0,3
1310,2020-09-16 08:31:50,2.5094537510354016,0,3
1311,2020-09-16 08:34:51,2.504251608152492,0,3
1312,2020-09-16 08:37:54,2.4987148868165736,0,3
1313,2020-09-16 08:40:53,2.4928891108360656,0,3
1314,2020-09-16 08:43:53,2.4868868658269783,0,3
1315,2020-09-16 08:46:54,2.480815129112905,0,3
1316,2020-09-16 08:50:52,2.474719037527608,0,3
1317,2020-09-16 08:53:52,2.468652731341562,0,3
1318,2020-09-16 09:02:54,2.462695325419567,0,3
1319,2020-09-16 09:05:54,2.4569566428939824,0,3
1320,2020-09-16 09:08:55,2.4515341148361722,0,3
1321,2020-09-16 09:11:56,2.4465084388460783,0,3
1322,2020-09-16 09:14:56,2.441914976112421,0,3
1323,2020-09-16 09:17:57,2.437857679334497,0,3
1324,2020-09-16 09:20:57,2.434600142262497,0,3
1325,2020-09-16 09:23:58,2.4322365598720315,0,3
1326,2020-09-16 09:26:59,2.430728760779835,0,3
1327,2020-09-16 09:30:00,2.4300333453673133,0,3
1328,2020-09-16 09:32:59,2.4299776556193806,0,3
1329,2020-09-16 09:38:59,2.430309529663719,0,3
1330,2020-09-16 09:41:59,2.4307895288028023,0,3
1331,2020-09-16 09:45:06,2.4313282793526625,0,3
1332,2020-09-16 09:48:05,2.4318451447053615,0,3
1333,2020-09-16 10:02:05,2.4321641462585672,0,3
1334,2020-09-16 10:05:10,2.4320625605397606,0,3
1335,2020-09-16 10:08:07,2.4314024673298933,0,3
1336,2020-09-16 10:14:09,2.430149492484515,0,3
1337,2020-09-16 10:17:10,2.428374090722562,0,3
1338,2020-09-16 10:20:10,2.426168227811338,0,3
1339,2020-09-16 10:23:11,2.423653692944953,0,3
1340,2020-09-16 10:26:19,2.4209931229274555,0,3
1341,2020-09-16 10:29:16,2.4183505102813694,0,3
1342,2020-09-16 10:32:15,2.415818665823278,0,3
1343,2020-09-16 10:35:17,2.4133396840153445,0,3
1344,2020-09-16 10:38:18,2.4107899612720054,0,3
1345,2020-09-16 10:41:21,2.40809601660673,0,3
1346,2020-09-16 10:44:20,2.4052253386693465,0,3
1347,2020-09-16 10:47:22,2.4022162652027097,0,3
1348,2020-09-16 10:50:22,2.399086776570014,0,3
1349,2020-09-16 10:53:24,2.395901088973483,0,3
1350,2020-09-16 10:56:26,2.3927686783464255,0,3
1351,2020-09-16 10:59:25,2.3897901832457284,0,3
1352,2020-09-16 11:03:10,2.3869826702612738,0,3
1353,2020-09-16 11:06:12,2.384294729315782,0,3
1354,2020-09-16 11:09:12,2.3817049891261477,0,3
1355,2020-09-16 11:12:13,2.379258255639569,0,3
1356,2020-09-16 11:15:12,2.37694718255387,0,3
1357,2020-09-16 11:18:14,2.3747674307458175,0,3
1358,2020-09-16 11:21:14,2.3727012823110627,0,3
1359,2020-09-16 11:24:15,2.370712319214332,0,3
1360,2020-09-16 11:27:15,2.36870347920103,0,3
1361,2020-09-16 11:30:17,2.3665657903062858,0,3
1362,2020-09-16 11:33:18,2.364315343946576,0,3
1363,2020-09-16 11:36:19,2.3620090226251853,0,3
1364,2020-09-16 11:39:20,2.3596425978752276,0,3
1365,2020-09-16 11:42:20,2.3571734799954682,0,3
1366,2020-09-16 11:45:21,2.3546089985467673,0,3
1367,2020-09-16 11:48:22,2.3519680150314612,0,3
1368,2020-09-16 11:51:22,2.3492955822389043,0,3
1369,2020-09-16 11:54:23,2.346698756976373,0,3
1370,2020-09-16 11:57:30,2.344280693436539,0,3
1371,2020-09-16 12:00:26,2.3420015304214226,0,3
1372,2020-09-16 12:04:07,2.3398434836488367,0,3
1373,2020-09-16 12:07:09,2.337872635913912,0,3
1374,2020-09-16 12:10:13,2.3362064119486003,0,3
1375,2020-09-16 12:13:12,2.3349237654010278,0,3
1376,2020-09-16 12:16:13,2.333985830694371,0,3
1377,2020-09-16 12:19:16,2.3332808571537313,0,3
1378,2020-09-16 12:22:16,2.3326659715691935,0,3
1379,2020-09-16 12:25:20,2.3320986794579923,0,3
1380,2020-09-16 12:28:19,2.3315573655086137,0,3
1381,2020-09-16 12:31:32,2.3310555827199213,0,3
1382,2020-09-16 12:34:25,2.330670659462756,0,3
1383,2020-09-16 12:37:27,2.3305073973387214,0,3
1384,2020-09-16 12:40:30,2.3306834833134102,0,3
1385,2020-09-16 12:43:29,2.331313013919903,0,3
1386,2020-09-16 12:46:31,2.3324947499711004,0,3
1387,2020-09-16 12:49:32,2.3342988060615912,0,3
1388,2020-09-16 12:58:35,2.3367655724643615,0,3
1389,2020-09-16 13:01:36,2.3398749966374495,0,3
1390,2020-09-16 13:05:08,2.343499904553156,0,3
1391,2020-09-16 13:08:11,2.3475648042061326,0,3
1392,2020-09-16 13:11:09,2.352018645962256,0,3
1393,2020-09-16 13:14:11,2.3567664714108174,0,3
1394,2020-09-16 13:17:18,2.361587114396519,0,3
1395,2020-09-16 13:20:16,2.3661798208404,0,3
1396,2020-09-16 13:23:18,2.3703357955575024,0,3
1397,2020-09-16 13:26:20,2.373994647543135,0,3
1398,2020-09-16 13:29:21,2.377216090517476,0,3
1399,2020-09-16 13:32:21,2.380137534975748,0,3
1400,2020-09-16 13:35:21,2.3828462013320273,0,3
1401,2020-09-16 13:38:33,2.385419140492061,0,3
1402,2020-09-16 13:41:24,2.3879514227340177,0,3
1403,2020-09-16 13:44:24,2.3904831956940544,0,3
1404,2020-09-16 13:47:33,2.393029210382645,0,3
1405,2020-09-16 13:50:30,2.3955633277337554,0,3
1406,2020-09-16 13:53:29,2.3980684416946514,0,3
1407,2020-09-16 13:56:32,2.4005873293022613,0,3
1408,2020-09-16 13:59:33,2.4032953752474624,0,3
1409,2020-09-16 14:02:35,2.406348898339281,0,3
1410,2020-09-16 14:07:57,2.4098274400324193,0,3
1411,2020-09-16 14:10:51,2.413734880380466,0,3
1412,2020-09-16 14:13:51,2.4179384628544716,0,3
1413,2020-09-16 14:16:51,2.4221298634140105,0,3
1414,2020-09-16 14:19:59,2.4259601890846714,0,3
1415,2020-09-16 14:22:54,2.4292694972790985,0,3
1416,2020-09-16 14:25:59,2.4320879443680274,0,3
1417,2020-09-16 14:28:57,2.434556789624442,0,3
1418,2020-09-16 14:31:59,2.4367909235271235,0,3
1419,2020-09-16 14:34:59,2.438870191213493,0,3
1420,2020-09-16 14:38:02,2.440798142155307,0,3
1421,2020-09-16 14:41:03,2.442618405658218,0,3
1422,2020-09-16 14:44:04,2.444362398471593,0,3
1423,2020-09-16 14:47:05,2.4460481527824123,0,3
1424,2020-09-16 14:50:06,2.447757987482271,0,3
1425,2020-09-16 14:59:06,2.4495826524648163,0,3
1426,2020-09-16 15:02:08,2.451634513010099,0,3
1427,2020-09-16 15:05:09,2.4540666883594207,0,3
1428,2020-09-16 15:08:47,2.4570065927861395,0,3
1429,2020-09-16 15:11:46,2.460512550211174,0,3
1430,2020-09-16 15:14:47,2.464496774794022,0,3
1431,2020-09-16 15:17:47,2.4688222465883234,0,3
1432,2020-09-16 15:20:46,2.4732775048677436,0,3
1433,2020-09-16 15:23:57,2.477725939964218,0,3
1434,2020-09-16 15:26:49,2.482151333220676,0,3
1435,2020-09-16 15:29:49,2.486593154224757,0,3
1436,2020-09-16 15:32:50,2.491084695110488,0,3
1437,2020-09-16 15:35:50,2.495552366771721,0,3
1438,2020-09-16 15:38:49,2.4998266033796064,0,3
1439,2020-09-16 15:41:51,2.5037567359890547,0,3
1440,2020-09-16 15:44:52,2.5071648143933656,0,3
1441,2020-09-16 15:47:53,2.509995697846265,0,3
1442,2020-09-16 15:50:54,2.5122795089568983,0,3
1443,2020-09-16 15:53:54,2.514039878309286,0,3
1444,2020-09-16 15:56:56,2.5154211569904454,0,3
1445,2020-09-16 15:59:58,2.516669946500117,0,3
1446,2020-09-16 16:02:58,2.5180143410121314,0,3
1447,2020-09-16 16:05:59,2.519461873182567,0,3
1448,2020-09-16 16:09:49,2.520869864350668,0,3
1449,2020-09-16 16:12:54,2.5220353917872504,0,3
1450,2020-09-16 16:15:50,2.522713579206422,0,3
1451,2020-09-16 16:18:51,2.5227005039385735,0,3
1452,2020-09-16 16:21:52,2.521988546218712,0,3
1453,2020-09-16 16:24:52,2.520757759928043,0,3
1454,2020-09-16 16:27:53,2.519178182868041,0,3
1455,2020-09-16 16:30:54,2.5173412241013393,0,3
1456,2020-09-16 16:33:54,2.5152976683287918,0,3
1457,2020-09-16 16:36:54,2.5130640428649347,0,3
1458,2020-09-16 16:39:55,2.5106590372956212,0,3
1459,2020-09-16 16:42:56,2.508087795183644,0,3
1460,2020-09-16 16:45:57,2.505392237655591,0,3
1461,2020-09-16 16:48:58,2.502613419274506,0,3
1462,2020-09-16 16:52:00,2.499793310515357,0,3
1463,2020-09-16 16:55:00,2.4970526077434974,0,3
1464,2020-09-16 16:58:00,2.4945703948276416,0,3
1465,2020-09-16 17:01:01,2.4925278825606703,0,3
1466,2020-09-16 17:10:50,2.4911359022743493,0,3
1467,2020-09-16 17:13:52,2.4904634178416196,0,3
1468,2020-09-16 17:16:53,2.490454880901596,0,3
1469,2020-09-16 17:19:55,2.4906386332555135,0,3
1470,2020-09-16 17:22:56,2.490848816561141,0,3
1471,2020-09-16 17:25:56,2.49123634338863,0,3
1472,2020-09-16 17:28:57,2.491957883208641,0,3
1473,2020-09-16 17:31:58,2.4930642443462725,0,3
1474,2020-09-16 17:34:58,2.4944204929866514,0,3
1475,2020-09-16 17:37:58,2.495800151136425,0,3
1476,2020-09-16 17:41:00,2.496957894060848,0,3
1477,2020-09-16 17:43:59,2.4976233788802977,0,3
1478,2020-09-16 17:47:00,2.4975959261299683,0,3
1479,2020-09-16 17:50:00,2.4968144499785234,0,3
1480,2020-09-16 17:56:02,2.495375477319985,0,3
1481,2020-09-16 17:59:03,2.4933668879329574,0,3
1482,2020-09-16 18:02:13,2.4908314184246754,0,3
1483,2020-09-16 18:05:07,2.4878815191290196,0,3
1484,2020-09-16 18:08:07,2.484665285444996,0,3
1485,2020-09-16 18:11:54,2.481268828716975,0,3
1486,2020-09-16 18:14:55,2.4777260824116265,0,3
1487,2020-09-16 18:17:58,2.4740599220992543,0,3
1488,2020-09-17 08:05:58,2.4703127235351117,0,3
1489,2020-09-17 08:09:04,2.466489486865261,0,3
1490,2020-09-17 08:11:59,2.4627762851937405,0,3
1491,2020-09-17 08:16:53,2.4594145899737843,0,3
1492,2020-09-17 08:19:53,2.4565013243717546,0,3
1493,2020-09-17 08:22:54,2.45394693062532,0,3
1494,2020-09-17 08:26:03,2.451581214356419,0,3
1495,2020-09-17 08:29:04,2.449313127972713,0,3
1496,2020-09-17 08:32:06,2.4470211908689126,0,3
1497,2020-09-17 08:35:06,2.444531399752107,0,3
1498,2020-09-17 08:38:07,2.441836922929241,0,3
1499,2020-09-17 08:41:03,2.4391036685888405,0,3
1500,2020-09-17 08:44:03,2.436571673503823,0,3
1501,2020-09-17 08:47:04,2.434366851293568,0,3
1502,2020-09-17 08:50:04,2.4325915262668363,0,3
1503,2020-09-17 08:53:05,2.4312842493241993,0,3
1504,2020-09-17 08:56:05,2.4303501634526996,0,3
1505,2020-09-17 08:59:07,2.4296201437786102,0,3
1506,2020-09-17 09:02:06,2.4288948453118113,0,3
1507,2020-09-17 09:05:06,2.4280251945525664,0,3
1508,2020-09-17 09:08:07,2.42696905966796,0,3
1509,2020-09-17 09:11:11,2.4258160919255047,0,3
1510,2020-09-17 09:14:08,2.424916617391425,0,3
1511,2020-09-17 09:18:11,2.4241653314978002,0,3
1512,2020-09-17 09:22:27,2.423368799854976,0,3
1513,2020-09-17 09:43:48,2.422401600375642,0,3
1514,2020-09-17 09:46:48,2.4212613796176723,0,3
1515,2020-09-17 09:49:48,2.4199881088159994,0,3
1516,2020-09-17 09:52:49,2.4186327092079383,0,3
1517,2020-09-17 09:55:50,2.417218342585456,0,3
1518,2020-09-17 09:58:50,2.4158824389926097,0,3
1519,2020-09-17 10:01:50,2.414748801911038,0,3
1520,2020-09-17 10:04:51,2.413833293522451,0,3
1521,2020-09-17 10:07:51,2.4130496615659442,0,3
1522,2020-09-17 10:10:51,2.4123479043569973,0,3
1523,2020-09-17 10:13:51,2.4117035193356693,0,3
1524,2020-09-17 10:16:51,2.4110675667399084,0,3
1525,2020-09-17 10:19:51,2.4104030662611318,0,3
1526,2020-09-17 10:22:55,2.4096894467543137,0,3
1527,2020-09-17 10:25:54,2.408929064057193,0,3
1528,2020-09-17 10:28:54,2.4081565310858486,0,3
1529,2020-09-17 10:31:55,2.4074517766270622,0,3
1530,2020-09-17 10:34:55,2.4069077983796356,0,3
1531,2020-09-17 10:37:55,2.406501045003161,0,3
1532,2020-09-17 10:40:58,2.4061689727264697,0,3
1533,2020-09-17 10:44:50,2.4058104590603553,0,3
1534,2020-09-17 10:47:55,2.4053333482096035,0,3
1535,2020-09-17 10:50:56,2.4046799806115446,0,3
1536,2020-09-17 10:54:00,2.403802520383953,0,3
1537,2020-09-17 10:56:55,2.402737941732277,0,3
1538,2020-09-17 10:59:55,2.401584007640524,0,3
1539,2020-09-17 11:02:56,2.4003444278640793,0,3
1540,2020-09-17 11:05:56,2.3989777782071626,0,3
1541,2020-09-17 11:08:57,2.3974189118788236,0,3
1542,2020-09-17 11:11:56,2.395679852514758,0,3
1543,2020-09-17 11:14:56,2.393894102746099,0,3
1544,2020-09-17 11:17:58,2.3921569128804916,0,3
1545,2020-09-17 11:20:58,2.390513414257115,0,3
1546,2020-09-17 11:23:59,2.388915704321217,0,3
1547,2020-09-17 11:27:11,2.3872955546908043,0,3
1548,2020-09-17 11:30:01,2.385633071020383,0,3
1549,2020-09-17 11:33:02,2.383928873712626,0,3
1550,2020-09-17 11:36:02,2.382178908339492,0,3
1551,2020-09-17 11:39:13,2.380352645440906,0,3
1552,2020-09-17 11:42:05,2.3784731995718658,0,3
1553,2020-09-17 11:45:51,2.3765356367536135,0,3
1554,2020-09-17 11:48:48,2.374581977333704,0,3
1555,2020-09-17 12:00:58,2.3726916567194665,0,3
1556,2020-09-17 12:03:55,2.371056695609863,0,3
1557,2020-09-17 12:06:53,2.369838165928374,0,3
1558,2020-09-17 12:09:54,2.3691711967463793,0,3
1559,2020-09-17 12:12:55,2.3691001849032514,0,3
1560,2020-09-17 12:15:57,2.369609406371504,0,3
1561,2020-09-17 12:18:56,2.3706790180617783,0,3
1562,2020-09-17 12:21:56,2.3723592632080255,0,3
1563,2020-09-17 12:24:56,2.374687585581685,0,3
1564,2020-09-17 12:27:57,2.3776065524548056,0,3
1565,2020-09-17 12:30:57,2.3811000633395922,0,3
1566,2020-09-17 12:33:56,2.3852457915369922,0,3
1567,2020-09-17 12:36:57,2.3900990476194295,0,3
1568,2020-09-17 12:39:57,2.3955632463196954,0,3
1569,2020-09-17 12:42:58,2.401448709812313,0,3
1570,2020-09-17 12:46:49,2.40754068160839,0,3
1571,2020-09-17 12:49:49,2.41365818570371,0,3
1572,2020-09-17 12:52:50,2.419753876882984,0,3
1573,2020-09-17 12:56:01,2.4258903208139966,0,3
1574,2020-09-17 12:58:51,2.4322791369246186,0,3
1575,2020-09-17 13:01:59,2.4390953922310654,0,3
1576,2020-09-17 13:04:52,2.4464806558617944,0,3
1577,2020-09-17 13:07:53,2.454520346336423,0,3
1578,2020-09-17 13:10:54,2.463195665173174,0,3
1579,2020-09-17 13:13:54,2.4723637341426645,0,3
1580,2020-09-17 13:16:54,2.4818715074597186,0,3
1581,2020-09-17 13:25:55,2.4915021869650964,0,3
1582,2020-09-17 13:28:55,2.5009480767469814,0,3
1583,2020-09-17 13:31:56,2.5097968899239103,0,3
1584,2020-09-17 13:34:57,2.517657709026949,0,3
1585,2020-09-17 13:37:58,2.524317810647677,0,3
1586,2020-09-17 13:40:58,2.529709460032816,0,3
1587,2020-09-17 13:47:55,2.5338943754169696,0,3
1588,2020-09-17 13:51:00,2.5370357604608103,0,3
1589,2020-09-17 13:53:56,2.5393002766962756,0,3
1590,2020-09-17 13:56:58,2.540865110191745,0,3
1591,2020-09-17 13:59:57,2.5419321724089365,0,3
1592,2020-09-17 14:03:05,2.542641435057939,0,3
1593,2020-09-17 14:06:05,2.5431461817313155,0,3
1594,2020-09-17 14:09:01,2.543588943600693,0,3
1595,2020-09-17 14:12:11,2.544045876435141,0,3
1596,2020-09-17 14:15:02,2.5444878613392117,0,3
1597,2020-09-17 14:18:02,2.5447908362537737,0,3
1598,2020-09-17 14:21:03,2.544703632198014,0,3
1599,2020-09-17 14:24:03,2.5439108546918594,0,3
1600,2020-09-17 14:27:03,2.542109106755412,0,3
1601,2020-09-17 14:30:10,2.539074087559345,0,3
1602,2020-09-17 14:33:06,2.5345353363373153,0,3
1603,2020-09-17 14:36:11,2.528273542193226,0,3
1604,2020-09-17 14:39:11,2.5201920661353405,0,3
1605,2020-09-17 14:42:09,2.5103350891878513,0,3
1606,2020-09-17 14:45:17,2.498766505768687,0,3
1607,2020-09-17 14:48:56,2.4856493342360544,0,3
1608,2020-09-17 14:51:57,2.4713122498240274,0,3
1609,2020-09-17 14:54:57,2.456238007535841,0,3
1610,2020-09-17 14:57:58,2.4408224508822656,0,3
1611,2020-09-17 15:00:58,2.4253682683565394,0,3
1612,2020-09-17 15:03:58,2.4100691759152113,0,3
1613,2020-09-17 15:06:58,2.3951021917931463,0,3
1614,2020-09-17 15:09:58,2.380557126013173,0,3
1615,2020-09-17 15:12:58,2.3664012061312008,0,3
1616,2020-09-17 15:15:58,2.352516969462446,0,3
1617,2020-09-17 15:19:00,2.3386637236106047,0,3
1618,2020-09-17 15:22:00,2.3245762775810697,0,3
1619,2020-09-17 15:25:01,2.310052691632162,0,3
1620,2020-09-17 15:28:01,2.2950152804506843,0,3
1621,2020-09-17 15:31:02,2.279497102321322,0,3
1622,2020-09-17 15:34:04,2.263762253868478,0,3
1623,2020-09-17 15:37:04,2.24840651094679,0,3
1624,2020-09-17 15:40:05,2.2342048863998194,0,3
1625,2020-09-17 15:43:06,2.2218596437189824,0,3
1626,2020-09-17 15:46:07,2.2117482315379053,0,3
1627,2020-09-17 15:51:16,2.204153222209042,0,3
1628,2020-09-17 15:54:16,2.199209089227903,0,3
1629,2020-09-17 15:57:19,2.196987718157168,0,3
1630,2020-09-17 16:00:19,2.1974862639340715,0,3
1631,2020-09-17 16:03:19,2.2005884096399635,0,3
1632,2020-09-17 16:06:20,2.206040782111872,0,3
1633,2020-09-17 16:09:21,2.2137519140229713,0,3
1634,2020-09-17 16:12:22,2.22382627184186,0,3
1635,2020-09-17 16:15:22,2.2361436733807416,0,3
1636,2020-09-17 16:18:26,2.2506171153829833,0,3
1637,2020-09-17 16:21:25,2.266979607677932,0,3
1638,2020-09-17 16:24:25,2.2851768706444204,0,3
1639,2020-09-17 16:27:27,2.3048798104518653,0,3
1640,2020-09-17 16:30:28,2.3255574168046707,0,3
1641,2020-09-17 16:33:28,2.346707799846264,0,3
1642,2020-09-17 16:36:28,2.368024719176219,0,3
1643,2020-09-17 16:39:29,2.3892491778006004,0,3
1644,2020-09-17 16:42:29,2.4101107690811716,0,3
1645,2020-09-17 16:45:32,2.430206709425228,0,3
1646,2020-09-17 16:48:36,2.4491067635317734,0,3
1647,2020-09-17 16:52:17,2.466686765002983,0,3
1648,2020-09-17 16:55:27,2.483006059011629,0,3
1649,2020-09-17 16:58:27,2.4982113238840533,0,3
1650,2020-09-17 17:01:21,2.5124305124933137,0,3
1651,2020-09-17 17:04:21,2.5259897139832646,0,3
1652,2020-09-17 17:07:22,2.5391805844579167,0,3
1653,2020-09-17 17:10:22,2.5520852103275136,0,3
1654,2020-09-17 17:13:23,2.564545054709738,0,3
1655,2020-09-17 17:22:29,2.5761952660084706,0,3
1656,2020-09-17 17:25:28,2.5866160746737554,0,3
1657,2020-09-17 17:28:28,2.5953984021627257,0,3
1658,2020-09-17 17:31:39,2.6022292580000896,0,3
1659,2020-09-17 17:34:38,2.6067979161173316,0,3
1660,2020-09-17 17:37:31,2.608910724806888,0,3
1661,2020-09-17 17:40:31,2.6085936839161694,0,3
1662,2020-09-17 17:43:35,2.6059942903945696,0,3
1663,2020-09-17 17:46:34,2.6011831822255456,0,3
1664,2020-09-17 17:49:34,2.5941662970344073,0,3
1665,2020-09-17 17:53:21,2.585046824739095,0,3
1666,2020-09-17 17:56:21,2.574257882384181,0,3
1667,2020-09-17 17:59:23,2.562472039827231,0,3
1668,2020-09-17 18:02:23,2.5503027147629993,0,3
1669,2020-09-18 08:06:16,2.5382968877709438,0,3
1670,2020-09-18 08:09:13,2.527041188659638,0,3
1671,2020-09-18 08:12:13,2.5170475000853685,0,3
1672,2020-09-18 08:15:13,2.508683126766016,0,3
1673,2020-09-18 08:18:13,2.501978010103768,0,3
1674,2020-09-18 08:21:16,2.496543720637238,0,3
1675,2020-09-18 08:24:20,2.4918031255631696,0,3
1676,2020-09-18 08:27:16,2.487367971805938,0,3
1677,2020-09-18 08:30:18,2.4828051921429566,0,3
1678,2020-09-18 08:33:19,2.477820976858599,0,3
1679,2020-09-18 08:36:19,2.472093172243774,0,3
1680,2020-09-18 08:39:20,2.465814325131946,0,3
1681,2020-09-18 08:42:21,2.4592848318570493,0,3
1682,2020-09-18 08:45:21,2.452769283627868,0,3
1683,2020-09-18 08:48:22,2.4465249782870764,0,3
1684,2020-09-18 08:51:24,2.4409423817613325,0,3
1685,2020-09-18 08:57:32,2.436431200665762,0,3
1686,2020-09-18 09:01:13,2.433418814500764,0,3
1687,2020-09-18 09:04:13,2.4322863237077845,0,3
1688,2020-09-18 09:07:14,2.4331898077344354,0,3
1689,2020-09-18 09:10:14,2.4360642863949797,0,3
1690,2020-09-18 09:13:15,2.4406103473325436,0,3
1691,2020-09-18 09:16:15,2.446186828329644,0,3
1692,2020-09-18 09:19:16,2.4517781598274038,0,3
1693,2020-09-18 09:22:16,2.456557764246355,0,3
1694,2020-09-18 09:25:17,2.4600267467875554,0,3
1695,2020-09-18 09:28:18,2.4620845760487136,0,3
1696,2020-09-18 09:31:17,2.4628855089671875,0,3
1697,2020-09-18 09:34:18,2.4627533622626925,0,3
1698,2020-09-18 09:37:18,2.462002136622301,0,3
1699,2020-09-18 09:40:29,2.4609603635796957,0,3
1700,2020-09-18 09:43:25,2.4598705778902916,0,3
1701,2020-09-18 09:46:22,2.4588620454514825,0,3
1702,2020-09-18 09:49:21,2.4579316927127492,0,3
1703,2020-09-18 09:52:22,2.4570720710942204,0,3
1704,2020-09-18 09:55:33,2.4563394743838893,0,3
1705,2020-09-18 09:58:26,2.4557969175872945,0,3
1706,2020-09-18 10:02:17,2.4555301829184417,0,3
1707,2020-09-18 10:05:23,2.455602567343372,0,3
1708,2020-09-18 10:08:18,2.4560673003600106,0,3
1709,2020-09-18 10:11:18,2.4567700254821467,0,3
1710,2020-09-18 10:14:25,2.457460930585197,0,3
1711,2020-09-18 10:17:22,2.4577710910658435,0,3
1712,2020-09-18 10:20:23,2.457457378524836,0,3
1713,2020-09-18 10:23:25,2.4564825356840787,0,3
1714,2020-09-18 10:26:25,2.4549602384868816,0,3
1715,2020-09-18 10:29:26,2.4530638936315388,0,3
1716,2020-09-18 10:32:28,2.4509690182458566,0,3
1717,2020-09-18 10:43:02,2.448886043173246,0,3
1718,2020-09-18 10:43:06,2.447076228374377,0,3
1719,2020-09-18 10:58:04,2.4457882765804637,0,3
1720,2020-09-18 11:01:05,2.445184170383686,0,3
1721,2020-09-18 11:04:06,2.445337113335828,0,3
1722,2020-09-18 11:07:06,2.4461997693377633,0,3
1723,2020-09-18 11:10:07,2.4476766975215805,0,3
1724,2020-09-18 11:13:07,2.449635773176396,0,3
1725,2020-09-18 11:16:08,2.4520449557925845,0,3
1726,2020-09-18 11:19:09,2.4549174782706062,0,3
1727,2020-09-18 11:22:09,2.458180634222665,0,3
1728,2020-09-18 11:25:09,2.46152907056965,0,3
1729,2020-09-18 11:28:10,2.464610027931937,0,3
1730,2020-09-18 11:31:11,2.467209857582838,0,3
1731,2020-09-18 11:34:18,2.4693698957069925,0,3
1732,2020-09-18 11:37:12,2.471420971461432,0,3
1733,2020-09-18 11:40:13,2.4736636061823614,0,3
1734,2020-09-18 11:43:14,2.476190160326351,0,3
1735,2020-09-18 11:46:15,2.4788461286686934,0,3
1736,2020-09-18 11:49:17,2.48139080096644,0,3
1737,2020-09-18 11:52:19,2.483662794273391,0,3
1738,2020-09-18 11:55:20,2.485483591745007,0,3
1739,2020-09-18 11:59:10,2.4867609290398827,0,3
1740,2020-09-18 12:02:02,2.487484124972238,0,3
1741,2020-09-18 12:05:07,2.4878648100359175,0,3
1742,2020-09-18 12:08:04,2.4881403897922283,0,3
1743,2020-09-18 12:11:05,2.488417878285315,0,3
1744,2020-09-18 12:14:06,2.488728827798829,0,3
1745,2020-09-18 12:17:08,2.4890806838094224,0,3
1746,2020-09-18 12:20:12,2.4893612853173632,0,3
1747,2020-09-18 12:23:11,2.4893736741571812,0,3
1748,2020-09-18 12:26:13,2.4888236385227036,0,3
1749,2020-09-18 12:29:13,2.4875246890328535,0,3
1750,2020-09-18 12:32:14,2.485514926499718,0,3
1751,2020-09-18 12:41:14,2.4829331111415938,0,3
1752,2020-09-18 12:44:15,2.47982617859169,0,3
1753,2020-09-18 12:47:20,2.47622131243652,0,3
1754,2020-09-18 12:50:24,2.4721445941182374,0,3
1755,2020-09-18 12:53:19,2.4676620519449575,0,3
1756,2020-09-18 12:56:19,2.4629629470036765,0,3
1757,2020-09-18 13:00:04,2.458183907050037,0,3
1758,2020-09-18 13:03:08,2.4534650560684153,0,3
1759,2020-09-18 13:06:05,2.4489005522251066,0,3
1760,2020-09-18 13:09:05,2.4445912831208148,0,3
1761,2020-09-18 13:12:06,2.4406463782265426,0,3
1762,2020-09-18 13:15:09,2.4372148259882067,0,3
1763,2020-09-18 13:18:09,2.434462766622519,0,3
1764,2020-09-18 13:21:10,2.4324873540495355,0,3
1765,2020-09-18 13:24:09,2.431225335698959,0,3
1766,2020-09-18 13:27:12,2.430498456900099,0,3
1767,2020-09-18 13:30:13,2.430159254476676,0,3
1768,2020-09-18 13:33:13,2.4301665969430775,0,3
1769,2020-09-18 13:36:14,2.430545985738432,0,3
1770,2020-09-18 13:42:14,2.4314142343472622,0,3
1771,2020-09-18 13:45:21,2.4328704331235875,0,3
1772,2020-09-18 13:48:16,2.4349232667282665,0,3
1773,2020-09-18 13:51:22,2.437283597215207,0,3
1774,2020-09-18 13:54:18,2.439680769726797,0,3
1775,2020-09-18 13:57:19,2.441927785188113,0,3
1776,2020-09-18 14:01:05,2.4439231270052293,0,3
1777,2020-09-18 14:04:05,2.4456205024898963,0,3
1778,2020-09-18 14:07:05,2.4470127554783994,0,3
1779,2020-09-18 14:10:14,2.4481584136007744,0,3
1780,2020-09-18 14:13:08,2.4490658099531806,0,3
1781,2020-09-18 14:16:07,2.4497874182311645,0,3
1782,2020-09-18 14:19:18,2.4502789564110663,0,3
1783,2020-09-18 14:22:10,2.4505549931324935,0,3
1784,2020-09-18 14:25:12,2.4507380496255653,0,3
1785,2020-09-18 14:28:13,2.450928024451035,0,3
1786,2020-09-18 14:31:14,2.4511949089114653,0,3
1787,2020-09-18 14:34:14,2.4515987718661183,0,3
1788,2020-09-18 14:37:15,2.4522765943814875,0,3
1789,2020-09-18 14:40:15,2.4533354491375143,0,3
1790,2020-09-18 14:43:16,2.454770527263143,0,3
1791,2020-09-18 14:46:20,2.4564810304770304,0,3
1792,2020-09-18 14:49:20,2.4583718394283975,0,3
1793,2020-09-18 14:52:20,2.4604471825772385,0,3
1794,2020-09-18 14:55:20,2.4626745230507976,0,3
1795,2020-09-18 14:58:21,2.4650003430466847,0,3
1796,2020-09-18 15:02:09,2.467316026384993,0,3
1797,2020-09-18 15:05:14,2.469422844979892,0,3
1798,2020-09-18 15:08:12,2.4711892735373717,0,3
1799,2020-09-18 15:11:12,2.4725161403459803,0,3
1800,2020-09-18 15:14:14,2.473524395191446,0,3
1801,2020-09-18 15:17:13,2.474422456147613,0,3
1802,2020-09-18 15:20:15,2.4754144697101457,0,3
1803,2020-09-18 15:23:14,2.4766031543597853,0,3
1804,2020-09-18 15:26:21,2.4781382939694425,0,3
1805,2020-09-18 15:29:20,2.480156643383542,0,3
1806,2020-09-18 15:32:21,2.4826682410239296,0,3
1807,2020-09-18 15:35:21,2.485495986395302,0,3
1808,2020-09-18 15:38:22,2.4883980383294118,0,3
1809,2020-09-18 15:41:22,2.4911274906430654,0,3
1810,2020-09-18 15:44:23,2.4934538990268758,0,3
1811,2020-09-18 15:47:28,2.4951281097063465,0,3
1812,2020-09-18 15:50:25,2.4959605549773745,0,3
1813,2020-09-18 15:53:26,2.4959509563098043,0,3
1814,2020-09-18 15:56:27,2.4954001250215665,0,3
1815,2020-09-18 15:59:26,2.494493913191798,0,3
1816,2020-09-18 16:03:12,2.4934187951317384,0,3
1817,2020-09-18 16:06:12,2.4922464257015666,0,3
1818,2020-09-18 16:09:12,2.4910498094237976,0,3
1819,2020-09-18 16:12:12,2.4898317887805144,0,3
1820,2020-09-18 16:15:13,2.488660433420339,0,3
1821,2020-09-18 16:18:12,2.4876528129045843,0,3
1822,2020-09-18 16:21:20,2.486802114904482,0,3
1823,2020-09-18 16:24:15,2.4861325664591094,0,3
1824,2020-09-18 16:27:15,2.4856592143738694,0,3
1825,2020-09-18 16:30:16,2.4853000929310816,0,3
1826,2020-09-18 16:33:16,2.4847698620056273,0,3
1827,2020-09-18 16:36:17,2.4837515031627895,0,3
1828,2020-09-18 16:39:22,2.4819680344321187,0,3
1829,2020-09-18 16:42:19,2.4791541872551837,0,3
1830,2020-09-18 16:45:21,2.475070666898063,0,3
1831,2020-09-18 16:48:30,2.4696021611399095,0,3
1832,2020-09-18 16:51:21,2.4627920286922738,0,3
1833,2020-09-18 16:54:22,2.4548222776810054,0,3
1834,2020-09-18 16:57:23,2.4460674076956437,0,3
1835,2020-09-18 17:00:25,2.4373119115223147,0,3
1836,2020-09-18 17:04:13,2.4292235617577944,0,3
1837,2020-09-18 17:10:15,2.422371869561381,0,3
1838,2020-09-18 17:13:14,2.4171998353233697,0,3
1839,2020-09-18 17:16:15,2.4137928034195735,0,3
1840,2020-09-18 17:19:15,2.411988005116026,0,3
1841,2020-09-18 17:22:16,2.411463930125441,0,3
1842,2020-09-18 17:25:24,2.411789835767049,0,3
1843,2020-09-18 17:28:27,2.412598095338356,0,3
1844,2020-09-18 17:31:26,2.4136396582165283,0,3
1845,2020-09-18 17:34:25,2.414642880534175,0,3
1846,2020-09-18 17:37:26,2.4153833469728134,0,3
1847,2020-09-18 17:40:34,2.41591155618126,0,3
1848,2020-09-18 17:43:27,2.4163812233286506,0,3
1849,2020-09-18 17:46:27,2.4168366769195133,0,3
1850,2020-09-18 17:49:29,2.4173562468302006,0,3
1851,2020-09-18 17:52:28,2.418225560622947,0,3
1852,2020-09-18 17:55:29,2.4197058910043747,0,3
1853,2020-09-18 17:58:30,2.4219714899071167,0,3
1854,2020-09-22 08:31:03,2.425260766707373,0,3
1855,2020-09-22 08:34:02,2.4299058724357305,0,3
1856,2020-09-22 08:37:10,2.4359824358435542,0,3
1857,2020-09-22 08:43:05,2.4434312574685375,0,3
1858,2020-09-22 08:46:05,2.452204595664899,0,3
1859,2020-09-22 08:49:05,2.4620349459387008,0,3
1860,2020-09-22 08:52:06,2.4725597177410723,0,3
1861,2020-09-22 08:55:08,2.483294610571509,0,3
1862,2020-09-22 08:58:08,2.493673641651153,0,3
1863,2020-09-22 09:01:09,2.503247060130512,0,3
1864,2020-09-22 09:04:09,2.511596938147699,0,3
1865,2020-09-22 09:07:10,2.5183712400186256,0,3
1866,2020-09-22 09:11:11,2.5234562999337045,0,3
1867,2020-09-22 09:14:11,2.5270150884519516,0,3
1868,2020-09-22 09:17:11,2.5294452752343983,0,3
1869,2020-09-22 09:20:11,2.531301192783167,0,3
1870,2020-09-22 09:23:11,2.5332188414187424,0,3
1871,2020-09-22 09:26:11,2.5356733409316634,0,3
1872,2020-09-22 09:29:11,2.5390494490996414,0,3
1873,2020-09-22 09:32:11,2.5433805925538664,0,3
1874,2020-09-22 09:35:12,2.548414053706617,0,3
1875,2020-09-22 09:38:12,2.5537952395773207,0,3
1876,2020-09-22 09:41:12,2.5591011713029594,0,3
1877,2020-09-22 09:44:13,2.563978225640768,0,3
1878,2020-09-22 09:47:15,2.5681711519742905,0,3
1879,2020-09-22 09:50:14,2.571715439623758,0,3
1880,2020-09-22 09:54:32,2.574954024399869,0,3
1881,2020-09-22 09:56:20,2.5781164553323164,0,3
1882,2020-09-22 09:59:23,2.5811955579879813,0,3
1883,2020-09-22 10:02:20,2.5842110632282687,0,3
1884,2020-09-22 10:05:22,2.5873643891131453,0,3
1885,2020-09-22 10:08:21,2.5906610136931976,0,3
1886,2020-09-22 10:12:09,2.5940052655524504,0,3
1887,2020-09-22 10:15:19,2.5974682731382512,0,3
1888,2020-09-22 10:18:11,2.6010647741794606,0,3
1889,2020-09-22 10:21:12,2.6045756746144404,0,3
1890,2020-09-22 10:24:38,2.6077550522840633,0,3
1891,2020-09-22 10:30:13,2.6103673634902997,0,3
1892,2020-09-22 10:33:14,2.61242633236273,0,3
1893,2020-09-22 10:36:16,2.6140634555497875,0,3
1894,2020-09-22 10:39:23,2.615297895388515,0,3
1895,2020-09-22 10:42:17,2.6160922463036345,0,3
1896,2020-09-22 10:45:17,2.6164905810706363,0,3
1897,2020-09-22 10:48:19,2.6167247329893537,0,3
1898,2020-09-22 10:51:29,2.617041583560834,0,3
1899,2020-09-22 10:54:29,2.6175571169641607,0,3
1900,2020-09-22 10:57:25,2.618211470048003,0,3
1901,2020-09-22 11:00:24,2.618776751694253,0,3
1902,2020-09-22 11:03:25,2.619024000900091,0,3
1903,2020-09-22 11:08:03,2.6188628616811105,0,3
1904,2020-09-22 11:09:27,2.6180979825124515,0,3
1905,2020-09-22 11:13:06,2.61647785371181,0,3
1906,2020-09-22 11:16:11,2.6139619589756578,0,3
1907,2020-09-22 11:19:08,2.6107063111066067,0,3
1908,2020-09-22 11:22:08,2.6066223309740586,0,3
1909,2020-09-22 11:25:10,2.6015556308143903,0,3
1910,2020-09-22 11:28:09,2.595529011703249,0,3
1911,2020-09-22 11:31:10,2.588810563665504,0,3
1912,2020-09-22 11:34:10,2.5817306272970377,0,3
1913,2020-09-22 11:37:12,2.574454833162978,0,3
1914,2020-09-22 11:40:14,2.5673277593236676,0,3
1915,2020-09-22 11:43:16,2.5608640217386647,0,3
1916,2020-09-22 11:46:16,2.5554010805548586,0,3
1917,2020-09-22 11:49:16,2.5511464788449274,0,3
1918,2020-09-22 11:52:17,2.548153203204695,0,3
1919,2020-09-22 11:55:20,2.546159092106361,0,3
1920,2020-09-22 11:58:31,2.5445311750768917,0,3
1921,2020-09-22 12:01:22,2.542870650396617,0,3
1922,2020-09-22 12:04:23,2.5410000002412003,0,3
1923,2020-09-22 12:07:32,2.538791000552779,0,3
1924,2020-09-22 12:10:25,2.5359141725601506,0,3
1925,2020-09-22 12:20:08,2.5322011962959428,0,3
1926,2020-09-22 12:23:08,2.528035696247565,0,3
1927,2020-09-22 12:26:08,2.524059216903178,0,3
1928,2020-09-22 12:29:10,2.5206222178526296,0,3
1929,2020-09-22 12:32:12,2.517881604657782,0,3
1930,2020-09-22 12:35:15,2.516145588937887,0,3
1931,2020-09-22 12:38:15,2.515759463432635,0,3
1932,2020-09-22 12:41:17,2.516710085330188,0,3
1933,2020-09-22 12:44:18,2.518694604376828,0,3
1934,2020-09-22 12:47:19,2.5215280142060856,0,3
1935,2020-09-22 12:50:20,2.5250401647778644,0,3
1936,2020-09-22 12:53:20,2.528957194967624,0,3
1937,2020-09-22 12:56:21,2.532949966852186,0,3
1938,2020-09-22 12:59:32,2.536943882762519,0,3
1939,2020-09-22 13:02:28,2.540606717602701,0,3
1940,2020-09-22 13:05:30,2.543668218255648,0,3
1941,2020-09-22 13:08:36,2.5462444656935643,0,3
1942,2020-09-22 13:11:30,2.54867947429131,0,3
1943,2020-09-22 13:16:50,2.5510607412805184,0,3
1944,2020-09-22 13:19:52,2.5535645456600036,0,3
1945,2020-09-22 13:23:02,2.5563443974316638,0,3
1946,2020-09-22 13:25:56,2.559430579370418,0,3
1947,2020-09-22 13:28:58,2.562974062376604,0,3
1948,2020-09-22 13:32:09,2.5671733143627105,0,3
1949,2020-09-22 13:35:02,2.5720308976295776,0,3
1950,2020-09-22 13:38:02,2.577254051906934,0,3
1951,2020-09-22 13:41:02,2.5825656556721643,0,3
1952,2020-09-22 13:44:14,2.5879063628093224,0,3
1953,2020-09-22 13:47:04,2.5932647307867835,0,3
1954,2020-09-22 13:50:05,2.598547188115381,0,3
1955,2020-09-22 13:53:07,2.6035730814753,0,3
1956,2020-09-22 13:56:07,2.6080604603844932,0,3
1957,2020-09-22 13:59:09,2.6117293230675704,0,3
1958,2020-09-22 14:02:09,2.6146826000025998,0,3
1959,2020-09-22 14:05:10,2.6174961765157505,0,3
1960,2020-09-22 14:08:21,2.6207767184351276,0,3
1961,2020-09-22 14:11:22,2.6248739165108517,0,3
1962,2020-09-22 14:14:13,2.6299328169298786,0,3
1963,2020-09-22 14:17:40,2.6359631588478125,0,3
1964,2020-09-22 14:20:40,2.6426837000985497,0,3
1965,2020-09-22 14:23:42,2.6497471312940473,0,3
1966,2020-09-22 14:26:43,2.6568886346835505,0,3
1967,2020-09-22 14:29:45,2.663817844964857,0,3
1968,2020-09-22 14:32:45,2.6700044417985485,0,3
1969,2020-09-22 14:35:47,2.6750933086219977,0,3
1970,2020-09-22 14:38:49,2.6792312933168905,0,3
1971,2020-09-22 14:41:51,2.6827782525958686,0,3
1972,2020-09-22 14:45:01,2.685707549808141,0,3
1973,2020-09-22 14:47:57,2.6880871876225525,0,3
1974,2020-09-22 14:50:55,2.690303279600342,0,3
1975,2020-09-22 14:53:59,2.692777436931795,0,3
1976,2020-09-22 14:59:57,2.695755017457061,0,3
1977,2020-09-22 15:08:58,2.6991771991490703,0,3
1978,2020-09-22 15:12:00,2.7027061832075425,0,3
1979,2020-09-22 15:14:59,2.706014540112477,0,3
1980,2020-09-22 15:21:54,2.709079270238382,0,3
1981,2020-09-22 15:25:03,2.7116715124564177,0,3
1982,2020-09-22 15:27:57,2.7133250542885863,0,3
1983,2020-09-22 15:31:00,2.7136952695976158,0,3
1984,2020-09-22 15:34:08,2.712913379570642,0,3
1985,2020-09-22 15:37:06,2.71111633474139,0,3
1986,2020-09-22 15:42:10,2.7083462393770024,0,3
1987,2020-09-22 15:43:06,2.7044521933343955,0,3
1988,2020-09-22 15:46:07,2.6991791638349127,0,3
1989,2020-09-22 15:49:10,2.692382824324394,0,3
1990,2020-09-22 15:52:20,2.6843889349414063,0,3
1991,2020-09-22 15:58:12,2.675414740358857,0,3
1992,2020-09-22 16:01:13,2.665605749917596,0,3
1993,2020-09-22 16:04:14,2.655137767857031,0,3
1994,2020-09-22 16:07:16,2.644311784628922,0,3
1995,2020-09-22 16:10:16,2.6335408040174,0,3
1996,2020-09-22 16:13:25,2.6225014616143163,0,3
1997,2020-09-22 16:16:20,2.611692073929376,0,3
1998,2020-09-22 16:19:45,2.601014589028651,0,3
1999,2020-09-22 16:22:45,2.5903917720048213,0,3
2000,2020-09-22 16:25:48,2.5797701924895726,0,3
2001,2020-09-22 16:28:49,2.5691298459030882,0,3
2002,2020-09-22 16:31:56,2.558455003976679,0,3
2003,2020-09-22 16:34:49,2.5477564905470516,0,3
2004,2020-09-22 16:37:49,2.537018921027755,0,3
2005,2020-09-22 16:40:50,2.526231444259743,0,3
2006,2020-09-22 16:43:49,2.515386067521561,0,3
2007,2020-09-22 16:46:49,2.5044887866880465,0,3
2008,2020-09-22 16:49:49,2.4935260758170656,0,3
2009,2020-09-22 16:52:59,2.482515339600983,0,3
2010,2020-09-22 16:55:52,2.4714610291496086,0,3
2011,2020-09-22 16:58:52,2.4603732669549316,0,3
2012,2020-09-22 17:02:05,2.449266271758752,0,3
2013,2020-09-22 17:04:55,2.438154141760691,0,3
2014,2020-09-24 17:37:22,2.427043347226846,0,3
2015,2020-09-24 17:40:22,2.415949373095689,0,3
