,time,C.O.P
0,2020-09-01 08:33:21,2.160758743089716
1,2020-09-01 08:36:22,2.1398658600204077
2,2020-09-01 08:39:22,2.1191002630903895
3,2020-09-01 08:42:23,2.098419978919517
4,2020-09-01 08:45:22,2.0777800077234265
5,2020-09-01 08:48:23,2.0571295972681374
6,2020-09-01 08:51:24,2.036428257316225
7,2020-09-01 08:54:24,2.0156498277791943
8,2020-09-01 08:57:26,1.9947826787227276
9,2020-09-01 09:00:27,1.9738306363434992
10,2020-09-01 09:03:28,1.9528133604380749
11,2020-09-01 09:14:31,1.931762823661208
12,2020-09-01 09:16:18,1.9107254837257608
13,2020-09-01 09:19:18,1.8897707083563793
14,2020-09-01 09:22:18,1.8689948167454355
15,2020-09-01 09:25:19,1.8485356965479642
16,2020-09-01 09:28:19,1.82859231349583
17,2020-09-01 09:31:21,1.8094790395004412
18,2020-09-01 09:34:21,1.7917063623217675
19,2020-09-01 09:37:22,1.7758945183713761
20,2020-09-01 09:40:22,1.7607725653016775
21,2020-09-01 09:43:22,1.745854096661132
22,2020-09-01 09:46:22,1.7310148527610523
23,2020-09-01 09:49:23,1.7162805077123116
24,2020-09-01 09:52:23,1.7016783783763727
25,2020-09-01 09:55:23,1.687362356649699
26,2020-09-01 09:58:23,1.6735633589281975
27,2020-09-01 10:01:30,1.6605320272353543
28,2020-09-01 10:04:26,1.6484166158070304
29,2020-09-01 10:08:18,1.6372569962198824
30,2020-09-01 10:11:19,1.6270368056356803
31,2020-09-01 10:14:20,1.6178334145083841
32,2020-09-01 10:17:21,1.6097133114671769
33,2020-09-01 10:20:20,1.6026646800950268
34,2020-09-01 10:23:27,1.5966272166116533
35,2020-09-01 10:26:23,1.5914766073116196
36,2020-09-01 10:29:23,1.5871595508746847
37,2020-09-01 10:32:23,1.5836346549110567
38,2020-09-01 10:35:23,1.580882286192351
39,2020-09-01 10:38:31,1.5788212236243677
40,2020-09-01 10:41:25,1.5774574347862231
41,2020-09-01 10:44:25,1.5768198112740444
42,2020-09-01 10:47:25,1.5768798086523745
43,2020-09-01 10:50:25,1.577558076436529
44,2020-09-01 10:53:25,1.578697513876962
45,2020-09-01 10:56:27,1.5800788807306194
46,2020-09-01 10:59:40,1.5814716954614387
47,2020-09-01 11:02:29,1.5827575923446036
48,2020-09-01 11:05:28,1.58388962124589
49,2020-09-01 11:09:31,1.5848787477522575
50,2020-09-01 11:12:25,1.5858460280693498
51,2020-09-01 11:15:25,1.5868629961834186
52,2020-09-01 11:18:37,1.5879080802705698
53,2020-09-01 11:21:28,1.5888797975456392
54,2020-09-01 11:24:38,1.5897134016458931
55,2020-09-01 11:27:30,1.5904833567561283
56,2020-09-01 11:30:31,1.5913265644579
57,2020-09-01 11:33:32,1.5923647812349488
58,2020-09-01 11:36:33,1.5936701916612224
59,2020-09-01 11:39:35,1.5953303359175985
60,2020-09-01 11:42:34,1.5972792345276199
61,2020-09-01 11:51:34,1.599306002896494
62,2020-09-01 12:00:45,1.6012441758818945
63,2020-09-01 12:03:39,1.6031915786578215
64,2020-09-01 12:06:42,1.6052337545199795
65,2020-09-01 12:09:40,1.60730515520717
66,2020-09-01 12:12:49,1.6092828520039226
67,2020-09-01 12:15:43,1.6110990497090472
68,2020-09-01 12:18:48,1.6126976482084892
69,2020-09-01 12:21:47,1.61400210006327
70,2020-09-01 12:24:46,1.614932925673504
71,2020-09-01 12:27:46,1.6155258730980422
72,2020-09-01 12:30:47,1.6158999102693357
73,2020-09-01 12:33:56,1.6161481959981243
74,2020-09-01 12:36:49,1.6163051113908766
75,2020-09-01 12:39:57,1.6163594084546185
76,2020-09-01 12:42:50,1.616330173935509
77,2020-09-01 12:45:51,1.616277907852771
78,2020-09-01 12:48:51,1.6161969229101794
79,2020-09-01 12:51:52,1.6159936729940412
80,2020-09-01 12:54:53,1.6156420159024507
81,2020-09-01 12:58:03,1.615146962000364
82,2020-09-01 13:01:32,1.6145365817155417
83,2020-09-01 13:04:40,1.6138637940727611
84,2020-09-01 13:07:34,1.613256394896826
85,2020-09-01 13:10:34,1.6128073290140872
86,2020-09-01 13:13:34,1.6125238548433294
87,2020-09-01 13:16:43,1.6124518229251703
88,2020-09-01 13:19:37,1.6126702278007459
89,2020-09-01 13:22:38,1.6133732602498012
90,2020-09-01 13:25:38,1.6148572159065924
91,2020-09-01 13:28:48,1.617427630723336
92,2020-09-01 13:31:39,1.6214066027962897
93,2020-09-01 13:34:41,1.6271529082278817
94,2020-09-01 13:37:40,1.635022714578315
95,2020-09-01 13:40:40,1.6452542389821894
96,2020-09-01 13:43:41,1.6579719998651379
97,2020-09-01 13:46:41,1.6731870205827761
98,2020-09-01 13:49:41,1.690875948304407
99,2020-09-01 13:52:42,1.7110467867695798
100,2020-09-01 13:55:43,1.733554406098729
101,2020-09-01 13:58:44,1.7580330450855066
102,2020-09-01 14:21:58,1.7839746785304784
103,2020-09-01 14:24:59,1.8109713524918585
104,2020-09-01 14:28:03,1.8387034856834743
105,2020-09-01 14:31:08,1.8668937875592548
106,2020-09-01 14:34:08,1.8952760895204963
107,2020-09-01 14:40:06,1.923476387174047
108,2020-09-01 14:43:09,1.951029636751306
109,2020-09-01 14:46:07,1.9773671149483316
110,2020-09-01 14:49:09,2.0019823852675254
111,2020-09-01 14:52:09,2.024501360483952
112,2020-09-01 14:55:10,2.0446562455960695
113,2020-09-01 14:58:17,2.062223977892624
114,2020-09-01 15:01:17,2.0770019428454964
115,2020-09-01 15:04:13,2.088790407888004
116,2020-09-01 15:07:22,2.0973883179017196
117,2020-09-01 15:10:15,2.1026911125175682
118,2020-09-01 15:13:15,2.1046998234423238
119,2020-09-01 15:16:16,2.1034723276763865
120,2020-09-01 15:19:16,2.099106122301849
121,2020-09-01 15:22:53,2.0917210670769544
122,2020-09-01 15:26:01,2.0814795220829767
123,2020-09-01 15:29:01,2.06852178793632
124,2020-09-01 15:32:04,2.05315588420986
125,2020-09-01 15:35:05,2.0358257243806124
126,2020-09-01 15:38:05,2.0169838268246654
127,2020-09-01 15:41:03,1.9970731059183864
128,2020-09-01 15:44:04,1.976479501318667
129,2020-09-01 15:47:04,1.9556205343218878
130,2020-09-01 15:50:08,1.9349272226978358
131,2020-09-01 15:53:07,1.914737603298609
132,2020-09-01 15:56:07,1.8953238710310645
133,2020-09-01 15:59:16,1.8769645269046369
134,2020-09-01 16:02:10,1.8599434002939126
135,2020-09-01 16:05:10,1.84451781108654
136,2020-09-01 16:08:11,1.8308880726529189
137,2020-09-01 16:11:12,1.819159859148083
138,2020-09-01 16:14:13,1.8092861200198824
139,2020-09-01 16:17:13,1.8012061993345876
140,2020-09-01 16:20:14,1.7947728579625597
141,2020-09-01 16:24:06,1.7897733055304987
142,2020-09-01 16:27:06,1.7858987667615944
143,2020-09-01 16:30:11,1.7828228575731175
144,2020-09-01 16:33:06,1.7801852898631014
145,2020-09-01 16:36:07,1.7776927848428161
146,2020-09-01 16:39:07,1.7752591592403326
147,2020-09-01 16:42:07,1.7728924377646076
148,2020-09-01 16:45:12,1.7706129444805945
149,2020-09-01 16:48:10,1.7684533787246766
150,2020-09-01 16:51:10,1.76641222180899
151,2020-09-01 16:54:18,1.7644905555743229
152,2020-09-01 16:57:13,1.7627692052404496
153,2020-09-01 17:00:26,1.7614148586123959
154,2020-09-01 17:03:15,1.7606987931348037
155,2020-09-01 17:06:15,1.7608958662288232
156,2020-09-01 17:09:16,1.7621835025922299
157,2020-09-01 17:12:18,1.7645519808521148
158,2020-09-01 17:18:18,1.7677464474649363
159,2020-09-01 17:21:18,1.7714931546327568
160,2020-09-01 17:25:01,1.7755599183260893
161,2020-09-01 17:28:02,1.779690957159684
162,2020-09-01 17:31:06,1.7836116443397323
163,2020-09-01 17:34:05,1.7870778869278576
164,2020-09-01 17:37:06,1.7899594943527473
165,2020-09-01 17:40:06,1.7924030380951503
166,2020-09-01 17:43:07,1.7946364116349733
167,2020-09-01 17:46:07,1.7968262959370644
168,2020-09-01 17:49:09,1.799055172393705
169,2020-09-01 17:52:09,1.8012707359385332
170,2020-09-01 17:55:10,1.8033967312063193
171,2020-09-07 08:25:21,1.805411692707311
172,2020-09-07 08:28:20,1.8072131449031137
173,2020-09-07 08:31:20,1.8086425777046105
174,2020-09-07 08:34:21,1.809505948787613
175,2020-09-07 08:37:21,1.80961733483839
176,2020-09-07 08:40:23,1.8088735879556261
177,2020-09-07 08:43:32,1.8072692056978656
178,2020-09-07 08:46:24,1.80486228695646
179,2020-09-07 08:49:24,1.801761690499885
180,2020-09-07 08:52:24,1.798041948272366
181,2020-09-07 08:55:24,1.7938268287278687
182,2020-09-07 08:58:25,1.7892732538369762
183,2020-09-07 09:01:26,1.7845562271647573
184,2020-09-07 09:04:36,1.779851075487429
185,2020-09-07 09:07:27,1.7752975831964877
186,2020-09-07 09:10:27,1.7711160250179083
187,2020-09-07 09:13:29,1.767567998221863
188,2020-09-07 09:16:29,1.764883292352797
189,2020-09-07 09:19:29,1.7632897858191072
190,2020-09-07 09:22:31,1.7629351826397777
191,2020-09-07 09:26:19,1.7637894480289789
192,2020-09-07 09:29:29,1.7656873237356137
193,2020-09-07 09:32:23,1.7684648232244593
194,2020-09-07 09:35:22,1.7720272634671266
195,2020-09-07 09:38:31,1.7763968074207965
196,2020-09-07 09:41:24,1.7816688700241352
197,2020-09-07 09:44:24,1.7879588340515842
198,2020-09-07 09:47:31,1.7951670056458506
199,2020-09-07 09:50:27,1.8032238838136054
200,2020-09-07 09:53:27,1.8122150028421935
201,2020-09-07 09:56:36,1.82228298909872
202,2020-09-07 09:59:30,1.8333742254360768
203,2020-09-07 10:02:30,1.8453969551302118
204,2020-09-07 10:05:31,1.8581168596339017
205,2020-09-07 10:08:40,1.8712933030992793
206,2020-09-07 10:11:32,1.884714858078639
207,2020-09-07 10:14:33,1.898278453755993
208,2020-09-07 10:17:37,1.911935993970247
209,2020-09-07 10:20:35,1.9255507506192522
210,2020-09-07 10:23:36,1.9388631324794314
211,2020-09-07 10:27:26,1.9516598728180623
212,2020-09-07 10:30:26,1.9637531258315621
213,2020-09-07 10:33:26,1.9751020372450836
214,2020-09-07 10:36:26,1.9857695010663305
215,2020-09-07 10:39:26,1.995749573607391
216,2020-09-07 10:42:27,2.0048659225552248
217,2020-09-07 10:45:28,2.0128613005851763
218,2020-09-07 10:48:28,2.0196246714883928
219,2020-09-07 10:51:28,2.025204134334198
220,2020-09-07 10:54:29,2.029696858325315
221,2020-09-07 10:57:29,2.033146763351969
222,2020-09-07 11:00:29,2.0357029326873874
223,2020-09-07 11:06:30,2.03750139398964
224,2020-09-07 11:09:30,2.038587811625741
225,2020-09-07 11:12:30,2.038993491465357
226,2020-09-07 11:15:31,2.0388602997136402
227,2020-09-07 11:18:31,2.038406560541606
228,2020-09-07 11:21:32,2.0378134373168417
229,2020-09-07 11:24:33,2.0372858773979887
230,2020-09-07 11:35:37,2.0369493799764853
231,2020-09-07 11:38:38,2.036877821635515
232,2020-09-07 11:41:38,2.037057412490282
233,2020-09-07 11:44:39,2.037453489544072
234,2020-09-07 11:47:41,2.038013307474867
235,2020-09-07 11:50:44,2.038736923450803
236,2020-09-07 11:53:41,2.039763035684063
237,2020-09-07 11:56:41,2.0413115257276147
238,2020-09-07 11:59:42,2.0434808769694977
239,2020-09-07 12:02:46,2.0462597167268046
240,2020-09-07 12:11:44,2.0495725917651226
241,2020-09-07 12:14:44,2.0533606184401907
242,2020-09-07 12:17:52,2.0574462427616256
243,2020-09-07 12:20:46,2.0616800292372943
244,2020-09-07 12:23:48,2.066005815124787
245,2020-09-07 12:26:49,2.0705000502509088
246,2020-09-07 12:29:50,2.0755633458041847
247,2020-09-07 12:32:52,2.081747831565353
248,2020-09-07 12:36:56,2.0896892578651705
249,2020-09-07 12:39:57,2.1000012917624726
250,2020-09-07 12:42:58,2.1131807427802882
251,2020-09-07 12:45:59,2.129503041610087
252,2020-09-07 12:48:59,2.148885042372089
253,2020-09-07 12:52:00,2.1709423011097178
254,2020-09-07 12:55:08,2.1950595888551723
255,2020-09-07 12:58:03,2.220355568907181
256,2020-09-07 13:01:05,2.2457529252586212
257,2020-09-07 13:04:07,2.2700224855097915
258,2020-09-07 13:07:10,2.2920472915587347
259,2020-09-07 13:10:11,2.311001833356686
260,2020-09-07 13:13:12,2.3264297382780486
261,2020-09-07 13:16:13,2.338169206403707
262,2020-09-07 13:19:13,2.3463603851856956
263,2020-09-07 13:28:14,2.3513620716098607
264,2020-09-07 13:31:14,2.3536816438648707
265,2020-09-07 13:34:15,2.353849165550786
266,2020-09-07 13:38:06,2.352264085116083
267,2020-09-07 13:40:59,2.3494085301349714
268,2020-09-07 13:44:04,2.3456586620481135
269,2020-09-07 13:47:09,2.341227212717288
270,2020-09-07 13:50:03,2.3361673936716025
271,2020-09-07 13:59:04,2.3303583437744173
272,2020-09-07 14:02:05,2.3235167679986777
273,2020-09-07 14:05:06,2.3152563197430336
274,2020-09-07 14:08:06,2.305175628818315
275,2020-09-07 14:11:05,2.2929664971467254
276,2020-09-07 14:14:06,2.2784809635553858
277,2020-09-07 14:17:17,2.2618012967166843
278,2020-09-07 14:20:09,2.2432775486177263
279,2020-09-07 14:23:09,2.2235355010004128
280,2020-09-07 14:26:10,2.2034603197397686
281,2020-09-07 14:29:11,2.184126337039225
282,2020-09-07 14:32:12,2.1666903364584997
283,2020-09-07 14:35:12,2.1522338130744787
284,2020-09-07 14:39:02,2.141485240980962
285,2020-09-07 14:42:02,2.1345977772153337
286,2020-09-07 14:51:04,2.1315172335076404
287,2020-09-07 14:54:04,2.1320182567283994
288,2020-09-07 14:57:06,2.135634091836858
289,2020-09-07 15:00:14,2.1416284966386856
290,2020-09-07 15:03:16,2.1491090892791753
291,2020-09-07 15:06:11,2.1571793030139537
292,2020-09-07 15:09:20,2.1651146591514685
293,2020-09-07 15:12:12,2.172450165607947
294,2020-09-07 15:15:13,2.178971185790629
295,2020-09-07 15:18:20,2.1845148310152465
296,2020-09-07 15:21:21,2.18904060185698
297,2020-09-07 15:24:20,2.192585254750713
298,2020-09-07 15:27:21,2.1952239447710644
299,2020-09-07 15:30:26,2.1970419065208935
300,2020-09-07 15:33:24,2.198109466253239
301,2020-09-07 15:36:27,2.198541946218362
302,2020-09-07 15:40:11,2.1984887999488434
303,2020-09-07 15:43:05,2.198006499405632
304,2020-09-07 15:46:11,2.197172943571075
305,2020-09-07 15:49:07,2.1960848085281546
306,2020-09-07 15:52:06,2.194744108791051
307,2020-09-07 15:58:13,2.193200478151212
308,2020-09-07 16:01:12,2.191477778608889
309,2020-09-07 16:04:11,2.189489086304311
310,2020-09-07 16:07:16,2.187154747726974
311,2020-09-07 16:10:21,2.184606429908373
312,2020-09-07 16:13:26,2.1822480442588
313,2020-09-07 16:16:19,2.1808137525263334
314,2020-09-07 16:19:19,2.1817363780874897
315,2020-09-07 16:22:20,2.1863697737398873
316,2020-09-07 16:25:25,2.1954784365479134
317,2020-09-07 16:28:21,2.2090961953444475
318,2020-09-07 16:31:21,2.2265998462532024
319,2020-09-07 16:34:21,2.2469618648474854
320,2020-09-07 16:37:21,2.268978271327887
321,2020-09-07 16:41:09,2.2917241704342537
322,2020-09-07 16:44:10,2.315066874431266
323,2020-09-07 16:47:11,2.338867693069788
324,2020-09-07 16:50:11,2.3626175015326822
325,2020-09-07 16:53:12,2.385539808784803
326,2020-09-07 16:56:16,2.4067607994996676
327,2020-09-07 16:59:17,2.4255122250752086
328,2020-09-07 17:02:18,2.441259978852683
329,2020-09-07 17:05:27,2.4537622426343413
330,2020-09-07 17:08:26,2.4631220290895044
331,2020-09-07 17:11:21,2.4696671555272456
332,2020-09-07 17:32:27,2.4737855616785906
333,2020-09-07 17:35:27,2.4759160908139264
334,2020-09-07 17:38:28,2.476421264001354
335,2020-09-07 17:43:30,2.4755933956739926
336,2020-09-07 17:46:30,2.4738484336512974
337,2020-09-07 17:49:31,2.4716790347536177
338,2020-09-07 17:52:31,2.4696368276343694
339,2020-09-07 17:55:32,2.468231078020846
340,2020-09-07 17:58:32,2.467909401712637
341,2020-09-08 16:17:13,2.4690496739571293
342,2020-09-08 16:20:12,2.471632398092951
343,2020-09-08 16:23:17,2.4751970414932387
344,2020-09-08 16:26:16,2.4792101431490297
345,2020-09-08 16:29:16,2.483273107481815
346,2020-09-08 16:33:01,2.4871555688496767
347,2020-09-08 16:36:02,2.4909025632726385
348,2020-09-08 16:39:02,2.4948998396120703
349,2020-09-08 16:42:03,2.5000642967132762
350,2020-09-08 16:45:03,2.5068827925367394
351,2020-09-08 16:48:03,2.5153696548123747
352,2020-09-08 16:51:03,2.5249242390023614
353,2020-09-08 16:54:04,2.5342581491368383
354,2020-09-08 16:57:03,2.5424422086785565
355,2020-09-08 17:00:04,2.549082418511146
356,2020-09-08 17:03:04,2.554046822536974
357,2020-09-08 17:06:04,2.557274335600278
358,2020-09-08 17:09:08,2.5585736530313787
359,2020-09-08 17:12:07,2.5573425373879144
360,2020-09-08 17:15:07,2.5524093665320646
361,2020-09-08 17:18:08,2.542161544803304
362,2020-09-08 17:21:08,2.5256000788703563
363,2020-09-08 17:24:10,2.502366906026669
364,2020-09-08 17:27:10,2.472479717185358
365,2020-09-08 17:30:11,2.4361149368504584
366,2020-09-08 17:38:29,2.3937136177027476
367,2020-09-11 08:29:35,2.346121864465996
368,2020-09-11 08:32:31,2.2943692551602872
369,2020-09-11 08:35:32,2.239502766261854
370,2020-09-11 08:38:33,2.182804276876336
371,2020-09-11 08:41:34,2.1256223241767778
372,2020-09-11 08:44:34,2.0692815007992387
373,2020-09-11 08:47:34,2.0150523947397154
374,2020-09-11 08:50:34,1.9638793828642491
375,2020-09-11 08:53:35,1.9163059208629356
376,2020-09-11 08:56:35,1.8727184131095846
377,2020-09-11 08:59:35,1.8333743652267458
378,2020-09-11 09:02:37,1.7982862762156682
379,2020-09-11 09:05:38,1.767209482033362
380,2020-09-11 09:08:40,1.7397774313289034
381,2020-09-11 09:14:41,1.7158576700689103
382,2020-09-11 09:17:42,1.6955296962179363
383,2020-09-11 09:20:42,1.678850515633238
384,2020-09-11 09:23:42,1.6658720858220075
385,2020-09-11 09:27:37,1.6568011767293638
386,2020-09-11 09:30:38,1.6517318969409422
387,2020-09-11 09:33:41,1.6504358097737257
388,2020-09-11 09:36:42,1.6521944986448662
389,2020-09-11 09:39:50,1.6564747603877572
390,2020-09-11 09:42:43,1.662656252112628
391,2020-09-11 09:45:52,1.6702333013961552
392,2020-09-11 09:48:45,1.6789331425997243
393,2020-09-11 09:51:56,1.6885855303344255
394,2020-09-11 09:54:47,1.698998222664947
395,2020-09-11 09:57:47,1.7100838522085064
396,2020-09-11 10:00:49,1.722084918204298
397,2020-09-11 10:03:51,1.735726486425806
398,2020-09-11 10:07:01,1.7520385840690431
399,2020-09-11 10:09:54,1.7719147039629615
400,2020-09-11 10:12:55,1.7957295265206747
401,2020-09-11 10:16:00,1.8231575012042303
402,2020-09-11 10:19:00,1.853155851575
403,2020-09-11 10:22:11,1.88424044142959
404,2020-09-11 10:25:03,1.9149652202550573
405,2020-09-11 10:36:01,1.9440494654746452
406,2020-09-11 10:39:01,1.970330774985376
407,2020-09-11 10:42:02,1.99315968051771
408,2020-09-11 10:45:04,2.012414197899881
409,2020-09-11 10:48:04,2.0282508169665867
410,2020-09-11 10:51:06,2.0410134118541015
411,2020-09-11 10:54:19,2.051312041930835
412,2020-09-11 10:57:09,2.059995709568006
413,2020-09-11 11:00:09,2.0681742356219353
414,2020-09-11 11:03:10,2.0769368822512715
415,2020-09-11 11:06:11,2.087109634259816
416,2020-09-11 11:09:12,2.0991016626757535
417,2020-09-11 11:12:11,2.1128754137262917
418,2020-09-11 11:15:12,2.1278997806469793
419,2020-09-11 11:18:13,2.143149215218806
420,2020-09-11 11:21:13,2.1572791391454422
421,2020-09-11 11:24:14,2.168977222928149
422,2020-09-11 11:27:16,2.177134847834231
423,2020-09-11 11:30:16,2.180804163649694
424,2020-09-11 11:33:17,2.179225413289476
425,2020-09-11 11:36:47,2.172023785855467
426,2020-09-11 11:39:47,2.1593382428065078
427,2020-09-11 11:42:48,2.1418465979859453
428,2020-09-11 11:45:49,2.120654208745819
429,2020-09-11 11:48:49,2.0971933849165536
430,2020-09-11 11:51:56,2.07303481819398
431,2020-09-11 11:54:51,2.049663507949787
432,2020-09-11 11:57:58,2.028381686403698
433,2020-09-11 12:00:58,2.0101360426393082
434,2020-09-11 12:09:56,1.9951486101796236
435,2020-09-11 12:12:55,1.9826993080971835
436,2020-09-11 12:16:00,1.9712951103901144
437,2020-09-11 12:18:57,1.959273892686726
438,2020-09-11 12:21:59,1.9452308404656264
439,2020-09-11 12:25:00,1.9283400542081495
440,2020-09-11 12:28:08,1.9083815430506057
441,2020-09-11 12:40:51,1.8856404892952412
442,2020-09-11 12:43:51,1.8606933690706438
443,2020-09-11 12:46:50,1.8342628427260195
444,2020-09-11 12:49:51,1.8071442958328578
445,2020-09-11 12:52:50,1.780257717091688
446,2020-09-11 12:55:52,1.7544408743229933
447,2020-09-11 12:58:52,1.7305417157758693
448,2020-09-11 13:01:53,1.7094867212160407
449,2020-09-11 13:04:54,1.6920008035511254
450,2020-09-11 13:08:00,1.6782463233113485
451,2020-09-11 13:10:59,1.6680225549351868
452,2020-09-11 13:14:00,1.6608396147193762
453,2020-09-11 13:17:08,1.656092652969887
454,2020-09-11 13:20:08,1.6531317510240344
455,2020-09-11 13:23:05,1.6513902037295318
456,2020-09-11 13:26:06,1.6504606187468096
457,2020-09-11 13:29:07,1.6500370222565794
458,2020-09-11 13:32:07,1.6499089413169967
459,2020-09-11 13:35:08,1.6499442049459954
460,2020-09-11 13:38:58,1.6500493264785714
461,2020-09-11 13:42:01,1.6501797110330556
462,2020-09-11 13:45:01,1.650375545918228
463,2020-09-11 13:48:02,1.6507711702423111
464,2020-09-11 13:51:02,1.6515849937192162
465,2020-09-11 13:54:03,1.6530070711439961
466,2020-09-11 13:57:05,1.655285121305464
467,2020-09-11 14:00:04,1.6586179527186404
468,2020-09-11 14:03:04,1.663099581650932
469,2020-09-11 14:06:06,1.6687898819884963
470,2020-09-11 14:09:11,1.6756999043889356
471,2020-09-11 14:12:09,1.6838136763744567
472,2020-09-11 14:15:10,1.6932006035444227
473,2020-09-11 14:18:11,1.7038725032443964
474,2020-09-11 14:21:12,1.7156331695537093
475,2020-09-11 14:24:20,1.7281302970321013
476,2020-09-11 14:27:14,1.7409857750986966
477,2020-09-11 14:30:22,1.7538051167357152
478,2020-09-11 14:33:18,1.7662213223001748
479,2020-09-11 14:36:19,1.777940728232715
480,2020-09-11 14:42:02,1.7887680876994887
481,2020-09-11 14:45:06,1.798612125318007
482,2020-09-11 14:48:03,1.807471895208768
483,2020-09-11 14:51:13,1.8153967986807693
484,2020-09-11 14:54:05,1.8224325405370454
485,2020-09-11 14:57:17,1.8285990843187903
486,2020-09-11 15:00:08,1.8338657404514154
487,2020-09-11 15:03:13,1.838226571043879
488,2020-09-11 15:06:12,1.8417392422461318
489,2020-09-11 15:15:13,1.8444445466388453
490,2020-09-11 15:18:21,1.8462461775365835
491,2020-09-11 15:21:14,1.8469540493943382
492,2020-09-11 15:24:14,1.8463486581358608
493,2020-09-11 15:27:24,1.8442694501214012
494,2020-09-11 15:30:17,1.8405995562404929
495,2020-09-11 15:33:17,1.8352804261973512
496,2020-09-11 15:36:18,1.8283895503750554
497,2020-09-11 15:39:24,1.8201270866286423
498,2020-09-11 15:43:11,1.8107991736740638
499,2020-09-11 15:46:11,1.800794256706122
500,2020-09-11 15:49:12,1.7905518899531598
501,2020-09-11 15:52:15,1.7805020805543323
502,2020-09-11 15:55:20,1.7709872741025796
503,2020-09-11 15:58:15,1.76226799102225
504,2020-09-11 16:01:16,1.7545874867997049
505,2020-09-11 16:04:16,1.748091451309108
506,2020-09-11 16:10:17,1.742859771842104
507,2020-09-11 16:13:17,1.738912600407696
508,2020-09-11 16:16:18,1.7361664838254507
509,2020-09-11 16:19:18,1.7343794838178668
510,2020-09-11 16:22:19,1.7332313637520556
511,2020-09-11 16:25:20,1.732409317625692
512,2020-09-11 16:28:20,1.7317178828052673
513,2020-09-11 16:31:20,1.7310860805955735
514,2020-09-11 16:34:20,1.7305082131209095
515,2020-09-11 16:37:21,1.7299695706220442
516,2020-09-11 16:40:32,1.7295046859726428
517,2020-09-11 16:44:11,1.7291655385372424
518,2020-09-11 16:47:16,1.7291450666905597
519,2020-09-11 16:50:14,1.7299978680466772
520,2020-09-11 16:53:27,1.7322293202695844
521,2020-09-11 16:56:18,1.7362267005026812
522,2020-09-11 16:59:17,1.7421219702628432
523,2020-09-11 17:02:21,1.7497945827833834
524,2020-09-11 17:05:20,1.7589945940035385
525,2020-09-11 17:08:20,1.7693807192718949
526,2020-09-11 17:11:30,1.7806125177032515
527,2020-09-11 17:14:24,1.7923588984694154
528,2020-09-11 17:17:24,1.8043400652386161
529,2020-09-11 17:20:25,1.8162597974085433
530,2020-09-11 17:23:26,1.827803085978485
531,2020-09-11 17:26:30,1.8386202838330972
532,2020-09-11 17:29:28,1.8483135875498746
533,2020-09-11 17:32:30,1.8565896516430067
534,2020-09-11 17:35:39,1.8633779132819708
535,2020-09-11 17:38:31,1.8691543208603694
536,2020-09-11 17:41:32,1.8746653666186157
537,2020-09-21 08:27:11,1.8807383567144145
538,2020-09-21 08:30:12,1.8878821171175861
539,2020-09-21 08:33:14,1.8961776136432396
540,2020-09-21 08:36:14,1.9054691959091046
541,2020-09-21 08:39:15,1.9154268934539038
542,2020-09-21 08:42:16,1.9255403749558957
543,2020-09-21 08:45:16,1.9351072994894527
544,2020-09-21 08:48:17,1.9434561296316133
545,2020-09-21 08:51:17,1.9499195796929558
546,2020-09-21 08:54:20,1.9539740669771466
547,2020-09-21 08:57:19,1.9552300606976778
548,2020-09-21 09:00:20,1.9535576761449902
549,2020-09-21 09:03:21,1.9490088279847377
550,2020-09-21 09:06:21,1.9418549153265507
551,2020-09-21 09:09:22,1.93260470985865
552,2020-09-21 09:12:34,1.9219471603509874
553,2020-09-21 09:28:07,1.9107832685977892
554,2020-09-21 09:31:07,1.9000255943780688
555,2020-09-21 09:34:07,1.890382212004745
556,2020-09-21 09:37:18,1.8823795648798565
557,2020-09-21 09:40:09,1.8760762618476496
558,2020-09-21 09:43:19,1.8710944974004917
559,2020-09-21 09:46:10,1.8672342476999084
560,2020-09-21 09:49:19,1.86433287497014
561,2020-09-21 09:52:11,1.8621956005120524
562,2020-09-21 09:55:11,1.8605961993350402
563,2020-09-21 09:58:12,1.8593837927526726
564,2020-09-21 10:01:12,1.8584194612254836
565,2020-09-21 10:04:12,1.857525051869246
566,2020-09-21 10:07:12,1.8565994513981234
567,2020-09-21 10:10:12,1.855777987867441
568,2020-09-21 10:13:12,1.8554147240736487
569,2020-09-21 10:16:12,1.8559239244765138
570,2020-09-21 10:19:13,1.8578160296816448
571,2020-09-21 10:22:13,1.8617117546019193
572,2020-09-21 10:26:11,1.867935335587183
573,2020-09-21 10:29:11,1.8763979476729968
574,2020-09-21 10:32:12,1.8866278359779187
575,2020-09-21 10:35:18,1.898073793718435
576,2020-09-21 10:38:13,1.9101388018633871
577,2020-09-21 10:41:13,1.9224887384651606
578,2020-09-21 10:44:21,1.9349902979066256
579,2020-09-21 10:47:16,1.9473993414236928
580,2020-09-21 10:50:16,1.959346764810368
581,2020-09-21 10:53:17,1.9705497793592333
582,2020-09-21 10:56:19,1.9808007965810601
583,2020-09-21 10:59:20,1.9898383337851855
584,2020-09-21 11:02:20,1.9975782523583714
585,2020-09-21 11:05:25,2.003912479542186
586,2020-09-21 11:08:22,2.008745131997473
587,2020-09-21 11:11:24,2.0118967764499
588,2020-09-21 11:14:23,2.013354167456628
589,2020-09-21 11:17:23,2.0133054824119703
590,2020-09-21 11:23:24,2.0123309066912194
591,2020-09-21 11:27:10,2.0110932047500985
592,2020-09-21 11:30:11,2.010241294442751
593,2020-09-21 11:33:19,2.0108195574465055
594,2020-09-21 11:36:16,2.014067766640759
595,2020-09-21 11:39:23,2.0210365668112904
596,2020-09-21 11:42:19,2.032285876249494
597,2020-09-21 11:45:20,2.047620710758082
598,2020-09-21 11:48:28,2.066025224020554
599,2020-09-21 11:51:22,2.0860772841675264
600,2020-09-21 11:54:22,2.1064060831172355
601,2020-09-21 11:57:23,2.1257843119652318
602,2020-09-21 12:00:23,2.1434904952153335
603,2020-09-21 12:03:23,2.1594417451998424
604,2020-09-21 12:06:24,2.1738846373791247
605,2020-09-21 12:12:24,2.18731516384606
606,2020-09-21 12:15:24,2.200755096089207
607,2020-09-21 12:18:24,2.2155249190280255
608,2020-09-21 12:21:24,2.2330710600670827
609,2020-09-21 12:24:25,2.2547692694424697
610,2020-09-21 12:28:15,2.2813539959712035
611,2020-09-21 12:31:15,2.3128211028070442
612,2020-09-21 12:34:16,2.3484623173426726
613,2020-09-21 12:43:18,2.386785941504886
614,2020-09-21 12:46:25,2.4258589463664144
615,2020-09-21 12:49:25,2.4635264066943847
616,2020-09-21 12:52:27,2.4975994497155014
617,2020-09-21 12:55:22,2.5261338806888105
618,2020-09-21 12:58:22,2.5478094663246527
619,2020-09-21 13:01:22,2.5619769602857545
620,2020-09-21 13:04:23,2.5685323294025686
621,2020-09-21 13:07:22,2.5679302422797177
622,2020-09-21 13:10:24,2.561021472186135
623,2020-09-21 13:13:26,2.5489926261920757
624,2020-09-21 13:16:27,2.5333749249523145
625,2020-09-21 13:19:27,2.5158956227476503
626,2020-09-21 13:22:27,2.498287895278769
627,2020-09-21 13:25:28,2.482104007597753
628,2020-09-21 13:29:17,2.4686942003862207
629,2020-09-21 13:32:28,2.458725193250501
630,2020-09-21 13:35:21,2.452267993387176
631,2020-09-21 13:38:21,2.448803638675127
632,2020-09-21 13:41:28,2.4471796141609268
633,2020-09-21 13:44:23,2.446052049881466
634,2020-09-21 13:47:25,2.444231400170363
635,2020-09-21 13:50:25,2.441058638537843
636,2020-09-21 13:53:26,2.436407862501028
637,2020-09-21 13:56:36,2.430546032103659
638,2020-09-21 13:59:28,2.4240558499412943
639,2020-09-21 14:02:28,2.417693778015645
640,2020-09-21 14:05:28,2.4122408446589807
641,2020-09-21 14:08:28,2.408312587730464
642,2020-09-21 14:11:28,2.4065534806056004
643,2020-09-21 14:14:28,2.4075777564401193
644,2020-09-21 14:23:37,2.411654218022788
645,2020-09-21 14:26:36,2.4184890172466993
646,2020-09-21 14:37:39,2.4274750124109588
647,2020-09-21 14:40:39,2.437650793781316
648,2020-09-21 14:43:39,2.4477901948128817
649,2020-09-21 14:46:39,2.456859146146096
650,2020-09-21 14:49:40,2.4641872080900438
651,2020-09-21 14:52:40,2.469392452140451
652,2020-09-21 14:55:41,2.472341376878374
653,2020-09-21 14:58:41,2.472965850689458
654,2020-09-21 15:01:42,2.4711445235468936
655,2020-09-21 15:04:53,2.466627624033748
656,2020-09-21 15:07:46,2.4590120289614905
657,2020-09-21 15:10:47,2.4479300603467493
658,2020-09-21 15:13:49,2.4333442722971412
659,2020-09-21 15:16:49,2.415578225265019
660,2020-09-21 15:19:49,2.3952494936076434
661,2020-09-21 15:22:49,2.3731338436124894
662,2020-09-21 15:25:49,2.3501378471612338
663,2020-09-21 15:28:49,2.3273430375624127
664,2020-09-21 15:32:38,2.3056573041175668
665,2020-09-21 15:35:38,2.2857182667782077
666,2020-09-21 15:38:39,2.2680012948187276
667,2020-09-21 15:41:38,2.2527371282872704
668,2020-09-21 15:44:39,2.2400508859077206
669,2020-09-21 15:53:39,2.229930042937395
670,2020-09-21 15:56:47,2.222164358274258
671,2020-09-21 15:59:42,2.2162854615791687
672,2020-09-21 16:02:43,2.211813754635341
673,2020-09-21 16:05:53,2.2083351372898763
674,2020-09-21 16:08:45,2.205450512184002
675,2020-09-21 16:11:50,2.2028539076892706
676,2020-09-21 16:14:46,2.2006120578455617
677,2020-09-21 16:17:46,2.198849229027771
678,2020-09-21 16:20:50,2.197796714416601
679,2020-09-21 16:23:49,2.1977301626011547
680,2020-09-21 16:26:49,2.1988258531139424
681,2020-09-21 16:30:00,2.2012352594607343
682,2020-09-21 16:35:12,2.205099243750216
683,2020-09-21 16:38:12,2.2104936756888325
684,2020-09-21 16:41:13,2.217328837064648
685,2020-09-21 16:50:14,2.2254866213328204
686,2020-09-21 16:53:14,2.234951423030091
687,2020-09-21 16:56:14,2.245803959488229
688,2020-09-21 16:59:14,2.2580687536348263
689,2020-09-21 17:02:14,2.2715825942538945
690,2020-09-21 17:05:14,2.286064689656607
691,2020-09-21 17:08:15,2.301288688388782
692,2020-09-21 17:11:20,2.3170569109758947
693,2020-09-21 17:14:17,2.3329805262896777
694,2020-09-21 17:17:17,2.3485778394827523
695,2020-09-21 17:20:24,2.3633616184241184
696,2020-09-21 17:23:21,2.376702896127883
697,2020-09-21 17:26:22,2.3878071610418896
698,2020-09-21 17:29:23,2.395916232913983
699,2020-09-21 17:32:27,2.400429869912906
700,2020-09-21 17:36:24,2.400958799937945
701,2020-09-21 17:39:26,2.3973082327122093
702,2020-09-21 17:42:26,2.389430542740151
703,2020-09-21 17:45:27,2.37759867460199
704,2020-09-21 17:48:27,2.362254079681195
705,2020-09-21 17:51:28,2.34387450951748
706,2020-09-21 17:54:27,2.3229410761450175
707,2020-09-21 17:57:28,2.2999293844866813
708,2020-09-21 18:00:28,2.2752235182343483
709,2020-09-21 18:03:29,2.2489704413064047
710,2020-09-23 08:28:24,2.221303113897651
711,2020-09-23 08:31:25,2.1923505205894607
712,2020-09-23 08:34:26,2.1622939698221586
713,2020-09-23 08:37:27,2.131433102378807
714,2020-09-23 08:40:29,2.100214931690992
715,2020-09-23 08:43:30,2.069046373140811
716,2020-09-23 08:46:30,2.0385078318168013
717,2020-09-23 08:49:30,2.009172823910312
718,2020-09-23 08:52:32,1.9815060998598781
719,2020-09-23 08:55:33,1.9559296927487004
720,2020-09-23 08:58:33,1.932851028527919
721,2020-09-23 09:01:33,1.9127579394012368
722,2020-09-23 09:04:34,1.8960171612099161
723,2020-09-23 09:08:14,1.8829010725630217
724,2020-09-23 09:11:14,1.8735165248147732
725,2020-09-23 09:14:15,1.8676648395440438
726,2020-09-23 09:17:15,1.864969196360246
727,2020-09-23 09:20:15,1.8650104549046707
728,2020-09-23 09:23:15,1.867241160580242
729,2020-09-23 09:26:15,1.8708601922857166
730,2020-09-23 09:29:16,1.874915093335372
731,2020-09-23 09:32:17,1.878674346717271
732,2020-09-23 09:35:19,1.8818357148868632
733,2020-09-23 09:47:46,1.8843345043087802
734,2020-09-23 09:58:28,1.8861697247446343
735,2020-09-23 10:01:28,1.887374565236993
736,2020-09-23 10:04:30,1.8880340055863307
737,2020-09-23 10:07:31,1.8882585768767877
738,2020-09-23 10:10:33,1.8881907293276927
739,2020-09-23 10:13:34,1.887948698647153
740,2020-09-23 10:16:34,1.8875585618700517
741,2020-09-23 10:19:35,1.8869969254119985
742,2020-09-23 10:25:38,1.8861231959665852
743,2020-09-23 10:28:37,1.8847203883036485
744,2020-09-23 10:31:37,1.8825862331436656
745,2020-09-23 10:34:38,1.879674148985921
746,2020-09-23 10:37:38,1.8760859766636644
747,2020-09-23 10:40:46,1.872064613300199
748,2020-09-23 10:43:46,1.8678838955621204
749,2020-09-23 10:46:44,1.8637360168948294
750,2020-09-23 10:49:45,1.8598035825615717
751,2020-09-23 10:52:49,1.8563246570863392
752,2020-09-23 10:55:48,1.853469218121915
753,2020-09-23 10:59:26,1.851242110281368
754,2020-09-23 11:02:26,1.849617780037885
755,2020-09-23 11:05:26,1.8485554531656698
756,2020-09-23 11:08:26,1.8479598990174246
757,2020-09-23 11:11:31,1.8477715630390954
758,2020-09-23 11:14:28,1.8478757186962613
759,2020-09-23 11:17:28,1.8481213837059614
760,2020-09-23 11:20:30,1.8484262126108437
761,2020-09-23 11:23:30,1.84880499301772
762,2020-09-23 11:26:31,1.8492434883942845
763,2020-09-23 11:29:31,1.8496957268035834
764,2020-09-23 11:32:41,1.8501777087865647
765,2020-09-23 11:35:42,1.850736339098263
766,2020-09-23 11:38:36,1.8513502293100992
767,2020-09-23 11:41:36,1.8519671883620492
768,2020-09-23 11:44:37,1.8526133065296513
769,2020-09-23 11:47:37,1.8533302954743092
770,2020-09-23 11:50:39,1.8539905320908825
771,2020-09-23 11:53:38,1.8544930338249166
772,2020-09-23 12:00:33,1.8548265261870918
773,2020-09-23 12:03:35,1.8551178886447206
774,2020-09-23 12:06:35,1.8556571191815143
775,2020-09-23 12:09:45,1.856782169102786
776,2020-09-23 12:12:39,1.8591690556824552
777,2020-09-23 12:15:40,1.8636836791930835
778,2020-09-23 12:18:40,1.8709759526818837
779,2020-09-23 12:21:45,1.8813063997152146
780,2020-09-23 12:24:46,1.8945920660314233
781,2020-09-23 12:27:47,1.9107841633068734
782,2020-09-23 12:30:49,1.9297569679503752
783,2020-09-23 12:33:50,1.9512101431494049
784,2020-09-23 12:36:52,1.9746757669906767
785,2020-09-23 12:39:53,1.9996596368358937
786,2020-09-23 12:45:55,2.0255880192727567
787,2020-09-23 12:48:56,2.051765322426995
788,2020-09-23 12:51:58,2.0773637667279488
789,2020-09-23 12:55:00,2.1015428862900905
790,2020-09-23 12:58:03,2.123593147428984
791,2020-09-23 13:01:32,2.143065556647006
792,2020-09-23 13:04:34,2.159749833107554
793,2020-09-23 13:07:35,2.1735870064358878
794,2020-09-23 13:10:36,2.184711788072491
795,2020-09-23 13:13:42,2.193401921976827
796,2020-09-23 13:16:40,2.1999083949984994
797,2020-09-23 13:19:40,2.204303668329025
798,2020-09-23 13:22:45,2.2064612805085773
799,2020-09-23 13:25:41,2.206230297687806
800,2020-09-23 13:28:42,2.2035849092017887
801,2020-09-23 13:31:45,2.1984640394200916
802,2020-09-23 13:34:45,2.1906947811564876
803,2020-09-23 13:40:04,2.1800036723633767
804,2020-09-23 13:40:47,2.166191059604472
805,2020-09-23 13:43:48,2.149194501217611
806,2020-09-23 13:46:48,2.129149854054713
807,2020-09-23 13:49:55,2.1065598737188935
808,2020-09-23 13:52:59,2.0823522000998835
809,2020-09-23 13:55:58,2.0576852525850136
810,2020-09-23 13:58:55,2.0340022740385564
811,2020-09-23 14:02:33,2.012839547577535
812,2020-09-23 14:05:33,1.9954810501038605
813,2020-09-23 14:08:43,1.9827991722634923
814,2020-09-23 14:11:46,1.9753641970924924
815,2020-09-23 14:14:39,1.973233396639157
816,2020-09-23 14:17:41,1.976322294044102
817,2020-09-23 14:20:47,1.9844302876144226
818,2020-09-23 14:23:46,1.997134984943738
819,2020-09-23 14:26:46,2.013681442478319
820,2020-09-23 14:29:46,2.032881348275744
821,2020-09-23 14:32:47,2.0534948946063594
822,2020-09-23 14:35:46,2.0744049572796115
823,2020-09-23 14:38:51,2.0946036305618208
824,2020-09-23 14:41:59,2.1132072092550835
825,2020-09-23 14:44:49,2.12965529706527
826,2020-09-23 14:47:50,2.143764793532398
827,2020-09-23 14:50:51,2.1556089903608413
828,2020-09-23 14:53:52,2.1653441184310793
829,2020-09-23 14:56:53,2.1731030105433096
830,2020-09-23 14:59:54,2.1789069017897553
831,2020-09-23 15:03:37,2.1827190767163183
832,2020-09-23 15:06:40,2.1844882855341186
833,2020-09-23 15:09:41,2.1841015744647647
834,2020-09-23 15:12:41,2.1814603213301513
835,2020-09-23 15:15:43,2.176633788644166
836,2020-09-23 15:18:44,2.169743420763627
837,2020-09-23 15:21:44,2.1609280025097313
838,2020-09-23 15:24:46,2.150183866041907
839,2020-09-23 15:27:48,2.137550146415805
840,2020-09-23 15:30:50,2.123347215151121
841,2020-09-23 15:33:49,2.1081978563790287
842,2020-09-23 15:37:00,2.092844698596366
843,2020-09-23 15:39:53,2.0779914633891803
844,2020-09-23 15:42:55,2.064376838841019
845,2020-09-23 15:46:02,2.052740119891581
846,2020-09-23 15:48:57,2.0436704680702658
847,2020-09-23 15:51:57,2.037528386406393
848,2020-09-23 15:54:57,2.034402679065121
849,2020-09-23 15:57:57,2.033987290220762
850,2020-09-23 16:04:47,2.0360655691405194
851,2020-09-23 16:10:43,2.040583069985681
852,2020-09-23 16:13:44,2.047382937527578
853,2020-09-23 16:16:44,2.0562182155351163
854,2020-09-23 16:19:45,2.0667936553353545
855,2020-09-23 16:22:47,2.078719343098582
856,2020-09-23 16:25:47,2.0915333550799495
857,2020-09-23 16:28:49,2.1047211207969134
858,2020-09-23 16:31:49,2.1179473613961903
859,2020-09-23 16:34:58,2.1311173191042094
860,2020-09-23 16:38:02,2.144412122169456
861,2020-09-23 16:40:53,2.158005271986646
862,2020-09-23 16:43:56,2.171778404904786
863,2020-09-23 16:46:54,2.185349807586272
864,2020-09-23 16:49:56,2.1981925905408453
865,2020-09-23 16:53:00,2.209611516923335
866,2020-09-23 16:56:02,2.2188197420188907
867,2020-09-23 16:58:59,2.225133665501615
868,2020-09-23 17:02:00,2.228106875063808
869,2020-09-23 17:05:42,2.227495058335996
870,2020-09-23 17:11:49,2.2233373549747166
871,2020-09-23 17:14:45,2.2158266207730306
872,2020-09-23 17:17:45,2.2055489314084022
873,2020-09-23 17:20:46,2.193350992662886
874,2020-09-23 17:23:48,2.179838279110875
875,2020-09-23 17:26:48,2.1654578886280866
876,2020-09-23 17:29:48,2.1507006679504723
877,2020-09-23 17:32:49,2.136054698803587
878,2020-09-24 08:21:11,2.121868701998416
879,2020-09-24 08:24:19,2.108252199888401
880,2020-09-24 08:27:12,2.095208961983385
881,2020-09-24 08:30:14,2.082825186908032
882,2020-09-24 08:33:21,2.0711882463682088
883,2020-09-24 08:36:14,2.0601549406617146
884,2020-09-24 08:39:15,2.0494199979476555
885,2020-09-24 08:42:17,2.0386759345767906
886,2020-09-24 08:48:16,2.0277694301981377
887,2020-09-24 08:51:16,2.016631152776686
888,2020-09-24 08:54:16,2.0052164670605013
889,2020-09-24 08:57:17,1.9935825506865648
890,2020-09-24 09:00:18,1.981936156699998
891,2020-09-24 09:03:19,1.9706307961152127
892,2020-09-24 09:07:15,1.9599303081155408
893,2020-09-24 09:10:14,1.9501343402996296
894,2020-09-24 09:13:14,1.9417289000585676
895,2020-09-24 09:16:15,1.9352886988418199
896,2020-09-24 09:19:15,1.9311386342206607
897,2020-09-24 09:22:17,1.9292401711537803
898,2020-09-24 09:25:17,1.9292319997939227
899,2020-09-24 09:28:18,1.9305246480515283
900,2020-09-24 09:31:21,1.932534583157434
901,2020-09-24 09:34:22,1.934851082538093
902,2020-09-24 09:37:22,1.9370231946003815
903,2020-09-24 09:40:31,1.9386082432106386
904,2020-09-24 09:43:24,1.939366748272647
905,2020-09-24 09:46:24,1.9392887169240187
906,2020-09-24 09:49:27,1.9385284863948833
907,2020-09-24 09:59:56,1.9373776489759589
908,2020-09-24 10:02:57,1.9361060773320617
909,2020-09-24 10:05:57,1.9347538689195067
910,2020-09-24 10:08:57,1.9333554138717002
911,2020-09-24 10:11:57,1.931801883647374
912,2020-09-24 10:14:58,1.9300646303880327
913,2020-09-24 10:17:59,1.9284539218646826
914,2020-09-24 10:27:01,1.9273185504247266
915,2020-09-24 10:30:01,1.926920537834901
916,2020-09-24 10:33:01,1.9275122342037752
917,2020-09-24 10:36:03,1.92919470288165
918,2020-09-24 10:39:05,1.931980429187119
919,2020-09-24 10:42:06,1.9356124856225134
920,2020-09-24 10:45:06,1.939547604973139
921,2020-09-24 10:48:08,1.943304956720811
922,2020-09-24 10:51:10,1.9467878301994423
923,2020-09-24 10:54:09,1.950057742498264
924,2020-09-24 10:57:54,1.9532621081879813
925,2020-09-24 11:00:54,1.9567719215238792
926,2020-09-24 11:03:55,1.9610924346005545
927,2020-09-24 11:06:56,1.966595658854768
928,2020-09-24 11:09:56,1.9732913977440565
929,2020-09-24 11:12:57,1.9811595853943422
930,2020-09-24 11:15:59,1.9903454672254792
931,2020-09-24 11:19:00,2.0009710217038803
932,2020-09-24 11:22:01,2.0130670407753968
933,2020-09-24 11:25:02,2.026435447900896
934,2020-09-24 11:28:03,2.0409062887652976
935,2020-09-24 11:31:05,2.0564862339305616
936,2020-09-24 11:34:05,2.07313176782095
937,2020-09-24 11:37:07,2.0907090601988436
938,2020-09-24 11:40:08,2.1089031160002776
939,2020-09-24 11:43:09,2.1274151846350655
940,2020-09-24 11:46:09,2.1462168531009844
941,2020-09-24 11:49:18,2.165439565550347
942,2020-09-24 11:52:10,2.185103640328851
943,2020-09-24 11:59:03,2.2049232732117474
944,2020-09-24 12:02:05,2.224464423164985
945,2020-09-24 12:05:07,2.2434784857658236
946,2020-09-24 12:08:07,2.2617851901505013
947,2020-09-24 12:11:08,2.279273738619187
948,2020-09-24 12:14:10,2.2957134030429565
949,2020-09-24 12:17:21,2.310863189963232
950,2020-09-24 12:20:11,2.3245219090451528
951,2020-09-24 12:23:14,2.3365546005693183
952,2020-09-24 12:26:15,2.34678521707305
953,2020-09-24 12:29:16,2.3550734961097954
954,2020-09-24 12:32:17,2.3615031021186517
955,2020-09-24 12:35:16,2.3662631771531784
956,2020-09-24 12:38:29,2.3696369402043183
957,2020-09-24 12:41:20,2.3718357523981357
958,2020-09-24 12:44:22,2.3730595772690886
959,2020-09-24 12:47:27,2.3736481294910634
960,2020-09-24 12:50:25,2.3738655643850852
961,2020-09-24 12:53:28,2.3738059875920414
962,2020-09-24 12:56:27,2.3736295685270816
963,2020-09-24 13:00:13,2.3734241654732853
964,2020-09-24 13:03:13,2.373094662043873
965,2020-09-24 13:06:13,2.3726165994503625
966,2020-09-24 13:09:15,2.372111760001209
967,2020-09-24 13:12:17,2.371872467442221
968,2020-09-24 13:15:17,2.372134759983176
969,2020-09-24 13:18:18,2.3729378573533855
970,2020-09-24 13:21:18,2.3742306948226215
971,2020-09-24 13:24:19,2.375983188919195
972,2020-09-24 13:27:19,2.3783949389874697
973,2020-09-24 13:30:20,2.381567599897193
974,2020-09-24 13:33:20,2.3852884427658623
975,2020-09-24 13:36:29,2.389257096087031
976,2020-09-24 13:39:26,2.3931399678813823
977,2020-09-24 13:42:34,2.3966980782869416
978,2020-09-24 13:45:28,2.3998104466098313
979,2020-09-24 13:48:27,2.402326091303846
980,2020-09-24 13:51:29,2.4042390088227967
981,2020-09-24 13:54:29,2.405723615479932
982,2020-09-24 13:57:29,2.4069933047974534
983,2020-09-24 14:01:03,2.4079921470209125
984,2020-09-24 14:04:05,2.408259079971838
985,2020-09-24 14:07:07,2.4073127842065656
986,2020-09-24 14:10:06,2.404751601350479
987,2020-09-24 14:13:07,2.4003146365176407
988,2020-09-24 14:16:06,2.3936898819360612
989,2020-09-24 14:19:07,2.384626371386819
990,2020-09-24 14:22:08,2.373104182272419
991,2020-09-24 14:25:08,2.3593924152645886
992,2020-09-24 14:28:09,2.343763361617567
993,2020-09-24 14:31:08,2.32626948836014
994,2020-09-24 14:34:09,2.307017363557751
995,2020-09-24 14:37:12,2.2862386521403906
996,2020-09-24 14:40:12,2.264406719677055
997,2020-09-24 14:43:12,2.2421531138151387
998,2020-09-24 14:46:13,2.2200892077160432
999,2020-09-24 14:49:22,2.1989965026221903
1000,2020-09-24 14:52:15,2.179812449110262
1001,2020-09-24 14:58:21,2.163290687011987
1002,2020-09-24 15:02:09,2.1498684258325937
1003,2020-09-24 15:05:09,2.1395375162691934
1004,2020-09-24 15:08:10,2.1318355859386102
1005,2020-09-24 15:11:10,2.126022886745485
1006,2020-09-24 15:14:11,2.121111508967517
1007,2020-09-24 15:17:12,2.1160699619169905
1008,2020-09-24 15:20:12,2.1100198581609937
1009,2020-09-24 15:23:13,2.1023471807106113
1010,2020-09-24 15:26:13,2.092597025988493
1011,2020-09-24 15:29:14,2.080528505334321
1012,2020-09-24 15:32:15,2.0664283610221483
1013,2020-09-24 15:35:17,2.0512063051862417
1014,2020-09-24 15:38:18,2.0360884431478805
1015,2020-09-24 15:41:18,2.022341177577837
1016,2020-09-24 15:44:20,2.010997229296505
1017,2020-09-24 15:47:20,2.0026239049155024
1018,2020-09-24 15:50:21,1.9972948827848622
1019,2020-09-24 15:53:22,1.9947528832100687
1020,2020-09-24 15:56:23,1.9944711992253552
1021,2020-09-24 15:59:34,1.995770967840837
1022,2020-09-24 16:03:10,1.9980290160576448
1023,2020-09-24 16:06:10,2.000716299991538
1024,2020-09-24 16:09:11,2.003292136461603
1025,2020-09-24 16:12:12,2.00514745538516
1026,2020-09-24 16:15:12,2.0057625115196824
1027,2020-09-24 16:18:13,2.004875960199773
1028,2020-09-24 16:21:14,2.002450195237489
1029,2020-09-24 16:24:14,1.998769193583761
1030,2020-09-24 16:27:15,1.9946302559436324
1031,2020-09-24 16:30:16,1.9918748021410373
1032,2020-09-24 16:33:17,1.9926730372341783
1033,2020-09-24 16:36:22,1.9987196233500057
1034,2020-09-24 16:39:19,2.0108704651820126
1035,2020-09-24 16:42:20,2.0290443447958104
1036,2020-09-24 16:45:20,2.052244126974916
1037,2020-09-24 16:48:20,2.0787274641863895
1038,2020-09-24 16:51:21,2.1063167109753493
1039,2020-09-24 16:54:22,2.132740431980384
1040,2020-09-24 16:57:22,2.1559747585163187
1041,2020-09-24 17:00:24,2.1744479201071556
1042,2020-09-24 17:04:12,2.187198302086644
1043,2020-09-24 17:07:13,2.194068765447546
1044,2020-09-24 17:10:13,2.195365467870982
1045,2020-09-24 17:13:20,2.1918343792673456
1046,2020-09-24 17:17:31,2.184768720903236
1047,2020-09-24 17:19:20,2.1758116030180705
1048,2020-09-24 17:22:23,2.166570390458638
1049,2020-09-25 08:28:28,2.1582440225179127
1050,2020-09-25 08:31:28,2.151329288932825
1051,2020-09-25 08:34:30,2.1454851230973926
1052,2020-09-25 08:37:30,2.13980194953616
1053,2020-09-25 08:40:31,2.133175964077367
1054,2020-09-25 08:43:32,2.124506133085788
1055,2020-09-25 08:46:32,2.1129619636294485
1056,2020-09-25 08:49:32,2.098067761405183
1057,2020-09-25 08:52:32,2.0796499904155077
1058,2020-09-25 08:55:32,2.057804109549952
1059,2020-09-25 08:58:33,2.0329357909731485
1060,2020-09-25 09:01:34,2.005789149301769
1061,2020-09-25 09:04:34,1.9772008910144514
1062,2020-09-25 09:07:35,1.9481825110931439
1063,2020-09-25 09:10:35,1.919949579442445
1064,2020-09-25 09:13:36,1.893862363306166
1065,2020-09-25 09:16:36,1.8712492859604417
1066,2020-09-25 09:19:37,1.853175198506774
1067,2020-09-25 09:22:37,1.840199924818
1068,2020-09-25 09:25:39,1.8322007644022644
1069,2020-09-25 09:29:33,1.8282280919274658
1070,2020-09-25 09:32:31,1.8264896941947626
1071,2020-09-25 09:35:31,1.825474992259302
1072,2020-09-25 09:38:41,1.8243241586067587
1073,2020-09-25 09:41:41,1.82260540137219
1074,2020-09-25 09:44:45,1.8202413445337742
1075,2020-09-25 09:47:38,1.817492940593075
1076,2020-09-25 09:50:44,1.8147305212791516
1077,2020-09-25 09:53:39,1.812407093452123
1078,2020-09-25 09:56:46,1.8111004827109163
1079,2020-09-25 09:59:48,1.811382284137597
1080,2020-09-25 10:02:42,1.813717773687058
1081,2020-09-25 10:05:42,1.818355179486261
1082,2020-09-25 10:08:42,1.825159959006184
1083,2020-09-25 10:11:50,1.8339912517100618
1084,2020-09-25 10:14:51,1.8444868784213035
1085,2020-09-25 10:17:46,1.8558306143028354
1086,2020-09-25 10:20:56,1.8672298592096777
1087,2020-09-25 10:23:48,1.8781778670821438
1088,2020-09-25 10:26:48,1.8884968943178215
1089,2020-09-25 10:30:32,1.8983577819821544
1090,2020-09-25 10:33:32,1.9079700703103946
1091,2020-09-25 10:36:33,1.9174765098232056
1092,2020-09-25 10:39:33,1.9273116760231206
1093,2020-09-25 10:42:33,1.9381419715211319
1094,2020-09-25 10:45:34,1.9505924548952445
1095,2020-09-25 10:48:35,1.96506494107234
1096,2020-09-25 10:51:36,1.981809206661504
1097,2020-09-25 10:54:37,2.001093265610134
1098,2020-09-25 10:57:37,2.022989021704916
1099,2020-09-25 11:00:38,2.0473210623697504
1100,2020-09-25 11:03:38,2.073753729799595
1101,2020-09-25 11:06:40,2.10169702385506
1102,2020-09-25 11:12:40,2.1304487381634516
1103,2020-09-25 11:15:40,2.1593340000442964
1104,2020-09-25 11:18:40,2.1877392257366353
1105,2020-09-25 11:21:40,2.2151108420901124
1106,2020-09-25 11:24:41,2.2409502157082954
1107,2020-09-25 11:27:40,2.264844723418264
1108,2020-09-25 11:31:33,2.2866310063748614
1109,2020-09-25 11:34:34,2.306233225913111
1110,2020-09-25 11:46:00,2.3234644146949677
1111,2020-09-25 11:49:00,2.3383456803129974
1112,2020-09-25 11:52:01,2.3510524808000817
1113,2020-09-25 11:55:01,2.361703936222474
1114,2020-09-25 11:58:02,2.3703322488638365
1115,2020-09-25 12:01:02,2.376958939835591
1116,2020-09-25 12:04:02,2.3815304304390743
1117,2020-09-25 12:07:02,2.383991784608714
1118,2020-09-25 12:10:02,2.384555279196084
1119,2020-09-25 12:13:02,2.3834150288494556
1120,2020-09-25 12:16:04,2.380535223945703
1121,2020-09-25 12:19:04,2.3759107848505003
1122,2020-09-25 12:22:05,2.3696904030066612
1123,2020-09-25 12:25:12,2.3620185388867228
1124,2020-09-25 12:28:15,2.353184023906209
1125,2020-09-25 12:31:10,2.343755986226512
1126,2020-09-25 12:34:11,2.3345904460369784
1127,2020-09-25 12:37:11,2.326600540069448
1128,2020-09-25 12:40:12,2.3206137269099534
1129,2020-09-25 12:43:11,2.317303216184741
1130,2020-09-25 12:47:10,2.3170388437390628
1131,2020-09-25 12:50:06,2.3198462169183482
1132,2020-09-25 12:53:06,2.325542247025167
1133,2020-09-25 12:56:07,2.3337892260286814
1134,2020-09-25 12:59:08,2.344265210245826
1135,2020-09-25 13:02:08,2.356708352979229
1136,2020-09-25 13:05:08,2.3706394731794553
1137,2020-09-25 13:08:09,2.385490955858131
1138,2020-09-25 13:11:09,2.4006853639243033
1139,2020-09-25 13:14:11,2.415762706040514
1140,2020-09-25 13:22:01,2.430279251361185
1141,2020-09-25 13:22:03,2.4438514946054326
1142,2020-09-25 13:45:27,2.4563075392590825
1143,2020-09-25 13:48:28,2.4675203889893824
1144,2020-09-25 13:51:29,2.477396867096579
1145,2020-09-25 13:57:29,2.485854148880018
1146,2020-09-25 14:00:29,2.4928775543652177
1147,2020-09-25 14:03:31,2.4985399839108218
1148,2020-09-25 14:06:32,2.5032173363414207
1149,2020-09-25 14:09:31,2.507437384213552
1150,2020-09-25 14:12:32,2.5117726537543197
1151,2020-09-25 14:15:40,2.516769783525166
1152,2020-09-25 14:18:33,2.5229405061606838
1153,2020-09-25 14:21:33,2.5305886941619526
1154,2020-09-25 14:24:35,2.5398167332463517
1155,2020-09-25 14:27:37,2.5506442304889587
1156,2020-09-25 14:30:37,2.5629440881131718
1157,2020-09-25 14:33:38,2.576280343012412
1158,2020-09-25 14:36:38,2.590354274259921
1159,2020-09-25 14:39:48,2.6052789699436687
1160,2020-09-25 14:42:47,2.621333857202707
1161,2020-09-25 14:46:44,2.6385702309221557
1162,2020-09-25 14:49:46,2.6570328047016005
1163,2020-09-25 14:52:46,2.676735920962109
1164,2020-09-25 14:55:54,2.697418461626814
1165,2020-09-25 14:58:49,2.718618314966932
1166,2020-09-25 15:01:50,2.7398987541519304
1167,2020-09-25 15:04:51,2.760985252133434
1168,2020-09-25 15:07:50,2.7816591108396445
1169,2020-09-25 15:10:53,2.8017742498248808
1170,2020-09-25 15:13:54,2.820998275679756
1171,2020-09-25 15:22:54,2.8390663256874653
1172,2020-09-25 15:25:55,2.8558258932801124
1173,2020-09-25 15:28:56,2.8710554056849045
1174,2020-09-25 15:32:04,2.8845023782604198
1175,2020-09-25 15:34:56,2.8961274172961966
1176,2020-09-25 15:38:04,2.9059203391616952
1177,2020-09-25 15:40:58,2.913840458531996
1178,2020-09-25 15:44:00,2.919975159695465
1179,2020-09-25 15:47:48,2.9246250882968385
1180,2020-09-25 15:50:48,2.9278325606440596
1181,2020-09-25 15:53:48,2.9295397767977036
1182,2020-09-25 15:56:47,2.9300518654424117
1183,2020-09-25 15:59:48,2.9297271127182336
1184,2020-09-25 16:02:50,2.9287947711092053
1185,2020-09-25 16:05:50,2.927319819651444
1186,2020-09-25 16:08:51,2.9254381693578577
1187,2020-09-25 16:11:51,2.9230284201274523
1188,2020-09-25 16:14:52,2.9199685947451828
1189,2020-09-25 16:17:53,2.91615708652519
1190,2020-09-25 16:21:00,2.9115898739392883
1191,2020-09-25 16:24:01,2.9065074787471206
1192,2020-09-25 16:26:57,2.9015138912853775
1193,2020-09-25 16:29:58,2.897266425476586
1194,2020-09-25 16:32:59,2.8940275508267224
1195,2020-09-25 16:35:59,2.891891933963966
1196,2020-09-25 16:39:02,2.8912693505781015
1197,2020-09-25 16:42:02,2.8923863539774035
1198,2020-09-25 16:45:02,2.894852873667289
1199,2020-09-25 16:48:51,2.8979681943618902
1200,2020-09-25 16:51:51,2.9014527278249074
1201,2020-09-25 16:54:53,2.9052813116501195
1202,2020-09-25 16:57:55,2.9094010966899857
1203,2020-09-25 17:00:55,2.913697054651199
1204,2020-09-25 17:03:56,2.918204682612492
1205,2020-09-25 17:06:56,2.923160058242756
1206,2020-09-25 17:09:58,2.9284291416430754
1207,2020-09-25 17:12:59,2.9334946554538224
1208,2020-09-25 17:19:02,2.937323250264818
1209,2020-09-25 17:22:02,2.9387310262250903
1210,2020-09-25 17:25:05,2.9366352661647976
1211,2020-09-25 17:28:03,2.930322455777728
1212,2020-09-25 17:31:03,2.9194406035064064
1213,2020-09-25 17:34:04,2.9038898909010964
1214,2020-09-25 17:37:10,2.8839332906577315
1215,2020-09-25 17:40:13,2.8607158294495107
1216,2020-09-25 17:43:24,2.835696498283358
1217,2020-09-25 17:46:09,2.8104612665778816
1218,2020-09-25 17:50:00,2.7866391798115586
1219,2020-09-25 17:53:01,2.7658248728776442
1220,2020-09-25 17:56:07,2.7494964693505892
1221,2020-09-25 17:59:03,2.738635219760752
1222,2020-09-25 18:02:05,2.733677397785325
1223,2020-09-25 18:05:07,2.734449673252854
1224,2020-09-26 08:28:37,2.740327059405665
1225,2020-09-26 08:31:38,2.7499968391335683
1226,2020-09-26 08:34:38,2.761830481206506
1227,2020-09-26 08:37:39,2.7740497596229474
1228,2020-09-26 08:40:40,2.785290378000912
1229,2020-09-26 08:43:40,2.7944999921142006
1230,2020-09-26 08:46:41,2.8008596146391405
1231,2020-09-26 08:49:47,2.804036125024748
1232,2020-09-26 08:52:45,2.8041710710675076
1233,2020-09-26 08:55:46,2.80208786738336
1234,2020-09-26 08:58:46,2.799390861301596
1235,2020-09-26 09:01:46,2.797466248544062
1236,2020-09-26 09:04:46,2.7976420191264353
1237,2020-09-26 09:08:36,2.801099376389786
1238,2020-09-26 09:14:37,2.808674642401261
1239,2020-09-26 09:17:37,2.8208738025918354
1240,2020-09-26 09:20:40,2.837277078288322
1241,2020-09-26 09:23:41,2.8568361022273123
1242,2020-09-26 09:26:41,2.8783024445010277
1243,2020-09-26 09:29:42,2.9002699446434317
1244,2020-09-26 09:32:42,2.920676043866653
1245,2020-09-26 09:35:43,2.937574733494822
1246,2020-09-26 09:38:44,2.949581935208272
1247,2020-09-26 09:41:45,2.9561975685481556
1248,2020-09-26 09:44:47,2.957323361763116
1249,2020-09-26 09:50:47,2.9531930452760937
1250,2020-09-26 09:53:47,2.9445653505249965
1251,2020-09-26 09:56:47,2.932705339645868
1252,2020-09-26 09:59:47,2.919316768179989
1253,2020-09-26 10:02:47,2.9061013575001287
1254,2020-09-26 10:05:47,2.8943220121870503
1255,2020-09-26 10:09:40,2.8850486792995227
1256,2020-09-26 10:12:40,2.878891719717675
1257,2020-09-26 10:15:41,2.876128590074117
1258,2020-09-26 10:18:40,2.876831246315483
1259,2020-09-26 10:21:41,2.880372483420153
1260,2020-09-26 10:24:41,2.886128799410647
1261,2020-09-26 10:27:41,2.893303155560157
1262,2020-09-26 10:30:42,2.900945441652226
1263,2020-09-26 10:33:41,2.9078915503993183
1264,2020-09-26 10:36:42,2.9134826865310135
1265,2020-09-26 10:39:42,2.9175548137539984
1266,2020-09-26 10:42:43,2.9200328267715463
1267,2020-09-26 10:45:43,2.9207534429714883
1268,2020-09-26 10:48:43,2.919912673872412
1269,2020-09-26 10:51:44,2.9179977405514617
1270,2020-09-26 10:54:46,2.9153308008996754
1271,2020-09-26 10:57:46,2.9123305266404116
1272,2020-09-26 11:00:48,2.9095096826178315
1273,2020-09-26 11:03:50,2.907443800090716
1274,2020-09-26 11:06:49,2.907040224020813
1275,2020-09-26 11:10:41,2.90903602230577
1276,2020-09-26 11:19:42,2.91404345677228
1277,2020-09-26 11:22:42,2.9220925224954755
1278,2020-09-26 11:25:42,2.9324472948584734
1279,2020-09-26 11:28:43,2.9445317465804735
1280,2020-09-26 11:31:48,2.9578095784063017
1281,2020-09-26 11:34:45,2.9713382010311875
1282,2020-09-26 11:37:47,2.98395813058635
1283,2020-09-26 11:40:48,2.995147165352714
1284,2020-09-26 11:43:48,3.0048272944154037
1285,2020-09-26 11:46:49,3.0127817659554044
1286,2020-09-26 11:49:50,3.0187461691940207
1287,2020-09-26 11:52:50,3.0224933352930567
1288,2020-09-26 11:55:50,3.0239560080374543
1289,2020-09-26 11:58:53,3.0234884690073276
1290,2020-09-26 12:01:54,3.0217478331445324
1291,2020-09-26 12:04:55,3.0195429974294434
1292,2020-09-26 12:07:55,3.0173559220077646
1293,2020-09-26 12:11:51,3.015317994598478
1294,2020-09-26 12:14:55,3.0134324437431275
1295,2020-09-26 12:18:00,3.01199651854178
1296,2020-09-26 12:20:56,3.011467683063952
1297,2020-09-26 12:23:57,3.0124006534735663
1298,2020-09-26 12:27:01,3.0154306797246675
1299,2020-09-26 12:30:10,3.020920766043071
1300,2020-09-26 12:33:02,3.02917720934955
1301,2020-09-26 12:36:03,3.04039690685636
1302,2020-09-26 12:39:06,3.0541160553115176
1303,2020-09-26 12:48:16,3.069267845164724
1304,2020-09-26 12:51:14,3.0845187585778007
1305,2020-09-26 12:54:11,3.0988881167090696
1306,2020-09-26 13:03:12,3.1115004196385954
1307,2020-09-26 13:06:12,3.1216481742254523
1308,2020-09-26 13:09:22,3.1288835938896824
1309,2020-09-26 13:12:49,3.1331740524253586
1310,2020-09-26 13:15:49,3.1347107031514057
1311,2020-09-26 13:18:50,3.133678190787735
1312,2020-09-26 13:21:55,3.130632237027012
1313,2020-09-26 13:24:52,3.1265510536767778
1314,2020-09-26 13:27:55,3.1224288230626023
1315,2020-09-26 13:30:53,3.118865897472835
1316,2020-09-26 13:33:52,3.1167393952452134
1317,2020-09-26 13:36:53,3.1167550412554235
1318,2020-09-26 13:39:54,3.119057600288997
1319,2020-09-26 13:43:01,3.123284908124422
1320,2020-09-26 13:45:54,3.129118988017007
1321,2020-09-26 13:48:55,3.136385091506247
1322,2020-09-26 13:52:01,3.1445277208377744
1323,2020-09-26 13:54:58,3.1526034956980094
1324,2020-09-26 13:58:01,3.1598382960527784
1325,2020-09-26 14:01:01,3.165782627199409
1326,2020-09-26 14:04:05,3.1702135002564837
1327,2020-09-26 14:07:02,3.1727612757997754
1328,2020-09-26 14:10:03,3.1729421043628996
1329,2020-09-26 14:13:59,3.170926504220958
1330,2020-09-26 14:24:22,3.167337314591375
1331,2020-09-26 14:27:22,3.1631637855615438
1332,2020-09-26 14:30:23,3.1593607940377737
1333,2020-09-26 14:33:23,3.156918630169562
1334,2020-09-26 14:36:25,3.156501980198053
1335,2020-09-26 14:39:25,3.158281372814738
1336,2020-09-26 14:42:26,3.1619275182215683
1337,2020-09-26 14:45:31,3.167193802008831
1338,2020-09-26 14:48:28,3.1735066699389876
1339,2020-09-26 14:51:30,3.180021337103705
1340,2020-09-26 14:54:31,3.1859276725398544
1341,2020-09-26 14:57:32,3.1907443099194097
1342,2020-09-26 15:00:32,3.194219199873121
1343,2020-09-26 15:03:32,3.196182547335532
1344,2020-09-26 15:06:34,3.1964366362462187
1345,2020-09-26 15:09:34,3.195073273236254
1346,2020-09-26 15:12:35,3.1927491815069873
1347,2020-09-26 15:15:35,3.190173672401664
1348,2020-09-26 15:18:35,3.18800338413749
1349,2020-09-26 15:21:36,3.18685797460195
1350,2020-09-26 15:25:24,3.1874694233724234
1351,2020-09-26 15:28:24,3.1903308485309765
1352,2020-09-26 15:31:24,3.196138161133831
1353,2020-09-26 15:34:24,3.2057621780558243
1354,2020-09-26 15:37:24,3.219530750271197
1355,2020-09-26 15:40:24,3.237005070894135
1356,2020-09-26 15:43:25,3.2575364397258397
1357,2020-09-26 15:46:28,3.280222517608216
1358,2020-09-26 15:49:34,3.3042102100250332
1359,2020-09-26 15:52:31,3.328351598468565
1360,2020-09-26 15:55:30,3.351342331320371
1361,2020-09-26 15:58:31,3.37221831277078
1362,2020-09-26 16:01:31,3.3901962389928215
1363,2020-09-26 16:04:32,3.404634716845857
1364,2020-09-26 16:07:43,3.415091876410945
1365,2020-09-26 16:10:34,3.4218584810730714
1366,2020-09-26 16:13:35,3.4256762922098125
1367,2020-09-26 16:16:36,3.4270840069380997
1368,2020-09-26 16:19:38,3.4261939897777216
1369,2020-09-26 16:22:37,3.4229968074084756
1370,2020-09-26 16:46:51,3.417255707171929
1371,2020-09-26 16:58:52,3.4082870523985385
1372,2020-09-26 17:01:52,3.394995140955258
1373,2020-09-26 17:04:54,3.3764049401508913
1374,2020-09-26 17:07:55,3.351902502158673
1375,2020-09-26 17:10:55,3.321273978168911
1376,2020-09-26 17:13:58,3.284539786516106
1377,2020-09-26 17:16:58,3.242235319368291
1378,2020-09-26 17:19:58,3.1949162929432617
1379,2020-09-26 17:23:03,3.143495973760153
1380,2020-09-26 17:29:01,3.0899799368871754
1381,2020-09-26 17:32:01,3.0367364939858277
1382,2020-09-26 17:35:01,2.985943751061825
1383,2020-09-26 17:38:11,2.939460201897546
1384,2020-09-26 17:41:10,2.8987037104297
1385,2020-09-26 17:44:05,2.8647950462513734
1386,2020-09-28 08:31:55,2.838458028312246
1387,2020-09-28 08:34:55,2.8194831888113043
1388,2020-09-28 08:38:01,2.8067516614897343
1389,2020-09-28 08:44:03,2.7986585250853757
1390,2020-09-28 08:46:59,2.7935574952845936
1391,2020-09-28 08:49:59,2.7899081937894987
1392,2020-09-28 08:53:00,2.786518801919368
1393,2020-09-28 08:56:01,2.782769768220801
1394,2020-09-28 08:59:01,2.7783931563929443
1395,2020-09-28 09:02:01,2.7735868916763025
1396,2020-09-28 09:05:01,2.7689145439958196
1397,2020-09-28 09:08:02,2.765015961733198
1398,2020-09-28 09:11:02,2.7628242417018427
1399,2020-09-28 09:14:03,2.763334572956772
1400,2020-09-28 09:17:03,2.7677032342427026
1401,2020-09-28 09:20:04,2.7769505495528364
1402,2020-09-28 09:23:06,2.7915883408029742
1403,2020-09-28 09:26:05,2.8113318223872135
1404,2020-09-28 09:29:06,2.8348578729222993
1405,2020-09-28 09:32:58,2.8602546845051284
1406,2020-09-28 09:36:07,2.8857936343764226
1407,2020-09-28 09:38:59,2.9103112185773714
1408,2020-09-28 09:42:04,2.9330551160863703
1409,2020-09-28 09:45:00,2.953325269610052
1410,2020-09-28 09:48:09,2.9706696337440404
1411,2020-09-28 09:51:04,2.9849445744793126
1412,2020-09-28 09:54:03,2.9960129496935766
1413,2020-09-28 09:57:05,3.0040330687330528
1414,2020-09-28 10:00:05,3.009439524807405
1415,2020-09-28 10:03:05,3.013235388313575
1416,2020-09-28 10:06:05,3.016888411473005
1417,2020-09-28 10:09:05,3.021801701308071
1418,2020-09-28 10:12:05,3.0287298150583624
1419,2020-09-28 10:15:05,3.0375718245291026
1420,2020-09-28 10:18:06,3.0481906510686585
1421,2020-09-28 10:21:05,3.060697727357386
1422,2020-09-28 10:24:07,3.0749318992152865
1423,2020-09-28 10:27:07,3.0902648662789467
1424,2020-09-28 10:30:12,3.1055556904408554
1425,2020-09-28 10:37:03,3.1198230170696437
1426,2020-09-28 10:40:04,3.132510800634049
1427,2020-09-28 10:43:04,3.143060383435932
1428,2020-09-28 10:46:05,3.151178518055139
1429,2020-09-28 10:49:06,3.1567164086424526
1430,2020-09-28 10:52:06,3.159741795175872
1431,2020-09-28 10:55:07,3.1606721387197005
1432,2020-09-28 10:58:07,3.1600471137903057
1433,2020-09-28 11:01:08,3.1582248928607974
1434,2020-09-28 11:04:09,3.1555231853272048
1435,2020-09-28 11:07:19,3.152424990653575
1436,2020-09-28 11:10:11,3.149754672606954
1437,2020-09-28 11:13:22,3.1487067151783625
1438,2020-09-28 11:16:17,3.1502820730716077
1439,2020-09-28 11:19:15,3.1548471257388098
1440,2020-09-28 11:22:15,3.162501566971848
1441,2020-09-28 11:25:15,3.1731479215996394
1442,2020-09-28 11:28:15,3.1870797214441673
1443,2020-09-28 11:31:17,3.2045313496724432
1444,2020-09-28 11:35:05,3.2251397333649194
1445,2020-09-28 11:38:14,3.248143586221083
1446,2020-09-28 11:41:07,3.272689983619884
1447,2020-09-28 11:44:06,3.2983988952940635
1448,2020-09-28 11:50:07,3.325032598271349
1449,2020-09-28 11:53:07,3.352148981215599
1450,2020-09-28 11:56:08,3.379047920993351
1451,2020-09-28 11:59:08,3.4052304714722865
1452,2020-09-28 12:02:09,3.4304703354032497
1453,2020-09-28 12:05:10,3.454638496004165
1454,2020-09-28 12:08:10,3.4774451883042694
1455,2020-09-28 12:11:11,3.498404990458372
1456,2020-09-28 12:14:12,3.5170777880127986
1457,2020-09-28 12:17:21,3.5332273905224625
1458,2020-09-28 12:20:13,3.546948886230611
1459,2020-09-28 12:23:13,3.558439706326956
1460,2020-09-28 12:26:14,3.5677363215874287
1461,2020-09-28 12:29:14,3.575107053669234
1462,2020-09-28 12:32:15,3.580899980838613
1463,2020-09-28 12:36:04,3.5853287959194673
1464,2020-09-28 12:39:08,3.588564464219922
1465,2020-09-28 12:42:11,3.590651561485389
1466,2020-09-28 12:45:09,3.5917835023147604
1467,2020-09-28 12:48:09,3.59183203845017
1468,2020-09-28 12:51:09,3.59050260585405
1469,2020-09-28 12:54:09,3.5874635795554912
1470,2020-09-28 12:57:10,3.5823731777574404
1471,2020-09-28 13:00:11,3.5754360623750596
1472,2020-09-28 13:03:20,3.567094226532207
1473,2020-09-28 13:06:12,3.5576878612300966
1474,2020-09-28 13:09:12,3.5473376794813554
1475,2020-09-28 13:12:21,3.5359319403346348
1476,2020-09-28 13:15:16,3.523401839430189
1477,2020-09-28 13:18:16,3.510023736568911
1478,2020-09-28 13:21:15,3.496308485196888
1479,2020-09-28 13:28:57,3.48250254573675
1480,2020-09-28 13:31:58,3.4686674233341854
1481,2020-09-28 13:34:58,3.4546731071212413
1482,2020-09-28 13:37:58,3.4405554742246913
1483,2020-09-28 13:40:58,3.4265072703745254
1484,2020-09-28 13:43:59,3.4125358004756414
1485,2020-09-28 13:46:59,3.3984833521851066
1486,2020-09-28 13:49:59,3.3843314161837164
1487,2020-09-28 13:53:05,3.3704044863053397
1488,2020-09-28 13:56:02,3.3570319408103053
1489,2020-09-28 13:59:02,3.3444333100435735
1490,2020-09-28 14:02:03,3.332613999991512
1491,2020-09-28 14:05:04,3.321602728476819
1492,2020-09-28 14:08:05,3.3115508191241148
1493,2020-09-28 14:11:10,3.302586345867864
1494,2020-09-28 14:14:06,3.294882058736065
1495,2020-09-28 14:17:08,3.2886287576547497
1496,2020-09-28 14:20:07,3.283977211451276
1497,2020-09-28 14:23:09,3.280771381910877
1498,2020-09-28 14:26:09,3.278644429265805
1499,2020-09-28 14:30:02,3.277256043769969
1500,2020-09-28 14:33:01,3.2762248414718558
1501,2020-09-28 14:36:02,3.2753716589767623
1502,2020-09-28 14:39:02,3.2746085268975698
1503,2020-09-28 14:42:02,3.2738213352397834
1504,2020-09-28 14:45:02,3.2730975204222186
1505,2020-09-28 14:48:02,3.2723476096478423
1506,2020-09-28 14:51:03,3.2719331372697926
1507,2020-09-28 14:54:03,3.2724430442631034
1508,2020-09-28 14:57:04,3.2742712876971107
1509,2020-09-28 15:00:04,3.2778331129028317
1510,2020-09-28 15:03:04,3.2829825064369067
1511,2020-09-28 15:06:06,3.28944954128405
1512,2020-09-28 15:09:06,3.2970000781482565
1513,2020-09-28 15:12:07,3.3055167898901754
1514,2020-09-28 15:15:07,3.3148491770491297
1515,2020-09-28 15:18:08,3.3246122370529694
1516,2020-09-28 15:21:09,3.3342610519057754
1517,2020-09-28 15:24:10,3.3432507918928387
1518,2020-09-28 15:27:12,3.3516558471365823
1519,2020-09-28 15:31:05,3.359637054122439
1520,2020-09-28 15:37:05,3.3669332995121337
1521,2020-09-28 15:40:05,3.373304391055113
1522,2020-09-28 15:43:06,3.3787154180305663
1523,2020-09-28 15:46:08,3.3832952303275867
1524,2020-09-28 15:52:09,3.387089777599231
1525,2020-09-28 15:55:10,3.3898258003224946
1526,2020-09-28 15:58:10,3.391298864696962
1527,2020-09-28 16:04:12,3.391762599479012
1528,2020-09-28 16:07:22,3.3914378338975837
1529,2020-09-28 16:10:15,3.3903482169957746
1530,2020-09-28 16:13:22,3.3882319588299783
1531,2020-09-28 16:16:25,3.3848760402857963
1532,2020-09-28 16:19:17,3.3804362927662925
1533,2020-09-28 16:22:19,3.3750176217628436
1534,2020-09-28 16:25:19,3.3684474483101603
1535,2020-09-28 16:28:22,3.3604537614698273
1536,2020-09-28 16:32:11,3.3510653014195917
1537,2020-09-28 16:35:11,3.340703693192143
1538,2020-09-28 16:38:12,3.329588712687471
1539,2020-09-28 16:41:13,3.3178336293194306
1540,2020-09-28 16:44:14,3.3056414801632563
1541,2020-09-28 16:53:15,3.293500574358344
1542,2020-09-28 16:56:16,3.2822124218186683
1543,2020-09-28 16:59:16,3.272550004865513
1544,2020-09-28 17:02:16,3.2652112875052577
1545,2020-09-28 17:05:17,3.2603447163627255
1546,2020-09-28 17:08:16,3.257568435426442
1547,2020-09-28 17:11:16,3.2560495296841174
1548,2020-09-28 17:14:17,3.254404427728663
1549,2020-09-28 17:17:17,3.2512702867026855
1550,2020-09-28 17:20:17,3.245129671534809
1551,2020-09-28 17:23:17,3.2346124836706065
1552,2020-09-28 17:26:20,3.2185611613939376
1553,2020-09-28 17:29:20,3.196301146286938
1554,2020-09-28 17:33:12,3.16782882048005
1555,2020-09-28 17:36:12,3.133692570206179
1556,2020-09-28 17:39:12,3.0946334479229805
1557,2020-09-28 17:42:12,3.0511999634256597
1558,2020-09-28 17:45:13,3.0042662732063405
1559,2020-09-28 17:48:16,2.95556397550763
1560,2020-09-28 17:54:16,2.9073474862477724
1561,2020-09-28 17:57:17,2.8616193074776106
1562,2020-09-28 18:00:17,2.8200549817640734
1563,2020-09-28 18:03:17,2.7841822131334055
1564,2020-09-29 08:32:20,2.7552513888331447
1565,2020-09-29 08:35:20,2.733613497779473
1566,2020-09-29 08:38:19,2.7183659799662365
1567,2020-09-29 08:41:21,2.7080353925970613
1568,2020-09-29 08:44:21,2.7011597238255476
1569,2020-09-29 08:47:29,2.6964013624256467
1570,2020-09-29 08:50:25,2.692672637633989
1571,2020-09-29 08:54:09,2.689004630834173
1572,2020-09-29 08:57:09,2.6849834028370267
1573,2020-09-29 09:00:10,2.681091044129939
1574,2020-09-29 09:03:11,2.6781054585601893
1575,2020-09-29 09:06:11,2.677110372074573
1576,2020-09-29 09:09:11,2.6796097446113762
1577,2020-09-29 09:12:11,2.687191443620364
1578,2020-09-29 09:15:11,2.7012326828292927
1579,2020-09-29 09:18:12,2.7229738389739992
1580,2020-09-29 09:21:24,2.7529322438665034
1581,2020-09-29 09:24:24,2.7905797051376737
1582,2020-09-29 09:27:23,2.8346105631056844
1583,2020-09-29 09:30:22,2.883266833973707
1584,2020-09-29 09:33:21,2.93447613104248
1585,2020-09-29 09:36:21,2.986012934460888
1586,2020-09-29 09:39:21,3.035421045823334
1587,2020-09-29 09:42:21,3.080291649261703
1588,2020-09-29 09:45:21,3.118846474219609
1589,2020-09-29 09:48:22,3.1499720334146133
1590,2020-09-29 09:51:22,3.1732113218259634
1591,2020-09-29 09:55:11,3.188504882097291
1592,2020-09-29 09:58:13,3.1963226866407233
1593,2020-09-29 10:01:15,3.19767924169933
1594,2020-09-29 10:04:16,3.19405585534788
1595,2020-09-29 10:07:16,3.1873294747833114
1596,2020-09-29 10:10:17,3.179344959264718
1597,2020-09-29 10:13:17,3.1716247007009297
1598,2020-09-29 10:16:17,3.1651085147580558
1599,2020-09-29 10:19:19,3.1601957215569176
1600,2020-09-29 10:22:19,3.157085419336627
1601,2020-09-29 10:25:19,3.155606723558737
1602,2020-09-29 10:28:20,3.155122931155791
1603,2020-09-29 10:31:22,3.154755489444476
1604,2020-09-29 10:34:24,3.1539792410079457
1605,2020-09-29 10:37:23,3.1527894347667385
1606,2020-09-29 10:40:23,3.1512734197037773
1607,2020-09-29 10:43:25,3.1493146694513285
1608,2020-09-29 10:46:27,3.1467701356375173
1609,2020-09-29 10:49:27,3.1435190851073074
1610,2020-09-29 10:52:28,3.1395276727696135
1611,2020-09-29 10:56:13,3.1350666176008612
1612,2020-09-29 10:59:13,3.130414426598846
1613,2020-09-29 11:02:14,3.1260030078765535
1614,2020-09-29 11:05:15,3.122325069549717
1615,2020-09-29 11:10:19,3.1199086333112227
1616,2020-09-29 11:11:17,3.1197389576844117
1617,2020-09-29 11:14:23,3.1226036334919627
1618,2020-09-29 11:17:18,3.1284310804325415
1619,2020-09-29 11:20:18,3.1367384600635617
1620,2020-09-29 11:23:26,3.1468218382861437
1621,2020-09-29 11:26:21,3.157964325748967
1622,2020-09-29 11:32:23,3.169588684192682
1623,2020-09-29 11:35:23,3.1813085102622516
1624,2020-09-29 11:38:24,3.192957131154568
1625,2020-09-29 11:41:24,3.2046712139583002
1626,2020-09-29 11:47:25,3.216789633922745
1627,2020-09-29 11:50:26,3.2292427215808255
1628,2020-09-29 11:53:34,3.2416804015263603
1629,2020-09-29 11:57:14,3.2537837400232767
1630,2020-09-29 12:00:14,3.2653782990581544
1631,2020-09-29 12:03:14,3.276320253244041
1632,2020-09-29 12:06:15,3.286396263008856
1633,2020-09-29 12:09:16,3.2955461490069125
1634,2020-09-29 12:12:16,3.304000263607489
1635,2020-09-29 12:15:16,3.3122257924357648
1636,2020-09-29 12:18:16,3.320936179257693
1637,2020-09-29 12:21:16,3.33059750119023
1638,2020-09-29 12:24:21,3.3414886959077776
1639,2020-09-29 12:27:19,3.3538203286738693
1640,2020-09-29 12:30:28,3.3676435981870227
1641,2020-09-29 12:33:20,3.3831808565719186
1642,2020-09-29 12:36:20,3.4004433904010227
1643,2020-09-29 12:39:21,3.4188256274392756
1644,2020-09-29 12:42:22,3.4374530329911366
1645,2020-09-29 12:45:23,3.4554416496514406
1646,2020-09-29 12:48:23,3.4720945804000323
1647,2020-09-29 12:51:24,3.4868908322521257
1648,2020-09-29 12:54:24,3.4993620757711543
1649,2020-09-29 12:58:19,3.50904685607847
1650,2020-09-29 13:01:16,3.515504217840223
1651,2020-09-29 13:04:18,3.5185776588707167
1652,2020-09-29 13:07:23,3.5181574576118173
1653,2020-09-29 13:10:23,3.514125664353571
1654,2020-09-29 13:13:20,3.5064098131854387
1655,2020-09-29 13:16:28,3.495131733994139
1656,2020-09-29 13:19:25,3.4807979141272014
1657,2020-09-29 13:22:24,3.4641923676553645
1658,2020-09-29 13:25:24,3.4461708729659293
1659,2020-09-29 13:28:25,3.4277782472435305
1660,2020-09-29 13:31:27,3.409875776863956
1661,2020-09-29 13:34:26,3.3927906151596545
1662,2020-09-29 13:37:26,3.376611407774341
1663,2020-09-29 13:40:28,3.3613604261290284
1664,2020-09-29 13:43:27,3.3472848384819542
1665,2020-09-29 13:46:28,3.334623945362985
1666,2020-09-29 13:49:29,3.3238223674820446
1667,2020-09-29 13:52:38,3.3154254021711083
1668,2020-09-29 13:55:31,3.3100347942873114
1669,2020-09-29 13:59:29,3.3081967354233575
1670,2020-09-29 14:02:21,3.3100106601190813
1671,2020-09-29 14:05:28,3.315430572322774
1672,2020-09-29 14:08:23,3.3243105354951137
1673,2020-09-29 14:11:23,3.3363572298032196
1674,2020-09-29 14:14:23,3.351340581993483
1675,2020-09-29 14:23:25,3.3688536523954618
1676,2020-09-29 14:26:23,3.3885916131697513
1677,2020-09-29 14:29:23,3.4100791052761323
1678,2020-09-29 14:32:28,3.432563238115577
1679,2020-09-29 14:35:24,3.455170230979796
1680,2020-09-29 14:38:24,3.476922099402813
1681,2020-09-29 14:41:26,3.497222523801369
1682,2020-09-29 14:44:26,3.515934100851581
1683,2020-09-29 14:47:27,3.533341265230021
1684,2020-09-29 14:50:27,3.549708594599707
1685,2020-09-29 14:56:28,3.5649599923606345
1686,2020-09-29 15:00:23,3.5791297321150317
1687,2020-09-29 15:03:27,3.592402710821247
1688,2020-09-29 15:06:24,3.604986977810295
1689,2020-09-29 15:09:24,3.616708987622717
1690,2020-09-29 15:12:32,3.6272034150470835
1691,2020-09-29 15:15:27,3.6360476754536775
1692,2020-09-29 15:18:27,3.6430331326440806
1693,2020-09-29 15:21:28,3.6482414331226476
1694,2020-09-29 15:24:28,3.6515568563822782
1695,2020-09-29 15:27:33,3.6526133234702485
1696,2020-09-29 15:30:31,3.6511166197807743
1697,2020-09-29 15:33:31,3.6469427345124323
1698,2020-09-29 15:36:33,3.6402696699407535
1699,2020-09-29 15:39:42,3.6316064728558892
1700,2020-09-29 15:42:40,3.621637655309467
1701,2020-09-29 15:45:37,3.611089662961838
1702,2020-09-29 15:48:39,3.600603271053304
1703,2020-09-29 15:51:46,3.5907044799100234
1704,2020-09-29 15:54:39,3.581778405749242
1705,2020-09-29 15:57:39,3.574057652159592
1706,2020-09-29 16:01:24,3.5674722003317747
1707,2020-09-29 16:04:25,3.561710039738915
1708,2020-09-29 16:07:30,3.5564578238174267
1709,2020-09-29 16:10:31,3.551321085650039
1710,2020-09-29 16:13:30,3.5455321839005496
1711,2020-09-29 16:16:31,3.538122039870613
1712,2020-09-29 16:19:33,3.5277272537838282
1713,2020-09-29 16:22:33,3.5126376422722565
1714,2020-09-29 16:25:33,3.491411022465414
1715,2020-09-29 16:28:33,3.4631437782792247
1716,2020-09-29 16:31:33,3.4275802186314266
1717,2020-09-29 16:34:35,3.3848818925017525
1718,2020-09-29 16:37:45,3.3353651553639594
1719,2020-09-29 16:40:36,3.279700720063815
1720,2020-09-29 16:43:36,3.2187666916400417
1721,2020-09-29 16:46:36,3.1534120441878457
1722,2020-09-29 16:49:40,3.0844272409580356
1723,2020-09-29 16:52:40,3.012611950990106
1724,2020-09-29 16:55:40,2.938807616737904
1725,2020-09-29 16:58:40,2.863558075663633
1726,2020-09-29 17:08:27,2.787292420483027
1727,2020-09-29 17:11:31,2.7103647937900917
1728,2020-09-29 17:14:30,2.6331411133007236
1729,2020-09-29 17:17:31,2.556140388203204
1730,2020-09-29 17:20:33,2.4797230953547853
1731,2020-09-29 17:23:33,2.4042867210729923
1732,2020-09-29 17:26:34,2.330075807729145
1733,2020-09-29 17:29:34,2.25804911286383
1734,2020-09-29 17:32:36,2.1903466371049376
1735,2020-09-29 17:35:36,2.128699520296209
1736,2020-09-29 17:43:12,2.07410224210615
1737,2020-09-29 17:46:13,2.026949782965005
1738,2020-09-29 17:49:14,1.9874236432317147
1739,2020-09-29 17:52:15,1.9554449348774625
1740,2020-09-29 17:55:16,1.9306861404049833
1741,2020-09-29 17:58:16,1.9126963787002398
1742,2020-09-29 18:01:17,1.9008988691020647
1743,2020-09-29 18:04:17,1.8947511530180599
1744,2020-09-29 18:07:18,1.8937347247136067
1745,2020-09-29 18:10:18,1.8971386979717515
1746,2020-09-29 18:13:19,1.9040239592360315
1747,2020-09-29 18:16:19,1.9136030936775725
1748,2020-09-29 18:19:20,1.9256480945850285
1749,2020-09-29 18:22:20,1.9401887985233763
1750,2020-09-29 18:25:21,1.9577579635489784
1751,2020-09-29 18:28:22,1.9794451950019187
1752,2020-09-30 08:27:16,2.00629201956329
1753,2020-09-30 08:30:17,2.0389368808248918
1754,2020-09-30 08:33:17,2.077268474573515
1755,2020-09-30 08:36:17,2.1207663050393535
1756,2020-09-30 08:39:18,2.1684999239272784
1757,2020-09-30 08:42:19,2.2193266475248095
1758,2020-09-30 08:45:20,2.2719694492498093
1759,2020-09-30 08:48:24,2.3253297285216092
1760,2020-09-30 08:51:22,2.3788631132089506
1761,2020-09-30 08:54:23,2.4319763662575724
1762,2020-09-30 08:57:24,2.4840401686456346
1763,2020-09-30 09:01:04,2.5347192230873503
1764,2020-09-30 09:04:11,2.584167943338059
1765,2020-09-30 09:07:05,2.632631706205956
1766,2020-09-30 09:13:06,2.6804893491314914
1767,2020-09-30 09:16:06,2.7282499094617236
1768,2020-09-30 09:19:08,2.7765710555726173
1769,2020-09-30 09:22:08,2.825762035945573
1770,2020-09-30 09:25:09,2.8756457054251854
1771,2020-09-30 09:28:11,2.925679632220266
1772,2020-09-30 09:31:10,2.974883939081195
1773,2020-09-30 09:34:12,3.021383583265063
1774,2020-09-30 09:37:12,3.0639201425312947
1775,2020-09-30 09:40:15,3.1016601050391372
1776,2020-09-30 09:43:13,3.1344572643578807
1777,2020-09-30 09:46:13,3.162252501175015
1778,2020-09-30 09:49:14,3.1852764989692517
1779,2020-09-30 09:52:24,3.2037295056225217
1780,2020-09-30 09:55:15,3.2176238081401114
1781,2020-09-30 09:58:15,3.227454785279458
1782,2020-09-30 10:02:08,3.2341343360134047
1783,2020-09-30 10:05:08,3.2387148206369867
1784,2020-09-30 10:08:08,3.242254784757945
1785,2020-09-30 10:11:08,3.246018826329636
1786,2020-09-30 10:14:08,3.2510393402605455
1787,2020-09-30 10:17:08,3.2579387924886234
1788,2020-09-30 10:20:08,3.266892602305891
1789,2020-09-30 10:23:10,3.2775010265957576
1790,2020-09-30 10:26:10,3.2890640978409564
1791,2020-09-30 10:29:10,3.3010315713858382
1792,2020-09-30 10:32:10,3.312912286878319
1793,2020-09-30 10:35:10,3.3241278337173163
1794,2020-09-30 10:38:13,3.334022359162873
1795,2020-09-30 10:41:12,3.34221654931741
1796,2020-09-30 10:44:13,3.3488387411659204
1797,2020-09-30 10:47:14,3.353878220781885
1798,2020-09-30 10:50:15,3.357078493867018
1799,2020-09-30 10:53:16,3.3581580648089373
1800,2020-09-30 10:56:16,3.3574641655562316
1801,2020-09-30 10:59:18,3.355329068810595
1802,2020-09-30 11:03:08,3.3517595249733336
1803,2020-09-30 11:06:08,3.346476713423609
1804,2020-09-30 11:09:17,3.339629924582159
1805,2020-09-30 11:12:11,3.3316649237211884
1806,2020-09-30 11:15:12,3.3230384923505127
1807,2020-09-30 11:21:13,3.314065345533873
1808,2020-09-30 11:24:14,3.3055092097315004
1809,2020-09-30 11:27:14,3.298072556999813
1810,2020-09-30 11:30:16,3.292112269089298
1811,2020-09-30 11:33:17,3.2875361350788133
1812,2020-09-30 11:36:20,3.2843166459041413
1813,2020-09-30 11:39:18,3.282381341282621
1814,2020-09-30 11:42:25,3.281638578220658
1815,2020-09-30 11:45:22,3.281853393065155
1816,2020-09-30 11:48:22,3.283112811374491
1817,2020-09-30 11:51:23,3.2858790387134054
1818,2020-09-30 11:54:31,3.290739973292034
1819,2020-09-30 11:57:25,3.2981539520052365
1820,2020-09-30 12:00:32,3.308247871019166
1821,2020-09-30 12:04:12,3.3211313951980586
1822,2020-09-30 12:07:12,3.336671838288943
1823,2020-09-30 12:10:13,3.3542310896232905
1824,2020-09-30 12:13:13,3.372772584924327
1825,2020-09-30 12:16:14,3.391562701016447
1826,2020-09-30 12:19:14,3.4098251879541976
1827,2020-09-30 12:22:15,3.4268695535850853
1828,2020-09-30 12:25:15,3.4419194898332144
1829,2020-09-30 12:28:17,3.4544439205799478
1830,2020-09-30 12:31:17,3.463878701066278
1831,2020-09-30 12:37:17,3.4697502870585435
1832,2020-09-30 12:40:17,3.4720681511104
1833,2020-09-30 12:43:17,3.471327376219043
1834,2020-09-30 12:46:17,3.467728485658764
1835,2020-09-30 12:49:18,3.461148170910324
1836,2020-09-30 12:52:22,3.4518175463792886
1837,2020-09-30 12:55:19,3.4402283095465336
1838,2020-09-30 12:58:18,3.426941141037055
1839,2020-09-30 13:01:19,3.4124930844167523
1840,2020-09-30 13:05:16,3.3976064977543956
1841,2020-09-30 13:08:17,3.3830902306487545
1842,2020-09-30 13:11:17,3.3696900260022247
1843,2020-09-30 13:14:18,3.3578073881204418
1844,2020-09-30 13:17:18,3.3475215406512504
1845,2020-09-30 13:20:18,3.338555717149532
1846,2020-09-30 13:23:20,3.330762700502845
1847,2020-09-30 13:26:21,3.323914308950485
1848,2020-09-30 13:29:26,3.3179566926409354
1849,2020-09-30 13:32:26,3.3131273459139727
1850,2020-09-30 13:35:27,3.310054628902205
1851,2020-09-30 13:38:34,3.309212673748058
1852,2020-09-30 13:41:28,3.310624676095678
1853,2020-09-30 13:44:28,3.3140051290736494
1854,2020-09-30 13:47:28,3.319156925854614
1855,2020-09-30 13:50:28,3.3256853650328146
1856,2020-09-30 13:53:30,3.3326599155884757
1857,2020-09-30 13:56:29,3.3393949173903437
1858,2020-09-30 13:59:29,3.3455528848052047
1859,2020-09-30 14:02:31,3.3507973399316917
1860,2020-09-30 14:06:16,3.354750043764003
1861,2020-09-30 14:09:21,3.3571089076481613
1862,2020-09-30 14:12:21,3.357686729221732
1863,2020-09-30 14:15:19,3.356416788626542
1864,2020-09-30 14:18:27,3.3532745154784784
1865,2020-09-30 14:21:21,3.3485585382039744
1866,2020-09-30 14:24:20,3.3428186421858577
1867,2020-09-30 14:27:29,3.3366471318344786
1868,2020-09-30 14:30:32,3.3303539433453935
1869,2020-09-30 14:33:28,3.324276891014076
1870,2020-09-30 14:36:28,3.3187848169654828
1871,2020-09-30 14:39:29,3.3140807275855373
1872,2020-09-30 14:42:32,3.3100074112067723
1873,2020-09-30 14:45:35,3.3066766251793673
1874,2020-09-30 14:48:37,3.3045845843850845
1875,2020-09-30 14:51:40,3.304240584561292
1876,2020-09-30 14:54:46,3.3059268629433447
1877,2020-09-30 14:57:49,3.309680715285541
1878,2020-09-30 15:00:42,3.3151294333586563
1879,2020-09-30 15:03:42,3.321845515123808
1880,2020-09-30 15:07:19,3.3293901907279704
1881,2020-09-30 15:10:19,3.3375156184391024
1882,2020-09-30 15:13:20,3.346431937217403
1883,2020-09-30 15:16:21,3.356120394853896
1884,2020-09-30 15:22:24,3.3663943079962593
1885,2020-09-30 15:25:24,3.3767433648186795
1886,2020-09-30 15:28:28,3.386768759498956
1887,2020-09-30 15:31:32,3.395819398826866
1888,2020-09-30 15:34:32,3.4030996903976884
1889,2020-09-30 15:37:31,3.407914860367052
1890,2020-09-30 15:40:33,3.4102928599147324
1891,2020-09-30 15:43:34,3.410295070638149
1892,2020-09-30 15:46:37,3.4078309460255802
1893,2020-09-30 15:49:38,3.4027029689188737
1894,2020-09-30 15:52:38,3.395131953676941
1895,2020-09-30 15:55:39,3.385426918050726
1896,2020-09-30 15:58:39,3.3736475863289144
1897,2020-09-30 16:01:51,3.359766962981297
1898,2020-09-30 16:04:50,3.344141265756541
1899,2020-09-30 16:08:27,3.327508256604098
1900,2020-09-30 16:11:28,3.310823756753493
1901,2020-09-30 16:14:25,3.2951349502873413
1902,2020-09-30 16:17:26,3.280976621674732
1903,2020-09-30 16:20:26,3.2688239034941233
1904,2020-09-30 16:23:34,3.258903309913599
1905,2020-09-30 16:26:29,3.2513245818165792
1906,2020-09-30 16:29:30,3.2461578585598403
1907,2020-09-30 16:32:38,3.2436771916720786
1908,2020-09-30 16:35:32,3.2440642420734864
1909,2020-09-30 16:38:41,3.2473150328175127
1910,2020-09-30 16:41:44,3.264107167782573
1911,2020-09-30 16:44:44,3.2812747827740694
1912,2020-09-30 16:47:38,3.298598707868482
1913,2020-09-30 16:50:39,3.3161597367602873
1914,2020-09-30 16:53:41,3.3340747524152228
1915,2020-09-30 16:56:44,3.3524286911753904
1916,2020-09-30 17:05:50,3.3712732447417117
1917,2020-09-30 17:09:24,3.3906242394431203
1918,2020-09-30 17:12:40,3.4105086728889944
1919,2020-09-30 17:15:28,3.4309066891017608
1920,2020-09-30 17:18:29,3.4518117482100052
1921,2020-09-30 17:21:30,3.4731872338304584
1922,2020-09-30 17:24:48,3.495000431715546
1923,2020-09-30 17:30:36,3.5172011986882623
1924,2020-09-30 17:33:34,3.5397718888849568
1925,2020-09-30 17:36:38,3.5626885793432734
1926,2020-09-30 17:39:43,3.5859125157948597
1927,2020-09-30 17:42:45,3.609434660830523
1928,2020-09-30 17:45:42,3.6332084562295606
