,time,Month,COP,operation_num,running_time
0,2020-01-06 13:52:22,01,3.8889346258669164,0,3
1,2020-01-06 13:55:22,01,3.873740816882365,0,3
2,2020-01-06 13:58:22,01,3.858640833854314,0,3
3,2020-01-06 14:01:22,01,3.843636213401888,0,3
4,2020-01-06 14:04:22,01,3.8287664392431493,0,3
5,2020-01-06 14:07:22,01,3.8141089052358903,0,3
6,2020-01-06 14:10:23,01,3.7997133108241985,0,3
7,2020-01-06 14:13:25,01,3.785588783779846,0,3
8,2020-01-06 14:16:24,01,3.7717087620437444,0,3
9,2020-01-06 14:32:23,01,3.7580210921633155,0,3
10,2020-01-06 14:35:24,01,3.7444733445753795,0,3
11,2020-01-06 14:44:24,01,3.7310217687181546,0,3
12,2020-01-06 14:47:24,01,3.717646572081026,0,3
13,2020-01-06 14:50:24,01,3.7042896926523996,0,3
14,2020-01-06 15:05:29,01,3.690848319627154,0,3
15,2020-01-06 15:08:29,01,3.6771650168320282,0,3
16,2020-01-06 15:11:29,01,3.663015754563671,0,3
17,2020-01-06 15:17:32,01,3.648177918030083,0,3
18,2020-01-06 15:21:18,01,3.6377041329176434,0,3
19,2020-01-06 15:24:18,01,3.6279436819805255,0,3
20,2020-01-06 15:27:18,01,3.6196094572682407,0,3
21,2020-01-06 15:30:18,01,3.613682775805126,0,3
22,2020-01-06 15:36:19,01,3.610127501964832,0,3
23,2020-01-06 15:39:19,01,3.607911875303725,0,3
24,2020-01-06 15:42:19,01,3.6056738853737302,0,3
25,2020-01-06 15:45:20,01,3.6030881140779996,0,3
26,2020-01-06 15:51:22,01,3.6009706290371613,0,3
27,2020-01-06 15:54:22,01,3.599931550351266,0,3
28,2020-01-06 15:57:23,01,3.5995821000478094,0,3
29,2020-01-06 16:00:23,01,3.5994591676650822,0,3
30,2020-01-06 16:03:24,01,3.5996241389229247,0,3
31,2020-01-06 16:06:24,01,3.6000521862434893,0,3
32,2020-01-06 16:09:26,01,3.6002121426097693,0,3
33,2020-01-06 16:12:26,01,3.599321403653678,0,3
34,2020-01-06 16:15:26,01,3.5963314165312448,0,3
35,2020-01-06 16:18:26,01,3.5909193215060706,0,3
36,2020-01-06 16:22:22,01,3.5838538608602803,0,3
37,2020-01-06 16:25:22,01,3.575878131716455,0,3
38,2020-01-06 16:28:22,01,3.5669163592526973,0,3
39,2020-01-06 16:31:22,01,3.557006894147617,0,3
40,2020-01-06 16:34:23,01,3.547395710675974,0,3
41,2020-01-06 16:37:24,01,3.5399881435008576,0,3
42,2020-01-06 16:40:24,01,3.535941725176695,0,3
43,2020-01-06 16:49:25,01,3.534840077900224,0,3
44,2020-01-06 16:52:25,01,3.535882499995149,0,3
45,2020-01-06 16:55:26,01,3.5390397018004665,0,3
46,2020-01-06 16:58:25,01,3.5441892903377337,0,3
47,2020-01-06 17:01:26,01,3.5501592916173896,0,3
48,2020-01-06 17:04:26,01,3.5549266774386297,0,3
49,2020-01-06 17:07:27,01,3.557838979521031,0,3
50,2020-01-06 17:13:28,01,3.5598513843591526,0,3
51,2020-01-06 17:16:29,01,3.562327296992399,0,3
52,2020-01-06 17:19:30,01,3.5658027194811144,0,3
53,2020-01-06 17:23:29,01,3.5693836411007407,0,3
54,2020-01-06 17:26:29,01,3.572214879508181,0,3
55,2020-01-06 17:29:31,01,3.5751043262176,0,3
56,2020-01-06 17:32:31,01,3.5795833243968627,0,3
57,2020-01-06 17:35:38,01,3.5869523261379186,0,3
58,2020-01-06 17:38:38,01,3.59720024546203,0,3
59,2020-01-06 17:41:37,01,3.6100258840410175,0,3
60,2020-01-06 17:47:38,01,3.625410235325972,0,3
61,2020-01-06 17:50:43,01,3.6429228695109703,0,3
62,2020-01-06 17:53:44,01,3.6609407837750605,0,3
63,2020-01-06 17:56:41,01,3.6780858034327966,0,3
64,2020-01-06 17:59:42,01,3.693809764661585,0,3
65,2020-01-06 18:02:43,01,3.708617802974921,0,3
66,2020-01-06 18:05:43,01,3.723083370711141,0,3
67,2020-01-06 18:08:44,01,3.737371580703421,0,3
68,2020-01-06 18:11:46,01,3.750853371591454,0,3
69,2020-01-06 18:14:46,01,3.7636309814818203,0,3
70,2020-01-07 11:27:29,01,3.776571117073418,0,3
71,2020-01-07 11:30:29,01,3.7906121196089835,0,3
72,2020-01-07 11:43:19,01,3.8056301892780935,0,3
73,2020-01-07 11:46:19,01,3.820914570256185,0,3
74,2020-01-07 11:55:19,01,3.836225704480494,0,3
75,2020-01-07 11:58:19,01,3.8517200002659884,0,3
76,2020-01-07 12:01:20,01,3.8675537807555105,0,3
77,2020-01-07 12:16:31,01,3.883080831004959,0,3
78,2020-01-07 12:28:31,01,3.8976119769988116,0,3
79,2020-01-07 12:31:31,01,3.9108796441663833,0,3
80,2020-01-07 12:47:29,01,3.9232737997134137,0,3
81,2020-01-07 12:50:30,01,3.9350954291092024,0,3
82,2020-01-07 13:02:33,01,3.9453381933869527,0,3
83,2020-01-07 13:05:34,01,3.9529807552280856,0,3
84,2020-01-07 13:17:44,01,3.9577071577937732,0,3
85,2020-01-07 13:20:37,01,3.9602113601870514,0,3
86,2020-01-07 13:36:25,01,3.961957944540628,0,3
87,2020-01-07 13:51:41,01,3.9641729872347007,0,3
88,2020-01-07 13:54:29,01,3.9672213185860823,0,3
89,2020-01-07 14:06:30,01,3.9714375489726996,0,3
90,2020-01-07 14:09:41,01,3.9768574353664574,0,3
91,2020-01-07 14:21:36,01,3.983518494092703,0,3
92,2020-01-07 14:24:36,01,3.990885870891337,0,3
93,2020-01-07 14:37:27,01,3.9981208001519164,0,3
94,2020-01-07 14:40:27,01,4.004732971133587,0,3
95,2020-01-07 14:52:37,01,4.010039563243506,0,3
96,2020-01-07 14:55:30,01,4.013450494147742,0,3
97,2020-01-07 14:58:30,01,4.01475162947928,0,3
98,2020-01-07 15:10:35,01,4.014045454854794,0,3
99,2020-01-07 15:13:35,01,4.011672269973203,0,3
100,2020-01-07 15:28:45,01,4.00809691029721,0,3
101,2020-01-07 15:41:30,01,4.003824399795447,0,3
102,2020-01-07 15:44:31,01,3.998867085076135,0,3
103,2020-01-07 15:47:31,01,3.993110819559752,0,3
104,2020-01-07 15:59:35,01,3.986798649224408,0,3
105,2020-01-07 16:02:36,01,3.9803804731453605,0,3
106,2020-01-07 16:17:39,01,3.9740980945717848,0,3
107,2020-01-07 16:20:44,01,3.967421551932553,0,3
108,2020-01-07 16:23:41,01,3.960184674906425,0,3
109,2020-01-07 16:35:44,01,3.9522143896391526,0,3
110,2020-01-07 16:39:34,01,3.9432943799261535,0,3
111,2020-01-07 16:51:35,01,3.9326549415222596,0,3
112,2020-01-07 16:54:35,01,3.9200616992307173,0,3
113,2020-01-07 17:06:38,01,3.9058495478281188,0,3
114,2020-01-07 17:09:38,01,3.8902880615570794,0,3
115,2020-01-07 17:12:39,01,3.8733562633511283,0,3
116,2020-01-07 17:21:47,01,3.854914737822467,0,3
117,2020-01-07 17:40:35,01,3.835008781860514,0,3
118,2020-01-07 17:43:35,01,3.813218243367849,0,3
119,2020-01-07 17:49:35,01,3.7880032057805315,0,3
120,2020-01-07 17:52:38,01,3.7574542672263234,0,3
121,2020-01-07 17:55:37,01,3.7196058284409617,0,3
122,2020-01-07 17:58:37,01,3.672689321966897,0,3
123,2020-01-07 18:01:37,01,3.6158543608980525,0,3
124,2020-01-07 18:07:37,01,3.5496562259299367,0,3
125,2020-01-07 18:10:48,01,3.4762264134802816,0,3
126,2020-01-07 18:13:47,01,3.3987660431712463,0,3
127,2020-01-07 18:16:42,01,3.320587161967813,0,3
128,2020-01-07 18:22:44,01,3.2449028767404116,0,3
129,2020-01-07 18:25:45,01,3.174087186748091,0,3
130,2020-01-07 18:28:45,01,3.109513096637487,0,3
131,2020-01-08 08:13:45,01,3.0518014522280748,0,3
132,2020-01-08 08:16:46,01,3.0015552922852127,0,3
133,2020-01-08 08:19:47,01,2.9591322301685565,0,3
134,2020-01-08 08:22:47,01,2.924826981419929,0,3
135,2020-01-08 08:25:48,01,2.8988040171718596,0,3
136,2020-01-08 08:28:48,01,2.8813577410875673,0,3
137,2020-01-08 08:31:49,01,2.872547467970741,0,3
138,2020-01-08 08:34:49,01,2.8727543396558533,0,3
139,2020-01-08 08:37:51,01,2.8826823575230045,0,3
140,2020-01-08 08:40:51,01,2.903314516974537,0,3
141,2020-01-08 08:43:51,01,2.9348150544304605,0,3
142,2020-01-08 08:46:51,01,2.9773267082369133,0,3
143,2020-01-08 08:49:51,01,3.0309705083936525,0,3
144,2020-01-08 08:52:51,01,3.0954986061350507,0,3
145,2020-01-08 08:55:51,01,3.1693865904880045,0,3
146,2020-01-08 08:58:52,01,3.250092587866927,0,3
147,2020-01-08 09:01:53,01,3.3350452268802506,0,3
148,2020-01-08 09:04:55,01,3.421528322362402,0,3
149,2020-01-08 09:08:43,01,3.5063936219407754,0,3
150,2020-01-08 09:11:43,01,3.586446952795008,0,3
151,2020-01-08 09:17:55,01,3.658992789748911,0,3
152,2020-01-08 09:20:54,01,3.7225752732215156,0,3
153,2020-01-08 09:23:47,01,3.776744437447187,0,3
154,2020-01-08 09:26:55,01,3.8220027156301373,0,3
155,2020-01-08 09:29:55,01,3.859653432422186,0,3
156,2020-01-08 09:32:57,01,3.8911070254719116,0,3
157,2020-01-08 09:35:56,01,3.917188619083044,0,3
158,2020-01-08 09:38:56,01,3.9382172273100204,0,3
159,2020-01-08 09:42:00,01,3.9539992104052164,0,3
160,2020-01-08 09:54:03,01,3.96425766464553,0,3
161,2020-01-08 09:57:01,01,3.968904635354521,0,3
162,2020-01-08 10:00:01,01,3.9681230029879426,0,3
163,2020-01-08 10:03:06,01,3.9623639593579614,0,3
164,2020-01-08 10:06:11,01,3.9522505595456745,0,3
165,2020-01-08 10:09:44,01,3.9383508645662215,0,3
166,2020-01-08 10:15:44,01,3.9212037206053507,0,3
167,2020-01-08 10:18:45,01,3.9013640669791565,0,3
168,2020-01-08 10:21:45,01,3.879700137141799,0,3
169,2020-01-08 10:24:45,01,3.8573078991509284,0,3
170,2020-01-08 10:27:45,01,3.835445835051205,0,3
171,2020-01-08 10:30:45,01,3.8153418032298685,0,3
172,2020-01-08 10:33:47,01,3.798112608484552,0,3
173,2020-01-08 10:36:47,01,3.784479916930197,0,3
174,2020-01-08 10:39:48,01,3.7749358766105265,0,3
175,2020-01-08 10:42:48,01,3.7694861032008085,0,3
176,2020-01-08 10:51:54,01,3.767893386240948,0,3
177,2020-01-08 10:54:53,01,3.7698520549089585,0,3
178,2020-01-08 10:57:53,01,3.775110030279026,0,3
179,2020-01-08 11:00:53,01,3.7832975418454295,0,3
180,2020-01-08 11:03:53,01,3.793452757957984,0,3
181,2020-01-08 11:06:54,01,3.8037325482042896,0,3
182,2020-01-08 11:10:48,01,3.813019264564861,0,3
183,2020-01-08 11:13:59,01,3.8211267602624956,0,3
184,2020-01-08 11:16:59,01,3.8286904561340176,0,3
185,2020-01-08 11:20:01,01,3.8368831336355824,0,3
186,2020-01-08 11:22:54,01,3.846880794276871,0,3
187,2020-01-08 11:26:03,01,3.8593554622341864,0,3
188,2020-01-08 11:29:04,01,3.8740876941855094,0,3
189,2020-01-08 11:32:06,01,3.8906222676745608,0,3
190,2020-01-08 11:34:59,01,3.908370162182208,0,3
191,2020-01-08 11:37:59,01,3.926383115404751,0,3
192,2020-01-08 11:50:02,01,3.9434372884056055,0,3
193,2020-01-08 11:59:04,01,3.9582153798845567,0,3
194,2020-01-08 12:20:54,01,3.9691065448727194,0,3
195,2020-01-08 12:23:53,01,3.9738268460535027,0,3
196,2020-01-08 12:26:53,01,3.9697728536959453,0,3
197,2020-01-08 12:32:55,01,3.954758556088893,0,3
198,2020-01-08 12:36:01,01,3.9285068090527058,0,3
199,2020-01-08 12:39:02,01,3.8931179358020858,0,3
200,2020-01-08 12:42:03,01,3.8518564828978556,0,3
201,2020-01-08 12:45:03,01,3.808003631739467,0,3
202,2020-01-08 13:03:12,01,3.764419039379767,0,3
203,2020-01-08 13:12:54,01,3.7234457883947893,0,3
204,2020-01-08 13:19:03,01,3.686884752803799,0,3
205,2020-01-08 13:22:04,01,3.6562019428414754,0,3
206,2020-01-08 13:25:04,01,3.631966269665728,0,3
207,2020-01-09 09:23:11,01,3.613789572318643,0,3
208,2020-01-09 09:26:11,01,3.60059693050876,0,3
209,2020-01-09 09:30:03,01,3.590937800831366,0,3
210,2020-01-09 09:33:03,01,3.5832602132350484,0,3
211,2020-01-09 09:36:03,01,3.5762710007341916,0,3
212,2020-01-09 09:39:03,01,3.5695669885489116,0,3
213,2020-01-09 09:42:03,01,3.5639681401061463,0,3
214,2020-01-09 09:45:03,01,3.5611997205514125,0,3
215,2020-01-09 09:48:04,01,3.5629982667306352,0,3
216,2020-01-09 09:51:04,01,3.5707137484128264,0,3
217,2020-01-09 09:54:05,01,3.5848617995209153,0,3
218,2020-01-09 09:57:07,01,3.6051981046838426,0,3
219,2020-01-09 10:00:07,01,3.63118757840007,0,3
220,2020-01-09 10:09:11,01,3.661896802119622,0,3
221,2020-01-09 10:12:12,01,3.6956936595991756,0,3
222,2020-01-09 10:15:12,01,3.7301108443526743,0,3
223,2020-01-09 10:18:13,01,3.762099812348529,0,3
224,2020-01-09 10:21:13,01,3.788768530915476,0,3
225,2020-01-09 10:31:14,01,3.807841733470108,0,3
226,2020-01-09 10:37:10,01,3.817517401373853,0,3
227,2020-01-09 10:43:11,01,3.8171475791285334,0,3
228,2020-01-09 10:55:12,01,3.80770270221754,0,3
229,2020-01-09 10:58:22,01,3.791260261434859,0,3
230,2020-01-09 11:01:22,01,3.770309948878605,0,3
231,2020-01-09 11:19:27,01,3.746915726741137,0,3
232,2020-01-09 11:33:12,01,3.722183623891274,0,3
233,2020-01-09 11:36:13,01,3.697154595803676,0,3
234,2020-01-09 11:39:13,01,3.6730390491883655,0,3
235,2020-01-09 11:42:14,01,3.6507910016999086,0,3
236,2020-01-09 11:45:14,01,3.6309766449062266,0,3
237,2020-01-09 11:48:15,01,3.61375261291351,0,3
238,2020-01-09 11:51:15,01,3.5990083741222874,0,3
239,2020-01-09 11:54:16,01,3.5868366229804245,0,3
240,2020-01-09 11:57:16,01,3.577288275907045,0,3
241,2020-01-09 12:00:16,01,3.570017977716127,0,3
242,2020-01-09 12:03:16,01,3.5642883491748365,0,3
243,2020-01-09 12:06:17,01,3.5592395584013263,0,3
244,2020-01-09 12:12:17,01,3.5541242402905424,0,3
245,2020-01-09 12:15:17,01,3.548444059285207,0,3
246,2020-01-09 12:18:17,01,3.541852329583723,0,3
247,2020-01-09 12:21:18,01,3.5340590606294637,0,3
248,2020-01-09 12:24:18,01,3.524314469579261,0,3
249,2020-01-09 12:28:03,01,3.5122381664467497,0,3
250,2020-01-09 12:31:02,01,3.49792215549596,0,3
251,2020-01-09 12:34:02,01,3.4815123345666046,0,3
252,2020-01-09 12:37:02,01,3.4630928729660404,0,3
253,2020-01-09 12:40:03,01,3.442625730721554,0,3
254,2020-01-09 12:43:03,01,3.4200744541393284,0,3
255,2020-01-09 12:46:03,01,3.3952660504196057,0,3
256,2020-01-09 12:49:04,01,3.3681455985618047,0,3
257,2020-01-09 12:52:04,01,3.338638849957823,0,3
258,2020-01-09 12:55:04,01,3.3069813668608354,0,3
259,2020-01-09 12:58:11,01,3.274982247371147,0,3
260,2020-01-09 13:01:13,01,3.2451517427016565,0,3
261,2020-01-09 13:04:08,01,3.2197557584906793,0,3
262,2020-01-09 13:07:08,01,3.2004889965284047,0,3
263,2020-01-09 13:10:08,01,3.188336955291909,0,3
264,2020-01-09 13:13:09,01,3.183403292356772,0,3
265,2020-01-09 13:16:10,01,3.1850542982709094,0,3
266,2020-01-09 13:19:11,01,3.192191686796866,0,3
267,2020-01-09 13:22:21,01,3.203340885077263,0,3
268,2020-01-09 13:25:14,01,3.2168990989836317,0,3
269,2020-01-09 13:28:59,01,3.2313654960749423,0,3
270,2020-01-09 13:31:59,01,3.245728679465425,0,3
271,2020-01-09 13:35:00,01,3.2600241082611623,0,3
272,2020-01-09 13:38:01,01,3.274849844310811,0,3
273,2020-01-09 13:41:02,01,3.290970982399072,0,3
274,2020-01-09 13:44:02,01,3.3089398563664005,0,3
275,2020-01-09 13:47:02,01,3.32890146104188,0,3
276,2020-01-09 13:50:02,01,3.350221577908754,0,3
277,2020-01-09 13:53:02,01,3.371609543965816,0,3
278,2020-01-09 13:56:02,01,3.392103063096281,0,3
279,2020-01-09 13:59:02,01,3.4116562364903285,0,3
280,2020-01-09 14:02:03,01,3.430440099698668,0,3
281,2020-01-09 14:05:03,01,3.448242245714186,0,3
282,2020-01-09 14:08:04,01,3.4645741786915867,0,3
283,2020-01-09 14:11:04,01,3.4787734015678744,0,3
284,2020-01-09 14:14:05,01,3.489941490526917,0,3
285,2020-01-09 14:17:05,01,3.497338984847831,0,3
286,2020-01-09 14:23:06,01,3.5010850030534373,0,3
287,2020-01-09 14:26:07,01,3.5023784809298517,0,3
288,2020-01-09 14:30:11,01,3.5029738574961913,0,3
289,2020-01-09 14:33:11,01,3.504765688424644,0,3
290,2020-01-09 14:36:12,01,3.509103675421417,0,3
291,2020-01-09 14:39:12,01,3.516363521980657,0,3
292,2020-01-09 14:42:13,01,3.525489432571643,0,3
293,2020-01-09 14:45:13,01,3.5351018540554344,0,3
294,2020-01-09 14:51:14,01,3.544062778398491,0,3
295,2020-01-09 14:54:14,01,3.5512451461750674,0,3
296,2020-01-09 14:57:14,01,3.555532870863692,0,3
297,2020-01-09 15:00:22,01,3.5567286770519906,0,3
298,2020-01-09 15:03:20,01,3.555662775061114,0,3
299,2020-01-09 15:06:20,01,3.5533748589223078,0,3
300,2020-01-09 15:09:20,01,3.5510020074240725,0,3
301,2020-01-09 15:12:21,01,3.54960004405885,0,3
302,2020-01-09 15:15:21,01,3.5499121177700514,0,3
303,2020-01-09 15:18:30,01,3.552054409019619,0,3
304,2020-01-09 15:21:29,01,3.5551855758419335,0,3
305,2020-01-09 15:24:29,01,3.558338074885605,0,3
306,2020-01-09 15:31:07,01,3.560834399107951,0,3
307,2020-01-09 15:34:07,01,3.562448625983899,0,3
308,2020-01-09 15:37:08,01,3.5634886418196596,0,3
309,2020-01-09 15:40:08,01,3.5643861325183366,0,3
310,2020-01-09 15:43:10,01,3.5652814451131567,0,3
311,2020-01-09 15:46:13,01,3.5656087714726206,0,3
312,2020-01-09 15:52:14,01,3.5644909145998276,0,3
313,2020-01-09 15:55:15,01,3.561448975267562,0,3
314,2020-01-09 16:01:17,01,3.5570859931420826,0,3
315,2020-01-09 16:04:18,01,3.552349879980047,0,3
316,2020-01-09 16:07:18,01,3.5482814065905997,0,3
317,2020-01-09 16:10:20,01,3.545808776425347,0,3
318,2020-01-09 16:13:21,01,3.5450904439176654,0,3
319,2020-01-09 16:16:22,01,3.5454419257067347,0,3
320,2020-01-09 16:19:24,01,3.5456591049706168,0,3
321,2020-01-09 16:22:25,01,3.54520863208226,0,3
322,2020-01-09 16:25:26,01,3.5440800168388424,0,3
323,2020-01-09 16:28:26,01,3.542356135817312,0,3
324,2020-01-09 16:32:11,01,3.5397275753085107,0,3
325,2020-01-09 16:35:11,01,3.53555024699821,0,3
326,2020-01-09 16:38:11,01,3.5296951709310576,0,3
327,2020-01-09 16:41:12,01,3.523081358487353,0,3
328,2020-01-09 16:44:11,01,3.5166348958135183,0,3
329,2020-01-09 16:53:12,01,3.509944017671171,0,3
330,2020-01-09 16:56:12,01,3.5010549305252776,0,3
331,2020-01-09 16:59:12,01,3.4876272001048645,0,3
332,2020-01-09 17:02:13,01,3.4679515430832577,0,3
333,2020-01-09 17:05:13,01,3.441384230645554,0,3
334,2020-01-09 17:08:13,01,3.408283777159588,0,3
335,2020-01-09 17:11:13,01,3.3699027921958287,0,3
336,2020-01-09 17:14:21,01,3.3280028478196435,0,3
337,2020-01-09 17:17:16,01,3.2840950887886464,0,3
338,2020-01-09 17:20:16,01,3.2390840472725735,0,3
339,2020-01-09 17:26:17,01,3.1932860693069323,0,3
340,2020-01-09 17:29:17,01,3.1464945795388033,0,3
341,2020-01-10 08:11:58,01,3.0982109452375006,0,3
342,2020-01-10 08:14:59,01,3.0483953101980106,0,3
343,2020-01-10 08:18:58,01,2.997846115679387,0,3
344,2020-01-10 08:21:58,01,2.9486099817398035,0,3
345,2020-01-10 08:24:59,01,2.9030067401671644,0,3
346,2020-01-10 08:28:02,01,2.8629696221453607,0,3
347,2020-01-10 08:31:00,01,2.8294978472711474,0,3
348,2020-01-10 08:34:00,01,2.8032463864184827,0,3
349,2020-01-10 08:37:02,01,2.784571835589553,0,3
350,2020-01-10 08:40:02,01,2.773547216430718,0,3
351,2020-01-10 08:43:02,01,2.7702765418695936,0,3
352,2020-01-10 08:46:02,01,2.7750931374678514,0,3
353,2020-01-10 08:49:02,01,2.7888184457743836,0,3
354,2020-01-10 08:52:02,01,2.811516397230122,0,3
355,2020-01-10 08:55:05,01,2.842677076420273,0,3
356,2020-01-10 08:58:05,01,2.88128682826909,0,3
357,2020-01-10 09:01:05,01,2.925786338009953,0,3
358,2020-01-10 09:04:07,01,2.9741227450373167,0,3
359,2020-01-10 09:07:08,01,3.0231943413255475,0,3
360,2020-01-10 09:10:11,01,3.0693090554940667,0,3
361,2020-01-10 09:13:12,01,3.1098536972145734,0,3
362,2020-01-10 09:16:11,01,3.144098315615171,0,3
363,2020-01-10 09:19:59,01,3.17305694458463,0,3
364,2020-01-10 09:23:10,01,3.198908719451313,0,3
365,2020-01-10 09:26:07,01,3.223919111036298,0,3
366,2020-01-10 09:29:03,01,3.249201069708684,0,3
367,2020-01-10 09:32:03,01,3.274624095680273,0,3
368,2020-01-10 09:35:04,01,3.299152643173046,0,3
369,2020-01-10 09:38:04,01,3.3212069549394205,0,3
370,2020-01-10 09:41:05,01,3.339251664083806,0,3
371,2020-01-10 09:44:05,01,3.3524048665179755,0,3
372,2020-01-10 09:47:06,01,3.3615835598597137,0,3
373,2020-01-10 09:50:07,01,3.36901519269088,0,3
374,2020-01-10 09:53:08,01,3.377042584373374,0,3
375,2020-01-10 09:56:08,01,3.387421348100294,0,3
376,2020-01-10 09:59:08,01,3.4006352075268103,0,3
377,2020-01-10 10:02:08,01,3.41537448291081,0,3
378,2020-01-10 10:05:08,01,3.429885925703529,0,3
379,2020-01-10 10:08:08,01,3.4428286060757123,0,3
380,2020-01-10 10:11:09,01,3.454045034480592,0,3
381,2020-01-10 10:14:09,01,3.4644710443007805,0,3
382,2020-01-10 10:17:10,01,3.475740264211134,0,3
383,2020-01-10 10:21:04,01,3.48935215133133,0,3
384,2020-01-10 10:24:05,01,3.5059451024304455,0,3
385,2020-01-10 10:27:05,01,3.5246202680388317,0,3
386,2020-01-10 10:30:07,01,3.543373896119885,0,3
387,2020-01-10 10:33:07,01,3.560907210689611,0,3
388,2020-01-10 10:36:08,01,3.576391588461606,0,3
389,2020-01-10 10:39:08,01,3.588917714438922,0,3
390,2020-01-10 10:42:09,01,3.5977591094494694,0,3
391,2020-01-10 10:45:09,01,3.6034612332900466,0,3
392,2020-01-10 10:48:09,01,3.607694231424596,0,3
393,2020-01-10 10:51:10,01,3.6121889527987983,0,3
394,2020-01-10 10:54:10,01,3.6178149727668503,0,3
395,2020-01-10 10:57:14,01,3.624551766157894,0,3
396,2020-01-10 11:00:10,01,3.6316289925102634,0,3
397,2020-01-10 11:03:10,01,3.6381215682689025,0,3
398,2020-01-10 11:06:12,01,3.6431996475060293,0,3
399,2020-01-10 11:09:14,01,3.6463652056086087,0,3
400,2020-01-10 11:12:14,01,3.647309910676138,0,3
401,2020-01-10 11:15:15,01,3.646151301929597,0,3
402,2020-01-10 11:22:08,01,3.644237263709129,0,3
403,2020-01-10 11:25:07,01,3.6429097642718773,0,3
404,2020-01-10 11:28:07,01,3.6421979765087484,0,3
405,2020-01-10 11:31:08,01,3.640705159282433,0,3
406,2020-01-10 11:34:08,01,3.638006626647756,0,3
407,2020-01-10 11:37:08,01,3.634742055562994,0,3
408,2020-01-10 11:40:08,01,3.6314065031301617,0,3
409,2020-01-10 11:43:08,01,3.6279970351868287,0,3
410,2020-01-10 11:46:08,01,3.6244594716871408,0,3
411,2020-01-10 11:49:09,01,3.6215830844405477,0,3
412,2020-01-10 11:55:10,01,3.620551321488986,0,3
413,2020-01-10 11:58:10,01,3.6214012273249008,0,3
414,2020-01-10 12:01:12,01,3.6229478353066695,0,3
415,2020-01-10 12:04:12,01,3.6236220803650276,0,3
416,2020-01-10 12:07:13,01,3.6227574511575114,0,3
417,2020-01-10 12:13:14,01,3.6208923836017726,0,3
418,2020-01-10 12:16:14,01,3.618862412417395,0,3
419,2020-01-10 12:19:15,01,3.616583162830707,0,3
420,2020-01-10 12:23:08,01,3.6134322342562006,0,3
421,2020-01-10 12:26:09,01,3.610067555126894,0,3
422,2020-01-10 12:29:10,01,3.6076502731688906,0,3
423,2020-01-10 12:32:15,01,3.6064020564451313,0,3
424,2020-01-10 12:35:11,01,3.605815285037911,0,3
425,2020-01-10 12:38:11,01,3.605219920018512,0,3
426,2020-01-10 12:41:14,01,3.603958793800757,0,3
427,2020-01-10 12:44:14,01,3.6018553787893848,0,3
428,2020-01-10 12:47:17,01,3.5994955359841123,0,3
429,2020-01-10 12:50:16,01,3.597076910168612,0,3
430,2020-01-10 12:53:21,01,3.5940391497704796,0,3
431,2020-01-10 12:56:21,01,3.5900399096177296,0,3
432,2020-01-10 13:02:23,01,3.585964013332709,0,3
433,2020-01-10 13:05:24,01,3.583389674015785,0,3
434,2020-01-10 13:08:24,01,3.583321125901419,0,3
435,2020-01-10 13:11:26,01,3.585173958648349,0,3
436,2020-01-10 13:17:26,01,3.588070600164816,0,3
437,2020-01-10 13:20:28,01,3.5919333029609852,0,3
438,2020-01-10 13:24:13,01,3.5969392722108715,0,3
439,2020-01-10 13:33:13,01,3.6022246554916646,0,3
440,2020-01-10 13:36:14,01,3.6069088675073795,0,3
441,2020-01-10 13:39:13,01,3.611060299689172,0,3
442,2020-01-10 13:42:14,01,3.6155436550811384,0,3
443,2020-01-10 13:48:14,01,3.6207799562971803,0,3
444,2020-01-10 13:51:15,01,3.6259622600291608,0,3
445,2020-01-10 13:54:15,01,3.629722768708072,0,3
446,2020-01-10 13:57:15,01,3.631951254313064,0,3
447,2020-01-10 14:00:15,01,3.6337945956245012,0,3
448,2020-01-10 14:03:15,01,3.636391092941765,0,3
449,2020-01-10 14:06:16,01,3.639460591462853,0,3
450,2020-01-10 14:09:17,01,3.641615907762937,0,3
451,2020-01-10 14:12:18,01,3.64206908637284,0,3
452,2020-01-10 14:15:18,01,3.641068536978995,0,3
453,2020-01-10 14:21:19,01,3.639008681562713,0,3
454,2020-01-10 14:25:15,01,3.635312739576327,0,3
455,2020-01-10 14:28:14,01,3.629383276829804,0,3
456,2020-01-10 14:31:13,01,3.621641038958403,0,3
457,2020-01-10 14:37:24,01,3.6127901702808405,0,3
458,2020-01-10 14:40:16,01,3.603877920125389,0,3
459,2020-01-10 14:43:21,01,3.595780781152671,0,3
460,2020-01-10 14:46:20,01,3.588588408115446,0,3
461,2020-01-10 14:49:20,01,3.5822376291191214,0,3
462,2020-01-10 14:55:22,01,3.577507694518585,0,3
463,2020-01-10 14:58:29,01,3.5750514818342554,0,3
464,2020-01-10 15:01:24,01,3.574457742566728,0,3
465,2020-01-10 15:04:31,01,3.5740369674563923,0,3
466,2020-01-10 15:07:31,01,3.572814516669426,0,3
467,2020-01-10 15:14:29,01,3.571226086010503,0,3
468,2020-01-10 15:17:29,01,3.570522694287727,0,3
469,2020-01-10 15:20:28,01,3.5716452283827556,0,3
470,2020-01-10 15:23:28,01,3.574374931193538,0,3
471,2020-01-10 15:26:29,01,3.5783931786652663,0,3
472,2020-01-10 15:29:39,01,3.584140377901621,0,3
473,2020-01-10 15:32:31,01,3.591748464997923,0,3
474,2020-01-10 15:35:31,01,3.6001769846051896,0,3
475,2020-01-10 15:38:31,01,3.60827410256276,0,3
476,2020-01-10 15:41:31,01,3.6160861177564394,0,3
477,2020-01-10 15:47:31,01,3.624332292101688,0,3
478,2020-01-10 15:50:32,01,3.632906291106871,0,3
479,2020-01-10 15:53:32,01,3.6403958892639166,0,3
480,2020-01-10 15:56:33,01,3.6461018737553763,0,3
481,2020-01-10 15:59:37,01,3.6506055280013325,0,3
482,2020-01-10 16:02:36,01,3.6550775345497284,0,3
483,2020-01-10 16:05:37,01,3.659732870647569,0,3
484,2020-01-10 16:08:37,01,3.6636820291031507,0,3
485,2020-01-10 16:11:38,01,3.666434903480271,0,3
486,2020-01-10 16:15:33,01,3.668484951445426,0,3
487,2020-01-10 16:21:35,01,3.670708458465773,0,3
488,2020-01-10 16:24:35,01,3.673194612971486,0,3
489,2020-01-10 16:27:36,01,3.67474222118335,0,3
490,2020-01-10 16:30:38,01,3.674861769300111,0,3
491,2020-01-10 16:36:42,01,3.6742212826392064,0,3
492,2020-01-10 16:39:42,01,3.6737684460557727,0,3
493,2020-01-10 16:42:42,01,3.673775508918571,0,3
494,2020-01-10 16:45:42,01,3.6736650082064295,0,3
495,2020-01-10 16:48:42,01,3.6729500648047777,0,3
496,2020-01-10 16:51:44,01,3.671318722173485,0,3
497,2020-01-10 16:54:44,01,3.667585583636913,0,3
498,2020-01-10 16:57:45,01,3.6594528957152295,0,3
499,2020-01-10 17:00:45,01,3.6438723870619216,0,3
500,2020-01-10 17:03:54,01,3.618617296100334,0,3
501,2020-01-10 17:06:48,01,3.5833436497872118,0,3
502,2020-01-10 17:09:49,01,3.53884656348556,0,3
503,2020-01-10 17:12:49,01,3.4863366223906347,0,3
504,2020-01-10 17:16:35,01,3.4268602159447425,0,3
505,2020-01-10 17:19:35,01,3.361969782258953,0,3
506,2020-01-10 17:22:41,01,3.2943434405946945,0,3
507,2020-01-10 17:25:38,01,3.2270011837991532,0,3
508,2020-01-10 17:28:42,01,3.1621066658483272,0,3
509,2020-01-13 09:43:57,01,3.1009485149038696,0,3
510,2020-01-13 09:46:58,01,3.044217689043009,0,3
511,2020-01-13 09:49:59,01,2.9925069698453513,0,3
512,2020-01-13 09:53:00,01,2.945861386687376,0,3
513,2020-01-13 09:56:43,01,2.9031878691855155,0,3
514,2020-01-13 09:59:43,01,2.8635983351534406,0,3
515,2020-01-13 10:02:43,01,2.8272727596290714,0,3
516,2020-01-13 10:05:43,01,2.7955457207531467,0,3
517,2020-01-13 10:08:43,01,2.769527007464056,0,3
518,2020-01-13 10:11:43,01,2.749401203792292,0,3
519,2020-01-13 10:14:44,01,2.735300952286823,0,3
520,2020-01-13 10:17:44,01,2.728132819924788,0,3
521,2020-01-13 10:20:45,01,2.729447327783218,0,3
522,2020-01-13 10:23:45,01,2.7401176783813774,0,3
523,2020-01-13 10:26:47,01,2.759274572912954,0,3
524,2020-01-13 10:29:47,01,2.7852203581867876,0,3
525,2020-01-13 10:32:48,01,2.816010362821107,0,3
526,2020-01-13 10:35:48,01,2.849277187930822,0,3
527,2020-01-13 10:38:49,01,2.8820869875405926,0,3
528,2020-01-13 10:41:49,01,2.9116066627409154,0,3
529,2020-01-13 10:44:49,01,2.936088959841122,0,3
530,2020-01-13 10:47:50,01,2.9551847335219508,0,3
531,2020-01-13 10:50:50,01,2.9690427951321983,0,3
532,2020-01-13 10:53:50,01,2.9778068027494,0,3
533,2020-01-13 10:57:47,01,2.9817782480927546,0,3
534,2020-01-13 11:00:47,01,2.9814311589459006,0,3
535,2020-01-13 11:03:48,01,2.9778302803556773,0,3
536,2020-01-13 11:06:48,01,2.972684148557753,0,3
537,2020-01-13 11:09:49,01,2.9678069538847787,0,3
538,2020-01-13 11:12:49,01,2.964581127237223,0,3
539,2020-01-13 11:15:50,01,2.9641072115734812,0,3
540,2020-01-13 11:18:50,01,2.9672879683398783,0,3
541,2020-01-13 11:21:51,01,2.9749632074384262,0,3
542,2020-01-13 11:30:52,01,2.98769595900481,0,3
543,2020-01-13 11:33:52,01,3.005922918583054,0,3
544,2020-01-13 11:36:52,01,3.0296516122753534,0,3
545,2020-01-13 11:39:52,01,3.0582465902416818,0,3
546,2020-01-13 11:42:53,01,3.0907158828989054,0,3
547,2020-01-13 11:45:54,01,3.1259496529333113,0,3
548,2020-01-13 11:48:54,01,3.1629239910754627,0,3
549,2020-01-13 11:51:55,01,3.2009154568857525,0,3
550,2020-01-13 11:54:56,01,3.2396371539031072,0,3
551,2020-01-13 11:58:51,01,3.2789971084106746,0,3
552,2020-01-13 12:01:51,01,3.3189678323988367,0,3
553,2020-01-13 12:04:52,01,3.359649571152321,0,3
554,2020-01-13 12:16:52,01,3.4010915500980907,0,3
555,2020-01-13 12:19:53,01,3.443465528721223,0,3
556,2020-01-13 12:22:53,01,3.486743952416237,0,3
557,2020-01-13 12:25:53,01,3.5304430482213007,0,3
558,2020-01-13 12:28:53,01,3.5738584240656017,0,3
559,2020-01-13 12:31:54,01,3.615891642411764,0,3
560,2020-01-13 12:34:54,01,3.6551849823564915,0,3
561,2020-01-13 12:37:54,01,3.6904365831018655,0,3
562,2020-01-13 12:40:54,01,3.7206922249276193,0,3
563,2020-01-13 12:43:54,01,3.745525836504128,0,3
564,2020-01-13 12:46:56,01,3.7651542510973917,0,3
565,2020-01-13 12:49:56,01,3.78012534678309,0,3
566,2020-01-13 12:53:04,01,3.791082346198502,0,3
567,2020-01-13 12:56:05,01,3.7988952721982274,0,3
568,2020-01-13 13:00:03,01,3.8045217150857233,0,3
569,2020-01-13 13:02:56,01,3.808740224887364,0,3
570,2020-01-13 13:05:57,01,3.812152508603404,0,3
571,2020-01-13 13:08:57,01,3.815107645577241,0,3
572,2020-01-13 13:12:04,01,3.8176383816162085,0,3
573,2020-01-13 13:14:59,01,3.8199090035360506,0,3
574,2020-01-13 13:17:59,01,3.82222937780512,0,3
575,2020-01-13 13:21:00,01,3.824839583761349,0,3
576,2020-01-13 13:24:01,01,3.827842313460432,0,3
577,2020-01-13 13:27:02,01,3.8312321819782174,0,3
578,2020-01-13 13:30:02,01,3.8349874434289672,0,3
579,2020-01-13 13:33:12,01,3.8390249713130067,0,3
580,2020-01-13 13:36:12,01,3.8430390117920834,0,3
581,2020-01-13 13:39:13,01,3.8468135614319263,0,3
582,2020-01-13 13:42:09,01,3.8505759589154254,0,3
583,2020-01-13 13:45:11,01,3.854870511836284,0,3
584,2020-01-13 13:48:11,01,3.8603215915169162,0,3
585,2020-01-13 13:51:12,01,3.867349626967946,0,3
586,2020-01-13 13:54:22,01,3.875992771952708,0,3
587,2020-01-13 13:57:23,01,3.8861325818998793,0,3
588,2020-01-13 14:03:26,01,3.89756086022095,0,3
589,2020-01-13 14:06:27,01,3.910053713748309,0,3
590,2020-01-13 14:09:29,01,3.923317052888234,0,3
591,2020-01-13 14:12:30,01,3.936560975017957,0,3
592,2020-01-13 14:15:30,01,3.9489815294816832,0,3
593,2020-01-13 14:18:35,01,3.9599861036348916,0,3
594,2020-01-13 14:21:34,01,3.9689483461254262,0,3
595,2020-01-13 14:24:35,01,3.9752933472652483,0,3
596,2020-01-13 14:27:38,01,3.9786449327721836,0,3
597,2020-01-13 14:30:40,01,3.9789620475638636,0,3
598,2020-01-13 14:33:38,01,3.976470085397394,0,3
599,2020-01-13 14:36:38,01,3.9715688818476735,0,3
600,2020-01-13 14:39:39,01,3.9647463546183372,0,3
601,2020-01-13 14:42:39,01,3.9565684893621293,0,3
602,2020-01-13 14:45:39,01,3.9477527905625447,0,3
603,2020-01-13 14:48:49,01,3.9392996956176596,0,3
604,2020-01-13 14:51:48,01,3.932209001091546,0,3
605,2020-01-13 14:54:44,01,3.9271424735599316,0,3
606,2020-01-13 14:57:44,01,3.9241825658162277,0,3
607,2020-01-13 15:00:44,01,3.923073924969758,0,3
608,2020-01-13 15:04:20,01,3.923452525914511,0,3
609,2020-01-13 15:07:20,01,3.9249578978744575,0,3
610,2020-01-13 15:10:20,01,3.9272044815043357,0,3
611,2020-01-13 15:13:21,01,3.929897335269268,0,3
612,2020-01-13 15:16:21,01,3.9330236180648455,0,3
613,2020-01-13 15:19:21,01,3.93693663319566,0,3
614,2020-01-13 15:22:24,01,3.941981897884057,0,3
615,2020-01-13 15:25:24,01,3.948226915455977,0,3
616,2020-01-13 15:28:23,01,3.9555804806230705,0,3
617,2020-01-13 15:31:24,01,3.9639411092124837,0,3
618,2020-01-13 15:43:24,01,3.9732350331372155,0,3
619,2020-01-13 15:46:24,01,3.983163371743542,0,3
620,2020-01-13 15:49:24,01,3.9929466305702084,0,3
621,2020-01-13 15:52:25,01,4.001712877167608,0,3
622,2020-01-13 15:55:25,01,4.008633321658526,0,3
623,2020-01-13 15:58:25,01,4.0130963449317125,0,3
624,2020-01-13 16:01:26,01,4.014938521386297,0,3
625,2020-01-13 16:11:30,01,4.014254197697207,0,3
626,2020-01-13 16:14:30,01,4.010896269554009,0,3
627,2020-01-13 16:20:29,01,4.004816350054892,0,3
628,2020-01-13 16:23:29,01,3.9960136713653505,0,3
629,2020-01-13 16:26:31,01,3.984572352334032,0,3
630,2020-01-13 16:29:30,01,3.970743676624542,0,3
631,2020-01-13 16:32:34,01,3.9549972331295926,0,3
632,2020-01-13 16:35:34,01,3.937943120739966,0,3
633,2020-01-13 16:41:35,01,3.9202749252443905,0,3
634,2020-01-13 16:44:37,01,3.902633039317193,0,3
635,2020-01-13 16:47:38,01,3.8854270655230163,0,3
636,2020-01-13 16:50:38,01,3.8685711139890238,0,3
637,2020-01-13 16:53:38,01,3.8510523127577123,0,3
638,2020-01-13 16:56:39,01,3.830681691212133,0,3
639,2020-01-13 16:59:39,01,3.8051996231498357,0,3
640,2020-01-13 17:02:48,01,3.773167612691587,0,3
641,2020-01-13 17:11:45,01,3.733706541312653,0,3
642,2020-01-13 17:14:43,01,3.686425566109037,0,3
643,2020-01-13 17:17:45,01,3.6313580418727582,0,3
644,2020-01-13 17:20:45,01,3.569341501996,0,3
645,2020-01-13 17:23:47,01,3.502764748477283,0,3
646,2020-01-13 17:26:46,01,3.4348849222101236,0,3
647,2020-01-13 17:29:47,01,3.3687286235947482,0,3
648,2020-01-13 17:32:49,01,3.306125380185378,0,3
649,2020-01-13 17:35:56,01,3.2478138407805446,0,3
650,2020-01-13 17:38:53,01,3.1935973273535296,0,3
651,2020-01-13 17:41:56,01,3.1425040916009053,0,3
652,2020-01-14 09:33:23,01,3.093452043291265,0,3
653,2020-01-14 09:36:15,01,3.0453539231486744,0,3
654,2020-01-14 09:39:16,01,2.997499160293245,0,3
655,2020-01-14 09:42:16,01,2.9508226780015434,0,3
656,2020-01-14 09:45:20,01,2.906772804736182,0,3
657,2020-01-14 09:49:08,01,2.8666183817543924,0,3
658,2020-01-14 09:52:18,01,2.8312590582340693,0,3
659,2020-01-14 09:55:18,01,2.801693041419788,0,3
660,2020-01-14 09:58:18,01,2.7790094710415447,0,3
661,2020-01-14 10:01:18,01,2.764218095451014,0,3
662,2020-01-14 10:04:19,01,2.7580511092669795,0,3
663,2020-01-14 10:07:17,01,2.761182361276994,0,3
664,2020-01-14 10:10:18,01,2.773636580297822,0,3
665,2020-01-14 10:13:18,01,2.7942188252847924,0,3
666,2020-01-14 10:16:18,01,2.820405461631557,0,3
667,2020-01-14 10:19:19,01,2.8487967058517523,0,3
668,2020-01-14 10:22:19,01,2.8758047161773828,0,3
669,2020-01-14 10:25:25,01,2.898473881801195,0,3
670,2020-01-14 10:31:24,01,2.9157342330292266,0,3
671,2020-01-14 10:34:24,01,2.9286748526074984,0,3
672,2020-01-14 10:37:24,01,2.9386921708075024,0,3
673,2020-01-14 10:40:24,01,2.9467491687694807,0,3
674,2020-01-14 10:43:24,01,2.953719198324821,0,3
675,2020-01-14 10:46:25,01,2.9606886070108294,0,3
676,2020-01-14 10:50:09,01,2.9697603466598537,0,3
677,2020-01-14 10:53:10,01,2.9825308014112597,0,3
678,2020-01-14 10:59:11,01,2.9984808404237784,0,3
679,2020-01-14 11:02:12,01,3.0157511841939453,0,3
680,2020-01-14 11:05:12,01,3.0321218250471604,0,3
681,2020-01-14 11:08:13,01,3.0456104110077336,0,3
682,2020-01-14 11:11:13,01,3.0551287296201886,0,3
683,2020-01-14 11:14:15,01,3.061649210113807,0,3
684,2020-01-14 11:17:15,01,3.0669741748564747,0,3
685,2020-01-14 11:20:16,01,3.072598688276463,0,3
686,2020-01-14 11:26:16,01,3.0795406537179573,0,3
687,2020-01-14 11:29:16,01,3.0875854249379295,0,3
688,2020-01-14 11:32:16,01,3.0950912559375263,0,3
689,2020-01-14 11:35:17,01,3.1006075765241983,0,3
690,2020-01-14 11:41:17,01,3.1035331000543227,0,3
691,2020-01-14 11:44:19,01,3.105261671718498,0,3
692,2020-01-14 11:47:18,01,3.107767276806178,0,3
693,2020-01-14 11:51:16,01,3.112369807659721,0,3
694,2020-01-14 11:54:16,01,3.118974433050962,0,3
695,2020-01-14 11:57:22,01,3.126253158892057,0,3
696,2020-01-14 12:00:20,01,3.131942596818309,0,3
697,2020-01-14 12:03:28,01,3.1342261139124385,0,3
698,2020-01-14 12:06:27,01,3.133446023482858,0,3
699,2020-01-14 12:09:27,01,3.1310998531872927,0,3
700,2020-01-14 12:12:26,01,3.128413876297736,0,3
701,2020-01-14 12:15:26,01,3.126140117582041,0,3
702,2020-01-14 12:18:26,01,3.1243921952967497,0,3
703,2020-01-14 12:21:27,01,3.1225688126749382,0,3
704,2020-01-14 12:24:27,01,3.119560389707884,0,3
705,2020-01-14 12:27:27,01,3.1150960406829817,0,3
706,2020-01-14 12:30:31,01,3.1098727248921043,0,3
707,2020-01-14 12:33:30,01,3.1046545891068713,0,3
708,2020-01-14 12:36:34,01,3.0992902413697374,0,3
709,2020-01-14 12:39:33,01,3.0929681035204313,0,3
710,2020-01-14 12:42:33,01,3.0851311882848647,0,3
711,2020-01-14 12:45:33,01,3.0761038163449674,0,3
712,2020-01-14 12:48:34,01,3.066593261668829,0,3
713,2020-01-14 12:55:18,01,3.0575972058309526,0,3
714,2020-01-14 12:58:19,01,3.0506276024936874,0,3
715,2020-01-14 13:01:19,01,3.0459597432723227,0,3
716,2020-01-14 13:04:19,01,3.041989550046658,0,3
717,2020-01-14 13:07:19,01,3.037150072138439,0,3
718,2020-01-14 13:10:19,01,3.0305102133641375,0,3
719,2020-01-14 13:13:23,01,3.0226220644684343,0,3
720,2020-01-14 13:22:23,01,3.015090266386165,0,3
721,2020-01-14 13:25:23,01,3.0094573815738936,0,3
722,2020-01-14 13:28:23,01,3.0066784301338036,0,3
723,2020-01-14 13:31:25,01,3.0074506568315598,0,3
724,2020-01-14 13:37:26,01,3.0112215718693047,0,3
725,2020-01-14 13:40:26,01,3.017267675128247,0,3
726,2020-01-14 13:43:26,01,3.0247255524246626,0,3
727,2020-01-14 13:46:26,01,3.032981787349014,0,3
728,2020-01-14 13:49:30,01,3.04164708172906,0,3
729,2020-01-14 13:56:32,01,3.0513431641617617,0,3
730,2020-01-14 13:59:25,01,3.062141587340782,0,3
731,2020-01-14 14:02:25,01,3.072188747752092,0,3
732,2020-01-14 14:05:26,01,3.079376315573623,0,3
733,2020-01-14 14:08:26,01,3.0825095877249895,0,3
734,2020-01-14 14:14:27,01,3.082118076698332,0,3
735,2020-01-14 14:17:27,01,3.079928702905234,0,3
736,2020-01-14 14:20:28,01,3.077556679057633,0,3
737,2020-01-14 14:23:28,01,3.0759792707824998,0,3
738,2020-01-14 14:32:28,01,3.0751507365644835,0,3
739,2020-01-14 14:35:29,01,3.0747575982503808,0,3
740,2020-01-14 14:38:32,01,3.074446176715749,0,3
741,2020-01-14 14:41:29,01,3.0734565532253413,0,3
742,2020-01-14 14:44:33,01,3.0702524246523204,0,3
743,2020-01-14 14:47:31,01,3.064014202137745,0,3
744,2020-01-14 14:54:23,01,3.0557623626381254,0,3
745,2020-01-14 15:03:23,01,3.047288403469672,0,3
746,2020-01-14 15:06:23,01,3.0396392303491737,0,3
747,2020-01-14 15:09:24,01,3.0330702989534393,0,3
748,2020-01-14 15:12:24,01,3.028162179411016,0,3
749,2020-01-14 15:18:24,01,3.025879304308766,0,3
750,2020-01-14 15:21:25,01,3.027474595879874,0,3
751,2020-01-14 15:24:26,01,3.0337434730891455,0,3
752,2020-01-14 15:27:26,01,3.044229042891578,0,3
753,2020-01-14 15:30:26,01,3.0579210920574162,0,3
754,2020-01-14 15:33:28,01,3.0738001771255217,0,3
755,2020-01-14 15:36:28,01,3.0905847171441287,0,3
756,2020-01-14 15:39:29,01,3.1063664622567675,0,3
757,2020-01-14 15:42:29,01,3.1197838629341756,0,3
758,2020-01-14 15:45:29,01,3.1304711987349183,0,3
759,2020-01-14 15:51:29,01,3.139152899027726,0,3
760,2020-01-14 15:55:27,01,3.1469803237296494,0,3
761,2020-01-14 15:58:27,01,3.1546583791698817,0,3
762,2020-01-14 16:01:27,01,3.1620447758109673,0,3
763,2020-01-14 16:04:27,01,3.16967111175218,0,3
764,2020-01-14 16:07:27,01,3.1788734363722564,0,3
765,2020-01-14 16:10:28,01,3.1906651912018242,0,3
766,2020-01-14 16:13:28,01,3.204855943514043,0,3
767,2020-01-14 16:16:28,01,3.2198038291575597,0,3
768,2020-01-14 16:19:29,01,3.2332419619755153,0,3
769,2020-01-14 16:22:30,01,3.2438326586377935,0,3
770,2020-01-14 16:25:31,01,3.251003901464588,0,3
771,2020-01-14 16:28:31,01,3.2543602802929046,0,3
772,2020-01-14 16:31:34,01,3.2528203030880665,0,3
773,2020-01-14 16:34:34,01,3.2451425965430043,0,3
774,2020-01-14 16:37:34,01,3.2309635791344062,0,3
775,2020-01-14 16:40:35,01,3.210719886935993,0,3
776,2020-01-14 16:43:35,01,3.184808336054738,0,3
777,2020-01-14 16:46:37,01,3.153012918630619,0,3
778,2020-01-14 16:49:37,01,3.1157810412733475,0,3
779,2020-01-14 17:02:41,01,3.0745682557005836,0,3
780,2020-01-14 17:05:41,01,3.0314428073546154,0,3
781,2020-01-14 17:08:42,01,2.988622108798893,0,3
782,2020-01-14 17:11:41,01,2.9478979960516014,0,3
783,2020-01-15 08:17:38,01,2.910388309608628,0,3
784,2020-01-15 08:20:39,01,2.8766699003240035,0,3
785,2020-01-15 08:23:40,01,2.846986521509436,0,3
786,2020-01-15 08:26:40,01,2.821142121733061,0,3
787,2020-01-15 08:29:42,01,2.7987398241770407,0,3
788,2020-01-15 08:32:43,01,2.7794130989401786,0,3
789,2020-01-15 08:35:53,01,2.763182663030449,0,3
790,2020-01-15 08:40:17,01,2.7504799107951605,0,3
791,2020-01-15 08:41:55,01,2.7418745356019514,0,3
792,2020-01-15 08:44:50,01,2.737809432330688,0,3
793,2020-01-15 08:47:50,01,2.7385934170203594,0,3
794,2020-01-15 08:50:50,01,2.744513702066211,0,3
795,2020-01-15 08:54:45,01,2.7558249711130394,0,3
796,2020-01-15 08:57:45,01,2.772605285685181,0,3
797,2020-01-15 09:00:46,01,2.794507647927354,0,3
798,2020-01-15 09:03:46,01,2.8208658532380753,0,3
799,2020-01-15 09:06:46,01,2.850715796457912,0,3
800,2020-01-15 09:09:46,01,2.8822695825471065,0,3
801,2020-01-15 09:12:46,01,2.913275268468478,0,3
802,2020-01-15 09:15:46,01,2.941009770271254,0,3
803,2020-01-15 09:18:48,01,2.963274550486398,0,3
804,2020-01-15 09:21:48,01,2.9790157601270657,0,3
805,2020-01-15 09:24:50,01,2.988379943668427,0,3
806,2020-01-15 09:27:51,01,2.9921274432680267,0,3
807,2020-01-15 09:30:51,01,2.991015784344789,0,3
808,2020-01-15 09:33:52,01,2.986045965500951,0,3
809,2020-01-15 09:36:53,01,2.978453031270945,0,3
810,2020-01-15 09:39:54,01,2.9696119753631844,0,3
811,2020-01-15 09:42:54,01,2.9607845845368335,0,3
812,2020-01-15 09:45:55,01,2.9528578321413246,0,3
813,2020-01-15 09:48:55,01,2.946587889714732,0,3
814,2020-01-15 09:51:57,01,2.942659353988571,0,3
815,2020-01-15 09:55:44,01,2.9418077481287175,0,3
816,2020-01-15 09:58:54,01,2.944502275658296,0,3
817,2020-01-15 10:08:26,01,2.9511188583452093,0,3
818,2020-01-15 10:11:26,01,2.9621442483675544,0,3
819,2020-01-15 10:14:27,01,2.9782139945425428,0,3
820,2020-01-15 10:17:27,01,2.999308346631821,0,3
821,2020-01-15 10:20:27,01,3.024868787752883,0,3
822,2020-01-15 10:23:27,01,3.0540254913407523,0,3
823,2020-01-15 10:26:28,01,3.0857150940140237,0,3
824,2020-01-15 10:29:28,01,3.1188247121661803,0,3
825,2020-01-15 10:32:38,01,3.152455940485517,0,3
826,2020-01-15 10:41:31,01,3.186290232811654,0,3
827,2020-01-15 10:44:34,01,3.220240338777092,0,3
828,2020-01-15 10:47:42,01,3.2542854824939873,0,3
829,2020-01-15 10:50:41,01,3.2883982021959426,0,3
830,2020-01-15 10:53:38,01,3.3224861135622845,0,3
831,2020-01-15 10:56:38,01,3.3565027568971537,0,3
832,2020-01-15 10:59:38,01,3.390813067485947,0,3
833,2020-01-15 11:02:38,01,3.4260038462248055,0,3
834,2020-01-15 11:05:39,01,3.4624077187711464,0,3
835,2020-01-15 11:09:04,01,3.499769342174101,0,3
836,2020-01-15 11:12:05,01,3.5372926909265807,0,3
837,2020-01-15 11:15:05,01,3.5740860554823897,0,3
838,2020-01-15 11:18:05,01,3.6093931543815643,0,3
839,2020-01-15 11:21:05,01,3.6424145268928854,0,3
840,2020-01-15 11:24:06,01,3.6725489515874408,0,3
841,2020-01-15 11:30:07,01,3.699598107686647,0,3
842,2020-01-15 11:33:07,01,3.7239530623973813,0,3
843,2020-01-15 11:36:07,01,3.746383332081379,0,3
844,2020-01-15 11:39:07,01,3.7676440488206318,0,3
845,2020-01-15 11:42:18,01,3.7881134176334967,0,3
846,2020-01-15 11:45:17,01,3.8079070531891723,0,3
847,2020-01-15 11:48:12,01,3.8271061177822308,0,3
848,2020-01-15 11:51:13,01,3.845702658068708,0,3
849,2020-01-15 11:54:18,01,3.863280207094771,0,3
850,2020-01-15 11:57:19,01,3.879131301171114,0,3
851,2020-01-15 12:00:17,01,3.8924223858051885,0,3
852,2020-01-15 12:03:22,01,3.9025079756079206,0,3
853,2020-01-15 12:06:19,01,3.9093548894453907,0,3
854,2020-01-15 12:11:38,01,3.913252057942834,0,3
855,2020-01-15 12:14:39,01,3.914405968310873,0,3
856,2020-01-15 12:17:39,01,3.9130095201721335,0,3
857,2020-01-15 12:20:39,01,3.9093304805036606,0,3
858,2020-01-15 12:23:39,01,3.9036916362168697,0,3
859,2020-01-15 12:26:39,01,3.896339175942143,0,3
860,2020-01-15 12:29:39,01,3.8876042792211347,0,3
861,2020-01-15 12:32:39,01,3.877944357642729,0,3
862,2020-01-15 12:35:40,01,3.867898511799181,0,3
863,2020-01-15 12:38:40,01,3.8579335861108444,0,3
864,2020-01-15 12:41:41,01,3.8482800714960312,0,3
865,2020-01-15 12:44:42,01,3.8387544638222,0,3
866,2020-01-15 12:47:42,01,3.8290634435417026,0,3
867,2020-01-15 12:50:43,01,3.8189633207686633,0,3
868,2020-01-15 12:53:43,01,3.8083805494515044,0,3
869,2020-01-15 12:56:44,01,3.797534050279131,0,3
870,2020-01-15 12:59:45,01,3.786726509934377,0,3
871,2020-01-15 13:02:45,01,3.7762515259794203,0,3
872,2020-01-15 13:05:45,01,3.7664254165730195,0,3
873,2020-01-15 13:08:45,01,3.757500928395853,0,3
874,2020-01-15 13:12:37,01,3.749561112980005,0,3
875,2020-01-15 13:15:47,01,3.742375618114396,0,3
876,2020-01-15 13:18:47,01,3.735593551625758,0,3
877,2020-01-15 13:21:47,01,3.7290238455299107,0,3
878,2020-01-15 13:24:43,01,3.722825101722698,0,3
879,2020-01-15 13:27:43,01,3.7168456654503617,0,3
880,2020-01-15 13:30:44,01,3.7107939787851385,0,3
881,2020-01-15 13:33:44,01,3.704480209344742,0,3
882,2020-01-15 13:36:45,01,3.6979390435892556,0,3
883,2020-01-15 13:39:45,01,3.6912678934581673,0,3
884,2020-01-15 13:42:47,01,3.6846219755323535,0,3
885,2020-01-15 13:45:47,01,3.6780324807603977,0,3
886,2020-01-15 13:48:47,01,3.671516898044797,0,3
887,2020-01-15 13:51:47,01,3.664900222931333,0,3
888,2020-01-15 13:54:47,01,3.6580080270400632,0,3
889,2020-01-15 13:57:47,01,3.65059612040719,0,3
890,2020-01-15 14:00:47,01,3.642512295893349,0,3
891,2020-01-15 14:03:48,01,3.6341479589667873,0,3
892,2020-01-15 14:06:49,01,3.626034001448108,0,3
893,2020-01-15 14:19:37,01,3.6183748301633347,0,3
894,2020-01-15 14:22:42,01,3.611091114454185,0,3
895,2020-01-15 14:25:39,01,3.6039464575967317,0,3
896,2020-01-15 14:28:48,01,3.596997758122999,0,3
897,2020-01-15 14:31:41,01,3.590669150145289,0,3
898,2020-01-15 14:34:41,01,3.5852473523371486,0,3
899,2020-01-15 14:37:41,01,3.5808585352692712,0,3
900,2020-01-15 14:40:42,01,3.577522944012954,0,3
901,2020-01-15 14:52:50,01,3.5753924727762163,0,3
902,2020-01-15 14:55:53,01,3.574653134961761,0,3
903,2020-01-15 14:58:48,01,3.575352421513327,0,3
904,2020-01-15 15:01:48,01,3.5774926387086907,0,3
905,2020-01-15 15:04:52,01,3.5813041349792436,0,3
906,2020-01-15 15:14:41,01,3.5870156891321177,0,3
907,2020-01-15 15:17:41,01,3.594393138506961,0,3
908,2020-01-15 15:20:41,01,3.602827403516881,0,3
909,2020-01-15 15:23:49,01,3.611765037210467,0,3
910,2020-01-15 15:26:50,01,3.620715153682319,0,3
911,2020-01-15 15:29:45,01,3.6291913433787206,0,3
912,2020-01-15 15:38:47,01,3.637106540266595,0,3
913,2020-01-15 15:41:49,01,3.6446004673868133,0,3
914,2020-01-15 15:44:47,01,3.6519403373701254,0,3
915,2020-01-15 15:47:47,01,3.6594732972261053,0,3
916,2020-01-15 15:50:47,01,3.6671230111741284,0,3
917,2020-01-15 15:53:48,01,3.674395459889718,0,3
918,2020-01-15 15:56:48,01,3.6807841317969796,0,3
919,2020-01-15 15:59:49,01,3.6857450648817,0,3
920,2020-01-15 16:02:49,01,3.689104251351473,0,3
921,2020-01-15 16:11:52,01,3.6911650033616716,0,3
922,2020-01-15 16:15:48,01,3.69235132013622,0,3
923,2020-01-15 16:18:48,01,3.6929198429922927,0,3
924,2020-01-15 16:21:48,01,3.6923846932349678,0,3
925,2020-01-15 16:24:49,01,3.6898877655400915,0,3
926,2020-01-15 16:27:48,01,3.684711953692017,0,3
927,2020-01-15 16:30:50,01,3.676546325318217,0,3
928,2020-01-15 16:33:49,01,3.6661191485146496,0,3
929,2020-01-15 16:36:49,01,3.6539539251506064,0,3
930,2020-01-15 16:46:00,01,3.6400948934977144,0,3
931,2020-01-15 16:48:51,01,3.6246826808261243,0,3
932,2020-01-15 16:51:51,01,3.6081807448546463,0,3
933,2020-01-15 16:55:01,01,3.591391954509362,0,3
934,2020-01-15 16:58:01,01,3.575151816305347,0,3
935,2020-01-15 17:00:56,01,3.5605098226526586,0,3
936,2020-01-15 17:03:56,01,3.548390490719644,0,3
937,2020-01-15 17:06:57,01,3.5390924367166257,0,3
938,2020-01-15 17:16:49,01,3.532442582101277,0,3
939,2020-01-15 17:22:50,01,3.528307090684258,0,3
940,2020-01-16 09:19:12,01,3.5269828750662624,0,3
941,2020-01-16 09:25:11,01,3.52877947996406,0,3
942,2020-01-16 09:28:11,01,3.5334141037455633,0,3
943,2020-01-16 09:32:01,01,3.5403742627201025,0,3
944,2020-01-16 09:38:03,01,3.549403848723669,0,3
945,2020-01-16 09:41:03,01,3.5603159365043275,0,3
946,2020-01-16 09:44:12,01,3.5728445637542325,0,3
947,2020-01-16 09:47:07,01,3.5866140790762877,0,3
948,2020-01-16 09:50:08,01,3.601307631282136,0,3
949,2020-01-16 09:53:14,01,3.6169885538231306,0,3
950,2020-01-16 09:56:09,01,3.633929599007061,0,3
951,2020-01-16 10:02:10,01,3.6522054045879315,0,3
952,2020-01-16 10:05:10,01,3.671590207989521,0,3
953,2020-01-16 10:08:10,01,3.6916081105366203,0,3
954,2020-01-16 10:11:11,01,3.711496538511417,0,3
955,2020-01-16 10:14:11,01,3.7300360105348744,0,3
956,2020-01-16 10:17:20,01,3.7461157439752686,0,3
957,2020-01-16 10:23:20,01,3.759301613319388,0,3
958,2020-01-16 10:26:21,01,3.769757103321677,0,3
959,2020-01-16 10:29:23,01,3.7778783980282657,0,3
960,2020-01-16 10:42:16,01,3.784015840672801,0,3
961,2020-01-16 10:45:07,01,3.7880878893311056,0,3
962,2020-01-16 10:48:07,01,3.7906878492967513,0,3
963,2020-01-16 10:51:08,01,3.7927455470302056,0,3
964,2020-01-16 10:54:08,01,3.7947212136740363,0,3
965,2020-01-16 10:57:08,01,3.7964747042417324,0,3
966,2020-01-16 11:06:20,01,3.797771856750269,0,3
967,2020-01-16 11:09:12,01,3.7985928668024913,0,3
968,2020-01-16 11:12:13,01,3.7984492256876186,0,3
969,2020-01-16 11:15:22,01,3.797042783608575,0,3
970,2020-01-16 11:28:58,01,3.7943718749123474,0,3
971,2020-01-16 11:31:58,01,3.790838930979092,0,3
972,2020-01-16 11:34:59,01,3.7865480034618053,0,3
973,2020-01-16 11:41:01,01,3.7811448960657277,0,3
974,2020-01-16 11:44:02,01,3.7742490790731678,0,3
975,2020-01-16 11:47:04,01,3.7659854182555383,0,3
976,2020-01-16 11:50:04,01,3.756962607924738,0,3
977,2020-01-16 11:53:05,01,3.7476273495054127,0,3
978,2020-01-16 12:02:16,01,3.73785144205873,0,3
979,2020-01-16 12:05:17,01,3.7274264356792575,0,3
980,2020-01-16 12:08:20,01,3.7168094048669715,0,3
981,2020-01-16 12:11:19,01,3.7066216622278105,0,3
982,2020-01-16 12:20:26,01,3.696947548089833,0,3
983,2020-01-16 12:23:25,01,3.687280794596859,0,3
984,2020-01-16 12:26:27,01,3.677144882086324,0,3
985,2020-01-16 12:29:48,01,3.667019443824195,0,3
986,2020-01-16 12:38:54,01,3.657307858792482,0,3
987,2020-01-16 12:41:58,01,3.647962826443157,0,3
988,2020-01-16 12:45:01,01,3.6388559661725948,0,3
989,2020-01-16 12:48:01,01,3.6305259101535263,0,3
990,2020-01-16 12:51:06,01,3.6236375181490463,0,3
991,2020-01-16 12:54:18,01,3.618389762744547,0,3
992,2020-01-16 13:03:13,01,3.6144924340007156,0,3
993,2020-01-16 13:06:04,01,3.6113686764764146,0,3
994,2020-01-16 13:09:05,01,3.6090107050361167,0,3
995,2020-01-16 13:12:07,01,3.607591243236686,0,3
996,2020-01-16 13:18:09,01,3.6074831084214094,0,3
997,2020-01-16 13:21:10,01,3.6086713960863106,0,3
998,2020-01-16 13:24:11,01,3.6104955075609713,0,3
999,2020-01-16 13:27:12,01,3.6123900855524376,0,3
1000,2020-01-16 13:36:50,01,3.613887243581612,0,3
1001,2020-01-16 13:39:51,01,3.6148251649082557,0,3
1002,2020-01-16 13:42:51,01,3.6147124327158364,0,3
1003,2020-01-16 13:45:51,01,3.613012576928605,0,3
1004,2020-01-16 13:54:59,01,3.609445129512612,0,3
1005,2020-01-16 13:57:58,01,3.6045016101525134,0,3
1006,2020-01-16 14:00:59,01,3.598329612165063,0,3
1007,2020-01-16 14:03:58,01,3.5908940443793416,0,3
1008,2020-01-16 14:06:59,01,3.5828431438746327,0,3
1009,2020-01-16 14:13:00,01,3.5753405574749486,0,3
1010,2020-01-16 14:16:01,01,3.5694061430217277,0,3
1011,2020-01-16 14:19:01,01,3.5654955811292126,0,3
1012,2020-01-16 14:22:01,01,3.5631619890571047,0,3
1013,2020-01-16 14:25:02,01,3.5613867436804973,0,3
1014,2020-01-16 14:34:57,01,3.560142639251752,0,3
1015,2020-01-16 14:37:57,01,3.5601299272846725,0,3
1016,2020-01-16 14:40:57,01,3.5617761736378863,0,3
1017,2020-01-16 14:43:57,01,3.5646706349390955,0,3
1018,2020-01-16 14:46:59,01,3.56765586033835,0,3
1019,2020-01-16 14:56:02,01,3.5699608310956057,0,3
1020,2020-01-16 14:59:02,01,3.5712215588220424,0,3
1021,2020-01-16 15:02:03,01,3.5712609853421395,0,3
1022,2020-01-16 15:05:03,01,3.569881978403442,0,3
1023,2020-01-16 15:08:03,01,3.5677647658892497,0,3
1024,2020-01-16 15:14:04,01,3.5660127857827866,0,3
1025,2020-01-16 15:17:04,01,3.565230953723343,0,3
1026,2020-01-16 15:20:04,01,3.564842092037643,0,3
1027,2020-01-16 15:23:04,01,3.563711163252802,0,3
1028,2020-01-16 15:26:05,01,3.5615125688590505,0,3
1029,2020-01-16 15:32:55,01,3.5582941675083886,0,3
1030,2020-01-16 15:35:56,01,3.5545706003091633,0,3
1031,2020-01-16 15:38:56,01,3.5512204560891565,0,3
1032,2020-01-16 15:41:56,01,3.5480695916894867,0,3
1033,2020-01-16 15:44:56,01,3.5445208477536045,0,3
1034,2020-01-16 15:47:56,01,3.5398900331827647,0,3
1035,2020-01-16 15:50:56,01,3.5338617194342223,0,3
1036,2020-01-16 15:53:59,01,3.5268642182860788,0,3
1037,2020-01-16 15:56:58,01,3.519212110421721,0,3
1038,2020-01-16 16:05:59,01,3.511394024838995,0,3
1039,2020-01-16 16:09:01,01,3.503999511061971,0,3
1040,2020-01-16 16:12:01,01,3.4973459296232248,0,3
1041,2020-01-16 16:15:02,01,3.4908238224315906,0,3
1042,2020-01-16 16:18:07,01,3.4825023471689636,0,3
1043,2020-01-16 16:27:04,01,3.4705151987901,0,3
1044,2020-01-16 16:34:07,01,3.4536876862484096,0,3
1045,2020-01-16 16:37:02,01,3.43098285820232,0,3
1046,2020-01-16 16:46:11,01,3.401569299109525,0,3
1047,2020-01-16 16:49:04,01,3.365241798676781,0,3
1048,2020-01-16 16:52:04,01,3.323645493419164,0,3
1049,2020-01-16 16:55:05,01,3.2792255480638133,0,3
1050,2020-01-16 16:58:06,01,3.234844296353387,0,3
1051,2020-01-16 17:07:07,01,3.193167947219713,0,3
1052,2020-01-16 17:10:07,01,3.156078761170342,0,3
1053,2020-01-16 17:13:07,01,3.124410326687439,0,3
1054,2020-01-16 17:16:07,01,3.097687819376567,0,3
1055,2020-01-16 17:19:08,01,3.0742318661600905,0,3
1056,2020-01-17 09:54:55,01,3.0521856564838856,0,3
1057,2020-01-17 09:57:55,01,3.0301344113042106,0,3
1058,2020-01-17 10:00:56,01,3.007152228711689,0,3
1059,2020-01-17 10:03:56,01,2.983012251291246,0,3
1060,2020-01-17 10:19:45,01,2.957831043889481,0,3
1061,2020-01-17 10:22:45,01,2.9328835933516952,0,3
1062,2020-01-17 10:25:45,01,2.9105576693627535,0,3
1063,2020-01-17 10:28:46,01,2.8930509335764505,0,3
1064,2020-01-17 10:31:46,01,2.8818280922492425,0,3
1065,2020-01-17 10:34:46,01,2.8781045221413226,0,3
1066,2020-01-17 10:37:46,01,2.8823378178332213,0,3
1067,2020-01-17 10:40:47,01,2.8938163329336497,0,3
1068,2020-01-17 10:43:48,01,2.910317937857844,0,3
1069,2020-01-17 10:46:48,01,2.928485591931331,0,3
1070,2020-01-17 10:49:49,01,2.9451910076014247,0,3
1071,2020-01-17 10:52:49,01,2.957616690747021,0,3
1072,2020-01-17 10:55:51,01,2.963609892667656,0,3
1073,2020-01-17 11:01:56,01,2.9622582848419494,0,3
1074,2020-01-17 11:04:53,01,2.95393484400158,0,3
1075,2020-01-17 11:07:55,01,2.940745131924537,0,3
1076,2020-01-17 11:13:57,01,2.925314302487294,0,3
1077,2020-01-17 11:16:58,01,2.9103383643148177,0,3
1078,2020-01-17 11:20:41,01,2.8983249080200935,0,3
1079,2020-01-17 11:23:42,01,2.890829258119087,0,3
1080,2020-01-17 11:26:43,01,2.8881161663779853,0,3
1081,2020-01-17 11:29:43,01,2.8902097002953253,0,3
1082,2020-01-17 11:32:44,01,2.897467956159137,0,3
1083,2020-01-17 11:35:44,01,2.9097577072453222,0,3
1084,2020-01-17 11:38:44,01,2.9265080409269606,0,3
1085,2020-01-17 11:41:44,01,2.9467410763172754,0,3
1086,2020-01-17 11:44:50,01,2.968997906903425,0,3
1087,2020-01-17 11:47:49,01,2.991891191154167,0,3
1088,2020-01-17 11:53:50,01,3.0145989235789727,0,3
1089,2020-01-17 11:56:50,01,3.0368128945001516,0,3
1090,2020-01-17 11:59:50,01,3.0587807157163525,0,3
1091,2020-01-17 12:02:50,01,3.0820014422155566,0,3
1092,2020-01-17 12:05:51,01,3.1083441364506683,0,3
1093,2020-01-17 12:08:51,01,3.1389377780581214,0,3
1094,2020-01-17 12:11:51,01,3.173106574308143,0,3
1095,2020-01-17 12:14:58,01,3.2093380499571538,0,3
1096,2020-01-17 12:21:40,01,3.2457730492999204,0,3
1097,2020-01-17 12:24:40,01,3.280506977299776,0,3
1098,2020-01-17 12:27:41,01,3.3119672435716687,0,3
1099,2020-01-17 12:30:41,01,3.3392171113503757,0,3
1100,2020-01-17 12:33:45,01,3.3619185476928024,0,3
1101,2020-01-17 12:39:45,01,3.380054216534477,0,3
1102,2020-01-17 12:42:44,01,3.393880528112156,0,3
1103,2020-01-17 12:45:45,01,3.4038956297253007,0,3
1104,2020-01-17 12:48:46,01,3.410781186862342,0,3
1105,2020-01-17 12:51:46,01,3.4154516427872417,0,3
1106,2020-01-17 12:54:47,01,3.418527208510565,0,3
1107,2020-01-17 12:57:48,01,3.4208373980073103,0,3
1108,2020-01-17 13:06:48,01,3.4230217333592887,0,3
1109,2020-01-17 13:09:48,01,3.425625839322824,0,3
1110,2020-01-17 13:12:48,01,3.4290835724757516,0,3
1111,2020-01-17 13:15:49,01,3.433813962532976,0,3
1112,2020-01-17 13:18:50,01,3.440147232117364,0,3
1113,2020-01-17 13:22:44,01,3.448225178299471,0,3
1114,2020-01-17 13:25:44,01,3.45735720546509,0,3
1115,2020-01-17 13:28:47,01,3.4666993447665555,0,3
1116,2020-01-17 13:31:47,01,3.475637408521085,0,3
1117,2020-01-17 13:34:48,01,3.483586629962965,0,3
1118,2020-01-17 13:37:50,01,3.4903854591857284,0,3
1119,2020-01-17 13:40:50,01,3.4964434897872376,0,3
1120,2020-01-17 13:49:53,01,3.502444104817357,0,3
1121,2020-01-17 13:52:56,01,3.509232965659187,0,3
1122,2020-01-17 13:55:56,01,3.5173301418854805,0,3
1123,2020-01-17 13:58:57,01,3.526397445645534,0,3
1124,2020-01-17 14:07:57,01,3.5349073586155146,0,3
1125,2020-01-17 14:10:57,01,3.5416039489272917,0,3
1126,2020-01-17 14:13:59,01,3.545904945803622,0,3
1127,2020-01-17 14:16:59,01,3.5479773294616805,0,3
1128,2020-01-17 14:20:06,01,3.548747705901503,0,3
1129,2020-01-17 14:26:48,01,3.549481945158064,0,3
1130,2020-01-17 14:32:49,01,3.5509106180427086,0,3
1131,2020-01-17 14:35:51,01,3.5529749838537006,0,3
1132,2020-01-17 14:38:51,01,3.5553213943074216,0,3
1133,2020-01-17 14:41:52,01,3.5575501480159253,0,3
1134,2020-01-17 14:44:52,01,3.559417638254505,0,3
1135,2020-01-17 14:53:59,01,3.5607705448707607,0,3
1136,2020-01-17 14:57:03,01,3.5615651669601123,0,3
1137,2020-01-17 15:00:02,01,3.561768409705355,0,3
1138,2020-01-17 15:03:02,01,3.561061284767625,0,3
1139,2020-01-17 15:06:02,01,3.559283362302867,0,3
1140,2020-01-17 15:09:05,01,3.5567164191992715,0,3
1141,2020-01-17 15:12:03,01,3.5542207305214992,0,3
1142,2020-01-17 15:15:03,01,3.5528755661902265,0,3
1143,2020-01-17 15:21:03,01,3.5537933405373354,0,3
1144,2020-01-17 15:28:00,01,3.5578662310931852,0,3
1145,2020-01-17 15:30:58,01,3.5654051091317243,0,3
1146,2020-01-17 15:33:57,01,3.5757834685391785,0,3
1147,2020-01-17 15:36:58,01,3.587671879588876,0,3
1148,2020-01-17 15:39:59,01,3.5996917484564843,0,3
1149,2020-01-17 15:42:59,01,3.610748749586959,0,3
1150,2020-01-17 15:46:00,01,3.6202938087176926,0,3
1151,2020-01-17 15:49:00,01,3.628147718856365,0,3
1152,2020-01-17 15:52:10,01,3.6344145352103188,0,3
1153,2020-01-17 15:55:05,01,3.6395183083655764,0,3
1154,2020-01-17 15:58:06,01,3.644106433377315,0,3
1155,2020-01-17 16:01:10,01,3.649162232139888,0,3
1156,2020-01-17 16:04:09,01,3.6555262069587346,0,3
1157,2020-01-17 16:07:15,01,3.663671187041963,0,3
1158,2020-01-17 16:10:16,01,3.6735310277482895,0,3
1159,2020-01-17 16:16:12,01,3.6847218149258865,0,3
1160,2020-01-17 16:19:12,01,3.6965039773159702,0,3
1161,2020-01-17 16:22:12,01,3.707851810142242,0,3
1162,2020-01-17 16:25:53,01,3.7178896201660185,0,3
1163,2020-01-17 16:28:53,01,3.7262464242985196,0,3
1164,2020-01-17 16:31:54,01,3.7328080349227495,0,3
1165,2020-01-17 16:34:55,01,3.737574191952201,0,3
1166,2020-01-17 16:38:05,01,3.74082501776565,0,3
1167,2020-01-17 16:41:05,01,3.7432695527570523,0,3
1168,2020-01-17 16:44:04,01,3.7457125463497074,0,3
1169,2020-01-17 16:47:06,01,3.748561495837186,0,3
1170,2020-01-17 16:50:09,01,3.751615078910033,0,3
1171,2020-01-17 16:53:05,01,3.7537293286569176,0,3
1172,2020-01-17 16:56:05,01,3.7525717785039268,0,3
1173,2020-01-17 16:59:05,01,3.745799813162397,0,3
1174,2020-01-17 17:02:05,01,3.731944869438493,0,3
1175,2020-01-17 17:05:05,01,3.7103051997045924,0,3
1176,2020-01-17 17:08:07,01,3.680571519900184,0,3
1177,2020-01-17 17:11:17,01,3.642866406667231,0,3
1178,2020-01-17 17:14:20,01,3.597687349553482,0,3
1179,2020-01-17 17:17:16,01,3.545744913476959,0,3
1180,2020-01-17 17:20:18,01,3.4882947808745968,0,3
1181,2020-01-17 17:23:21,01,3.427240332666017,0,3
1182,2020-01-17 17:27:02,01,3.3647037378428593,0,3
1183,2020-01-17 17:30:01,01,3.302168483283978,0,3
1184,2020-01-17 17:33:01,01,3.2403091687872774,0,3
1185,2020-01-20 08:45:20,01,3.1790734953514033,0,3
1186,2020-01-20 08:48:20,01,3.117983400852836,0,3
1187,2020-01-20 08:51:20,01,3.056560194977422,0,3
1188,2020-01-20 08:54:21,01,2.9945088984978128,0,3
1189,2020-01-20 08:57:21,01,2.9322759328257035,0,3
1190,2020-01-20 09:00:21,01,2.8708060472975916,0,3
1191,2020-01-20 09:03:21,01,2.811328694055888,0,3
1192,2020-01-20 09:06:21,01,2.755476461684367,0,3
1193,2020-01-20 09:09:23,01,2.7051395308481574,0,3
1194,2020-01-20 09:17:18,01,2.6621896927409736,0,3
1195,2020-01-20 09:20:18,01,2.62831682416007,0,3
1196,2020-01-20 09:23:18,01,2.604872281889042,0,3
1197,2020-01-20 09:47:29,01,2.592741272105189,0,3
1198,2020-01-20 09:50:31,01,2.592215172308757,0,3
1199,2020-01-20 09:53:31,01,2.6026946238292084,0,3
1200,2020-01-20 09:56:40,01,2.6227436047777353,0,3
1201,2020-01-20 09:59:40,01,2.650241063896612,0,3
1202,2020-01-20 10:02:40,01,2.6821997695737707,0,3
1203,2020-01-20 10:05:41,01,2.713837426154896,0,3
1204,2020-01-20 10:08:41,01,2.7419879087929075,0,3
1205,2020-01-20 10:11:41,01,2.765363580778896,0,3
1206,2020-01-20 10:18:02,01,2.7834822078160144,0,3
1207,2020-01-20 10:20:56,01,2.79640701952545,0,3
1208,2020-01-20 10:23:56,01,2.804592559547128,0,3
1209,2020-01-20 10:26:56,01,2.8093523234954922,0,3
1210,2020-01-20 10:29:56,01,2.8122449881736067,0,3
1211,2020-01-20 10:32:56,01,2.814489376780534,0,3
1212,2020-01-20 10:35:56,01,2.816795695489096,0,3
1213,2020-01-20 10:38:56,01,2.8190236764297083,0,3
1214,2020-01-20 10:41:56,01,2.820321957812343,0,3
1215,2020-01-20 10:44:58,01,2.8199330968777936,0,3
1216,2020-01-20 10:47:58,01,2.8177413445485477,0,3
1217,2020-01-20 10:50:59,01,2.8138407740373843,0,3
1218,2020-01-20 10:53:59,01,2.8086100282593236,0,3
1219,2020-01-20 11:15:02,01,2.8022817136769085,0,3
1220,2020-01-20 11:18:55,01,2.795585682050959,0,3
1221,2020-01-20 11:21:55,01,2.7895947564468777,0,3
1222,2020-01-20 11:24:55,01,2.78585318083824,0,3
1223,2020-01-20 11:27:55,01,2.7860991156431503,0,3
1224,2020-01-20 11:31:03,01,2.7917851635800552,0,3
1225,2020-01-20 11:33:57,01,2.803816673069843,0,3
1226,2020-01-20 11:36:56,01,2.8229137326753104,0,3
1227,2020-01-20 11:40:03,01,2.848969380191427,0,3
1228,2020-01-20 11:43:07,01,2.880302733221143,0,3
1229,2020-01-20 11:46:01,01,2.9142135337437196,0,3
1230,2020-01-20 11:49:02,01,2.947668264896649,0,3
1231,2020-01-20 11:52:02,01,2.977565206961849,0,3
1232,2020-01-20 11:55:02,01,3.001182698491995,0,3
1233,2020-01-20 11:58:12,01,3.01646343993011,0,3
1234,2020-01-20 12:01:03,01,3.0222990209990677,0,3
1235,2020-01-20 12:04:13,01,3.019450378900967,0,3
1236,2020-01-20 12:07:04,01,3.010959392276674,0,3
1237,2020-01-20 12:10:05,01,2.9989350037368006,0,3
1238,2020-01-20 12:13:06,01,2.9851071348915283,0,3
1239,2020-01-20 12:16:06,01,2.9711449251714512,0,3
1240,2020-01-20 12:19:56,01,2.9584817857563337,0,3
1241,2020-01-21 08:40:45,01,2.948267976284434,0,3
1242,2020-01-21 08:43:45,01,2.940512738605335,0,3
1243,2020-01-21 08:46:45,01,2.9344709195519556,0,3
1244,2020-01-21 08:49:45,01,2.9294120638559846,0,3
1245,2020-01-21 08:52:46,01,2.924898103920814,0,3
1246,2020-01-21 08:55:56,01,2.9208412640068637,0,3
1247,2020-01-21 08:58:49,01,2.917207610138642,0,3
1248,2020-01-21 09:01:57,01,2.914060973560474,0,3
1249,2020-01-21 09:04:59,01,2.9118745638458314,0,3
1250,2020-01-21 09:07:52,01,2.911743009240002,0,3
1251,2020-01-21 09:10:52,01,2.9153872354791517,0,3
1252,2020-01-21 09:13:53,01,2.925348897884902,0,3
1253,2020-01-21 09:16:54,01,2.943054573247153,0,3
1254,2020-01-21 09:19:55,01,2.96805435161523,0,3
1255,2020-01-21 09:32:50,01,2.9987267676114726,0,3
1256,2020-01-21 09:35:50,01,3.0332901618585453,0,3
1257,2020-01-21 09:38:50,01,3.0703159665916715,0,3
1258,2020-01-21 09:41:51,01,3.1084051766297733,0,3
1259,2020-01-21 09:44:51,01,3.1459339092641017,0,3
1260,2020-01-21 09:47:51,01,3.1817160494140424,0,3
1261,2020-01-21 09:50:59,01,3.2154159569193332,0,3
1262,2020-01-21 09:53:53,01,3.246954845280353,0,3
1263,2020-01-21 09:56:54,01,3.276256910367856,0,3
1264,2020-01-21 09:59:55,01,3.3030701248331624,0,3
1265,2020-01-21 10:03:06,01,3.327122366663808,0,3
1266,2020-01-21 10:05:58,01,3.349015880806231,0,3
1267,2020-01-21 10:08:58,01,3.3703215787035425,0,3
1268,2020-01-21 10:33:28,01,3.39255896816681,0,3
1269,2020-01-21 10:36:32,01,3.416386873310529,0,3
1270,2020-01-21 10:39:30,01,3.4420170853839807,0,3
1271,2020-01-21 10:42:30,01,3.4694592299399005,0,3
1272,2020-01-21 10:45:31,01,3.4983119670463125,0,3
1273,2020-01-21 10:48:41,01,3.527762238468746,0,3
1274,2020-01-21 10:51:42,01,3.5569042669182096,0,3
1275,2020-01-21 10:54:43,01,3.584850170282323,0,3
1276,2020-01-21 10:57:43,01,3.610473164493442,0,3
1277,2020-01-21 11:00:38,01,3.632603173266226,0,3
1278,2020-01-21 11:03:55,01,3.6502757942455304,0,3
1279,2020-01-21 11:06:47,01,3.662969859721791,0,3
1280,2020-01-21 11:09:41,01,3.6706223503011826,0,3
1281,2020-01-21 11:12:58,01,3.673362451137212,0,3
1282,2020-01-21 11:15:52,01,3.671020247716088,0,3
1283,2020-01-21 11:18:44,01,3.6629333608319463,0,3
1284,2020-01-21 11:21:50,01,3.6482305460122433,0,3
1285,2020-01-21 11:24:53,01,3.626159548169859,0,3
1286,2020-01-21 11:27:53,01,3.5972187273526046,0,3
1287,2020-01-21 11:30:54,01,3.562781475778479,0,3
1288,2020-01-21 11:34:21,01,3.5236838305174984,0,3
1289,2020-01-21 11:37:22,01,3.4799252179806643,0,3
1290,2020-01-21 11:40:26,01,3.4310469095041043,0,3
1291,2020-01-21 11:43:26,01,3.377184308847248,0,3
1292,2020-01-21 11:46:27,01,3.3194338371038583,0,3
1293,2020-01-21 11:49:27,01,3.2598386116883376,0,3
1294,2020-01-21 11:52:27,01,3.2004930763289394,0,3
1295,2020-01-21 11:55:28,01,3.1433690294604872,0,3
1296,2020-01-21 11:58:28,01,3.0898652999298974,0,3
1297,2020-01-21 12:01:30,01,3.0411024786293837,0,3
1298,2020-01-21 12:04:30,01,2.9976280415613274,0,3
1299,2020-01-21 12:07:31,01,2.9589349453409,0,3
1300,2020-01-21 12:10:32,01,2.9243164245847453,0,3
1301,2020-01-21 12:31:34,01,2.893056178621478,0,3
1302,2020-01-21 12:35:32,01,2.8647918276225894,0,3
1303,2020-01-21 12:38:39,01,2.839495317575633,0,3
1304,2020-01-21 12:41:33,01,2.817135790895314,0,3
1305,2020-01-21 12:44:39,01,2.7976901456424823,0,3
1306,2020-01-21 12:47:40,01,2.7812418302749897,0,3
1307,2020-01-21 12:50:39,01,2.768014053499711,0,3
1308,2020-01-21 12:53:41,01,2.758665075535029,0,3
1309,2020-01-21 12:56:41,01,2.754106152556548,0,3
1310,2020-01-21 12:59:45,01,2.755145906984591,0,3
1311,2020-01-21 13:02:44,01,2.7619847179899626,0,3
1312,2020-01-21 13:05:44,01,2.774376726804398,0,3
1313,2020-01-21 13:08:44,01,2.792125771147825,0,3
1314,2020-01-21 13:11:44,01,2.814731878321769,0,3
1315,2020-01-21 13:14:44,01,2.8415203799256794,0,3
1316,2020-01-21 13:17:44,01,2.871817566749975,0,3
1317,2020-01-21 13:20:45,01,2.9048381920926936,0,3
1318,2020-01-21 13:23:45,01,2.93987583303457,0,3
1319,2020-01-21 13:26:47,01,2.9766576481788647,0,3
1320,2020-01-21 13:29:47,01,3.0155443419228547,0,3
1321,2020-01-21 13:32:52,01,3.0571282868701815,0,3
1322,2020-01-21 13:36:31,01,3.101976452663507,0,3
1323,2020-01-21 13:39:31,01,3.15050668540745,0,3
1324,2020-01-21 13:42:31,01,3.2029301193132653,0,3
1325,2020-01-21 13:45:31,01,3.258752617525019,0,3
1326,2020-01-21 13:51:31,01,3.3169998055360708,0,3
1327,2020-01-21 13:54:31,01,3.376618820554569,0,3
1328,2020-01-21 13:57:32,01,3.4365316813279776,0,3
1329,2020-01-21 14:00:36,01,3.4961599728002426,0,3
1330,2020-01-21 14:03:36,01,3.555006983900384,0,3
1331,2020-01-21 14:06:36,01,3.612467292156225,0,3
1332,2020-01-21 14:15:37,01,3.668095362610856,0,3
1333,2020-01-21 14:18:37,01,3.721129302972926,0,3
1334,2020-01-21 14:21:37,01,3.7710832612922047,0,3
1335,2020-01-21 14:24:37,01,3.8175610617318796,0,3
1336,2020-01-21 14:27:38,01,3.860056925000876,0,3
1337,2020-01-21 14:30:46,01,3.8982851253967823,0,3
1338,2020-01-21 14:33:39,01,3.9322293410886253,0,3
1339,2020-01-21 14:37:35,01,3.9621158596914654,0,3
1340,2020-01-21 14:40:35,01,3.9881608303456133,0,3
1341,2020-01-21 14:43:35,01,4.010519595387052,0,3
1342,2020-01-21 14:46:35,01,4.029396531608899,0,3
1343,2020-01-21 14:49:35,01,4.045157627156231,0,3
1344,2020-01-21 14:52:36,01,4.058499123649007,0,3
1345,2020-01-21 14:55:35,01,4.07000047270869,0,3
1346,2020-01-21 14:58:36,01,4.079784074124408,0,3
1347,2020-01-21 15:01:36,01,4.08807359775019,0,3
1348,2020-01-21 15:10:37,01,4.095092880507045,0,3
1349,2020-01-21 15:13:37,01,4.100839754778319,0,3
1350,2020-01-21 15:16:37,01,4.10545454934385,0,3
1351,2020-01-21 15:19:37,01,4.109104903038431,0,3
1352,2020-01-21 15:22:38,01,4.1118047197669725,0,3
1353,2020-01-21 15:25:38,01,4.113178120107022,0,3
1354,2020-01-21 15:28:38,01,4.113236526408835,0,3
1355,2020-01-21 15:34:40,01,4.112125513228102,0,3
1356,2020-01-21 15:38:39,01,4.109952705917418,0,3
1357,2020-01-21 15:41:38,01,4.1066997156618505,0,3
1358,2020-01-21 15:44:38,01,4.102573109824313,0,3
1359,2020-01-21 15:47:40,01,4.0979265628113755,0,3
1360,2020-01-21 15:50:40,01,4.093075735741413,0,3
1361,2020-01-21 15:53:40,01,4.088200029472702,0,3
1362,2020-01-21 15:56:40,01,4.0832617931668125,0,3
1363,2020-01-21 15:59:40,01,4.078014934195114,0,3
1364,2020-01-21 16:08:43,01,4.072304417981559,0,3
1365,2020-01-21 16:11:44,01,4.0658434213074335,0,3
1366,2020-01-21 16:14:46,01,4.0585004156091875,0,3
1367,2020-01-21 16:17:52,01,4.050005281735582,0,3
1368,2020-01-21 16:20:48,01,4.04014109820371,0,3
1369,2020-01-21 16:23:48,01,4.028860656448272,0,3
1370,2020-01-21 16:26:48,01,4.0163955508561955,0,3
1371,2020-01-21 16:29:48,01,4.003034322596385,0,3
1372,2020-01-21 16:32:49,01,3.989069747096714,0,3
1373,2020-01-21 16:35:50,01,3.974896025393395,0,3
1374,2020-01-21 16:39:51,01,3.961163249030644,0,3
1375,2020-01-21 16:42:45,01,3.948494355662042,0,3
1376,2020-01-21 16:45:51,01,3.9370670007617896,0,3
1377,2020-01-21 16:48:47,01,3.9266783464430546,0,3
1378,2020-01-21 16:51:46,01,3.91701635375561,0,3
1379,2020-01-21 16:54:47,01,3.9076858783191675,0,3
1380,2020-01-21 16:57:48,01,3.898603366853095,0,3
1381,2020-01-21 17:00:49,01,3.889581382857445,0,3
1382,2020-01-21 17:03:58,01,3.8797564841678653,0,3
1383,2020-01-21 17:06:50,01,3.8675538971344565,0,3
1384,2020-01-21 17:09:50,01,3.850629817987283,0,3
1385,2020-01-21 17:12:51,01,3.826985688303786,0,3
1386,2020-01-21 17:15:52,01,3.796006864646081,0,3
1387,2020-01-21 17:18:53,01,3.7580116953140745,0,3
1388,2020-01-21 17:21:53,01,3.713690323241771,0,3
1389,2020-01-21 17:24:53,01,3.663854846938243,0,3
1390,2020-01-21 17:27:53,01,3.60932311321217,0,3
1391,2020-01-21 17:30:53,01,3.5513455833227283,0,3
1392,2020-01-21 17:33:53,01,3.491953670544092,0,3
1393,2020-01-21 17:36:54,01,3.433006519885268,0,3
1394,2020-01-21 17:40:44,01,3.3755524225949927,0,3
1395,2020-01-21 17:43:45,01,3.3197937084239726,0,3
1396,2020-01-22 08:32:52,01,3.2655210234802183,0,3
1397,2020-01-22 08:35:50,01,3.212104431189502,0,3
1398,2020-01-22 08:38:51,01,3.1589438644843852,0,3
1399,2020-01-22 08:41:51,01,3.1062392557896175,0,3
1400,2020-01-22 08:45:37,01,3.054538646530304,0,3
1401,2020-01-22 08:48:37,01,3.0047868223568486,0,3
1402,2020-01-22 08:51:37,01,2.9583530456434133,0,3
1403,2020-01-22 08:54:37,01,2.9170734004757435,0,3
1404,2020-01-22 09:05:11,01,2.88324130127814,0,3
1405,2020-01-22 09:08:11,01,2.8586131285321095,0,3
1406,2020-01-22 09:11:11,01,2.844152546453573,0,3
1407,2020-01-22 09:14:12,01,2.840293854262473,0,3
1408,2020-01-22 09:17:12,01,2.8470744098577754,0,3
1409,2020-01-22 09:20:12,01,2.863881481698151,0,3
1410,2020-01-22 09:23:12,01,2.8888368486716303,0,3
1411,2020-01-22 09:26:22,01,2.9185090772822306,0,3
1412,2020-01-22 09:29:21,01,2.9486297694204,0,3
1413,2020-01-22 09:32:21,01,2.9754763370893187,0,3
1414,2020-01-22 09:41:19,01,2.9966394661145443,0,3
1415,2020-01-22 09:44:18,01,3.0117320037937034,0,3
1416,2020-01-22 09:47:18,01,3.0217342940813836,0,3
1417,2020-01-22 09:50:19,01,3.028042644081376,0,3
1418,2020-01-22 09:53:20,01,3.0316378993434663,0,3
1419,2020-01-22 09:59:20,01,3.033423514081429,0,3
1420,2020-01-22 10:02:20,01,3.034881675506286,0,3
1421,2020-01-22 10:06:19,01,3.03755484805163,0,3
1422,2020-01-22 10:09:16,01,3.042424520254423,0,3
1423,2020-01-22 10:12:16,01,3.049599059217167,0,3
1424,2020-01-22 10:15:17,01,3.058022697733028,0,3
1425,2020-01-22 10:36:19,01,3.0663225685169753,0,3
1426,2020-01-22 10:39:19,01,3.0735641797181286,0,3
1427,2020-01-22 10:42:20,01,3.0791338514748987,0,3
1428,2020-01-22 10:45:27,01,3.0830381073970994,0,3
1429,2020-01-22 10:48:23,01,3.0861936732330264,0,3
1430,2020-01-22 10:51:24,01,3.0902183705509874,0,3
1431,2020-01-22 10:54:24,01,3.096630253532709,0,3
1432,2020-01-22 10:57:25,01,3.1061085344278645,0,3
1433,2020-01-22 11:00:25,01,3.1193316089941234,0,3
1434,2020-01-22 11:03:26,01,3.1372343033348074,0,3
1435,2020-01-22 11:07:22,01,3.160889139120613,0,3
1436,2020-01-22 11:10:16,01,3.190181024262401,0,3
1437,2020-01-22 11:13:16,01,3.2239729733037095,0,3
1438,2020-01-22 11:16:16,01,3.260994698712473,0,3
1439,2020-01-22 11:19:16,01,3.2998463800173354,0,3
1440,2020-01-22 11:22:17,01,3.3385725688834924,0,3
1441,2020-01-22 11:28:17,01,3.37528965627331,0,3
1442,2020-01-22 11:31:23,01,3.408662413325807,0,3
1443,2020-01-22 11:34:23,01,3.4384367611853577,0,3
1444,2020-01-22 11:37:21,01,3.465589299985645,0,3
1445,2020-01-22 11:40:24,01,3.49102965300753,0,3
1446,2020-01-22 11:46:29,01,3.5150491840606506,0,3
1447,2020-01-22 11:49:26,01,3.537617223745542,0,3
1448,2020-01-22 11:52:27,01,3.558473002518369,0,3
1449,2020-01-22 11:55:27,01,3.5779582960677843,0,3
1450,2020-01-22 11:58:27,01,3.596898312567724,0,3
1451,2020-01-22 12:04:28,01,3.6158637142488033,0,3
1452,2020-01-22 12:09:57,01,3.6345178467967045,0,3
1453,2020-01-22 12:12:57,01,3.6521475175717484,0,3
1454,2020-01-22 12:15:58,01,3.66854308000314,0,3
1455,2020-01-22 12:22:00,01,3.6836489793188196,0,3
1456,2020-01-22 12:25:03,01,3.6974359531123717,0,3
1457,2020-01-22 12:28:01,01,3.709584931539153,0,3
1458,2020-01-22 12:31:04,01,3.719615859405784,0,3
1459,2020-01-22 12:40:03,01,3.7273017070502803,0,3
1460,2020-01-22 12:43:03,01,3.733107741062563,0,3
1461,2020-01-22 12:46:03,01,3.7375393422349408,0,3
1462,2020-01-22 12:49:03,01,3.7407652208020146,0,3
1463,2020-01-22 13:04:04,01,3.742822219444109,0,3
1464,2020-01-22 13:07:04,01,3.7441444197871023,0,3
1465,2020-01-22 13:16:52,01,3.7456700470710875,0,3
1466,2020-01-22 13:19:52,01,3.748145241857263,0,3
1467,2020-01-22 13:22:54,01,3.7517557124865992,0,3
1468,2020-01-22 13:25:54,01,3.7562046805369085,0,3
1469,2020-01-22 13:31:55,01,3.761503663731353,0,3
1470,2020-01-22 13:34:56,01,3.76758070257531,0,3
1471,2020-01-22 13:37:58,01,3.774126519384767,0,3
1472,2020-01-22 13:41:03,01,3.7807959929481747,0,3
1473,2020-01-22 13:50:00,01,3.7875402909570517,0,3
1474,2020-01-22 13:53:01,01,3.7944051149494786,0,3
1475,2020-01-22 13:56:01,01,3.8011098375691743,0,3
1476,2020-01-22 13:59:01,01,3.807232363268705,0,3
1477,2020-01-22 14:08:01,01,3.8126649347137107,0,3
1478,2020-01-22 14:11:57,01,3.8176106838369464,0,3
1479,2020-01-22 14:14:59,01,3.8220609275423456,0,3
1480,2020-01-22 14:17:59,01,3.8260302920801177,0,3
1481,2020-01-22 14:23:59,01,3.8297200337356108,0,3
1482,2020-01-22 14:27:09,01,3.833235717121017,0,3
1483,2020-01-22 14:30:08,01,3.8368030416038463,0,3
1484,2020-01-22 14:33:10,01,3.8405916825460227,0,3
1485,2020-01-22 14:42:09,01,3.844308144705197,0,3
1486,2020-01-22 14:45:09,01,3.847481549330177,0,3
1487,2020-01-22 14:48:09,01,3.849591113725701,0,3
1488,2020-01-22 14:51:15,01,3.8506266285352675,0,3
1489,2020-01-22 15:00:18,01,3.8502803113325443,0,3
1490,2020-01-22 15:03:17,01,3.8481173543819907,0,3
1491,2020-01-22 15:06:19,01,3.843792135329082,0,3
1492,2020-01-22 15:09:18,01,3.837232134671874,0,3
1493,2020-01-22 15:16:04,01,3.828480626011336,0,3
1494,2020-01-22 15:19:03,01,3.817964726783199,0,3
1495,2020-01-22 15:22:03,01,3.8062385843933484,0,3
1496,2020-01-22 15:34:04,01,3.793858137159752,0,3
1497,2020-01-22 15:37:04,01,3.781353480604391,0,3
1498,2020-01-22 15:40:05,01,3.768814546889619,0,3
1499,2020-01-22 15:43:05,01,3.756314383981998,0,3
1500,2020-01-22 15:52:06,01,3.744114854132352,0,3
1501,2020-01-22 15:55:06,01,3.7324818764558856,0,3
1502,2020-01-22 15:58:07,01,3.7213261252777947,0,3
1503,2020-01-22 16:07:13,01,3.710622241367961,0,3
1504,2020-01-22 16:10:09,01,3.7002983016549713,0,3
1505,2020-01-22 16:14:09,01,3.689383508827291,0,3
1506,2020-01-22 16:17:05,01,3.675356016515291,0,3
1507,2020-01-22 16:26:05,01,3.6558365063380336,0,3
1508,2020-01-22 16:29:05,01,3.629314576968394,0,3
1509,2020-01-22 16:32:06,01,3.595052097150095,0,3
1510,2020-01-22 16:35:06,01,3.5527302683059006,0,3
1511,2020-01-22 16:44:07,01,3.502848909657885,0,3
1512,2020-01-22 16:47:07,01,3.446597818248776,0,3
1513,2020-01-22 16:50:08,01,3.3851765542536896,0,3
1514,2020-01-22 16:53:08,01,3.319669374060396,0,3
1515,2020-01-22 17:02:09,01,3.251952786097007,0,3
1516,2020-01-22 17:05:10,01,3.1837610745072737,0,3
1517,2020-01-22 17:08:10,01,3.1164145401277352,0,3
1518,2020-01-22 17:11:10,01,3.0507986966028966,0,3
1519,2020-01-30 09:35:47,01,2.9874207697397708,0,3
1520,2020-01-30 09:38:47,01,2.926485358536439,0,3
1521,2020-01-30 09:41:48,01,2.8680963787797964,0,3
1522,2020-01-30 09:44:49,01,2.8126849575563284,0,3
1523,2020-01-30 09:47:50,01,2.7606684906732397,0,3
1524,2020-01-30 09:53:50,01,2.7125850623188796,0,3
1525,2020-01-30 09:56:58,01,2.6690671026569817,0,3
1526,2020-01-30 09:59:58,01,2.6309184577332516,0,3
1527,2020-01-30 10:02:57,01,2.5992130834566183,0,3
1528,2020-01-30 10:05:56,01,2.5751572968507546,0,3
1529,2020-01-30 10:08:56,01,2.559558573823316,0,3
1530,2020-01-30 10:33:47,01,2.552674273052567,0,3
1531,2020-01-30 10:36:48,01,2.554504006324848,0,3
1532,2020-01-30 10:39:49,01,2.564768084282086,0,3
1533,2020-01-30 10:42:51,01,2.5828448844292,0,3
1534,2020-01-30 10:45:52,01,2.6075445443150045,0,3
1535,2020-01-30 10:48:53,01,2.637277941980436,0,3
1536,2020-01-30 10:51:57,01,2.6699641301139607,0,3
1537,2020-01-30 10:54:57,01,2.703609045616709,0,3
1538,2020-01-30 10:57:57,01,2.7372256488153894,0,3
1539,2020-01-30 11:00:57,01,2.770723127991232,0,3
1540,2020-01-30 11:03:58,01,2.8033552022662818,0,3
1541,2020-01-30 11:06:58,01,2.8335902272216984,0,3
1542,2020-01-30 11:10:00,01,2.86017864590886,0,3
1543,2020-01-30 11:37:54,01,2.8823095128494387,0,3
1544,2020-01-30 11:40:54,01,2.8996155613038006,0,3
1545,2020-01-30 11:43:55,01,2.912117263045296,0,3
1546,2020-01-30 11:46:56,01,2.9202976153964677,0,3
1547,2020-01-30 11:49:56,01,2.925131933306151,0,3
1548,2020-01-30 11:52:56,01,2.927631686678426,0,3
1549,2020-01-30 11:55:57,01,2.9293629704679773,0,3
1550,2020-01-30 11:58:56,01,2.9307660848689387,0,3
1551,2020-01-30 12:01:57,01,2.931220036057616,0,3
1552,2020-01-30 12:04:57,01,2.929355626100514,0,3
1553,2020-01-30 12:07:57,01,2.923378866191337,0,3
1554,2020-01-30 12:10:59,01,2.91187167537948,0,3
1555,2020-01-30 12:39:05,01,2.8945841924975753,0,3
1556,2020-01-30 12:42:08,01,2.8730419195388706,0,3
1557,2020-01-30 12:45:01,01,2.848583563235472,0,3
1558,2020-01-30 12:52:28,01,2.821616211064473,0,3
1559,2020-01-30 12:55:37,01,2.791973418800687,0,3
1560,2020-01-30 12:58:39,01,2.7592383522234485,0,3
1561,2020-01-30 13:01:38,01,2.72320626286983,0,3
1562,2020-01-30 13:04:37,01,2.6843346976066584,0,3
1563,2020-01-30 13:07:36,01,2.6438510000104856,0,3
1564,2020-01-30 16:16:49,01,2.603175532055964,0,3
1565,2020-01-30 16:19:49,01,2.563194516873615,0,3
1566,2020-01-30 16:22:50,01,2.5245967374259664,0,3
1567,2020-01-30 16:25:50,01,2.488056653448446,0,3
1568,2020-01-30 16:28:51,01,2.454103703273802,0,3
1569,2020-01-30 16:31:50,01,2.4232291101772603,0,3
1570,2020-01-30 16:34:50,01,2.3960385576874543,0,3
1571,2020-01-31 09:30:06,01,2.37296681449061,0,3
1572,2020-01-31 09:33:06,01,2.3544220149851682,0,3
1573,2020-01-31 09:36:09,01,2.341212990251126,0,3
1574,2020-01-31 09:45:10,01,2.3343049485542515,0,3
1575,2020-01-31 09:48:10,01,2.334401298442524,0,3
1576,2020-01-31 09:51:10,01,2.3411769358654784,0,3
1577,2020-01-31 09:54:16,01,2.353371818198511,0,3
1578,2020-01-31 09:57:15,01,2.369320742202895,0,3
1579,2020-01-31 10:00:15,01,2.3877466067365702,0,3
1580,2020-01-31 10:03:15,01,2.4070347345261567,0,3
1581,2020-01-31 10:06:18,01,2.425721505075927,0,3
1582,2020-01-31 10:09:19,01,2.443288248514321,0,3
1583,2020-01-31 10:12:19,01,2.46099674107937,0,3
1584,2020-01-31 10:15:19,01,2.4806167654879445,0,3
1585,2020-01-31 10:19:08,01,2.5039187142833725,0,3
1586,2020-01-31 10:22:08,01,2.5322471949445884,0,3
1587,2020-01-31 10:25:08,01,2.565608442466882,0,3
1588,2020-01-31 10:28:08,01,2.602241808983756,0,3
1589,2020-01-31 10:31:09,01,2.638014822732501,0,3
1590,2020-01-31 10:34:09,01,2.669679687873277,0,3
1591,2020-01-31 10:58:11,01,2.69519144057325,0,3
1592,2020-01-31 11:01:12,01,2.713465864508727,0,3
1593,2020-01-31 11:04:13,01,2.7248276044151645,0,3
1594,2020-01-31 11:07:13,01,2.7305067685932816,0,3
1595,2020-01-31 11:10:14,01,2.732514207786057,0,3
1596,2020-01-31 11:13:15,01,2.7328324384681077,0,3
1597,2020-01-31 11:16:22,01,2.7334044323389297,0,3
1598,2020-01-31 11:21:34,01,2.7356587524383946,0,3
1599,2020-01-31 11:24:38,01,2.7406189368358675,0,3
1600,2020-01-31 11:27:35,01,2.7492765535074746,0,3
1601,2020-01-31 11:30:35,01,2.76273166478202,0,3
1602,2020-01-31 11:33:36,01,2.7805332061449626,0,3
1603,2020-01-31 11:36:36,01,2.8009497694325347,0,3
1604,2020-01-31 12:00:41,01,2.8217715370652954,0,3
1605,2020-01-31 12:03:41,01,2.841266073759545,0,3
1606,2020-01-31 12:06:42,01,2.858896791082433,0,3
1607,2020-01-31 12:09:43,01,2.874664512331364,0,3
1608,2020-01-31 12:12:43,01,2.888955874470014,0,3
1609,2020-01-31 12:15:43,01,2.9030016591959082,0,3
1610,2020-01-31 12:18:44,01,2.918709854401044,0,3
1611,2020-01-31 12:22:36,01,2.937860315024807,0,3
1612,2020-01-31 12:25:36,01,2.9607533497305667,0,3
1613,2020-01-31 12:28:36,01,2.9872367298387417,0,3
1614,2020-01-31 12:31:36,01,3.016335152160771,0,3
1615,2020-01-31 12:34:45,01,3.0466534032966592,0,3
1616,2020-01-31 12:37:44,01,3.0766619927044303,0,3
1617,2020-01-31 13:01:52,01,3.1052379202546945,0,3
1618,2020-01-31 13:04:47,01,3.131107295234493,0,3
1619,2020-01-31 13:07:51,01,3.1530143517311835,0,3
1620,2020-01-31 13:10:49,01,3.170768959627022,0,3
1621,2020-01-31 13:19:49,01,3.1857059390775824,0,3
1622,2020-01-31 13:23:49,01,3.200340642611881,0,3
1623,2020-01-31 13:26:42,01,3.216355244559736,0,3
1624,2020-01-31 13:29:42,01,3.2344097422512768,0,3
1625,2020-01-31 13:32:42,01,3.254288672872047,0,3
1626,2020-01-31 13:35:42,01,3.2752421662641247,0,3
1627,2020-01-31 14:02:50,01,3.2964521056977,0,3
1628,2020-01-31 14:05:51,01,3.316670736529943,0,3
1629,2020-01-31 14:08:51,01,3.333412984647378,0,3
1630,2020-01-31 14:11:51,01,3.3443370831050068,0,3
1631,2020-01-31 14:14:51,01,3.347963219683944,0,3
1632,2020-01-31 14:17:51,01,3.3434140136238772,0,3
1633,2020-01-31 14:20:51,01,3.331122257126613,0,3
1634,2020-01-31 14:24:42,01,3.313485136783859,0,3
1635,2020-01-31 14:27:46,01,3.2949536576295166,0,3
1636,2020-01-31 14:30:43,01,3.279982918847299,0,3
1637,2020-01-31 14:33:43,01,3.2703552034022962,0,3
1638,2020-01-31 14:36:44,01,3.2655483195006596,0,3
1639,2020-01-31 14:39:45,01,3.2638213549906574,0,3
1640,2020-01-31 14:42:46,01,3.2632626052054867,0,3
1641,2020-01-31 14:45:56,01,3.262233378143609,0,3
1642,2020-01-31 14:48:56,01,3.2594108432249698,0,3
1643,2020-01-31 14:51:49,01,3.253851304433489,0,3
1644,2020-01-31 15:18:51,01,3.246592331988122,0,3
1645,2020-01-31 15:21:51,01,3.2379990660925237,0,3
1646,2020-01-31 15:25:47,01,3.2281515628646,0,3
1647,2020-01-31 15:28:48,01,3.2177205313878865,0,3
1648,2020-01-31 15:31:48,01,3.2073604676850103,0,3
1649,2020-01-31 15:40:49,01,3.1975265747837636,0,3
1650,2020-01-31 15:43:49,01,3.1885266267819894,0,3
1651,2020-01-31 15:46:50,01,3.180424848315191,0,3
1652,2020-01-31 16:10:53,01,3.1731586808258676,0,3
1653,2020-01-31 16:13:54,01,3.1665423608783527,0,3
1654,2020-01-31 16:16:54,01,3.160537141285861,0,3
1655,2020-01-31 16:19:55,01,3.1550535429331283,0,3
1656,2020-01-31 16:22:55,01,3.1500396033335356,0,3
1657,2020-01-31 16:50:53,01,3.1454845283417807,0,3
1658,2020-01-31 16:53:53,01,3.1413517993348528,0,3
1659,2020-01-31 16:56:54,01,3.1376181778591565,0,3
1660,2020-01-31 17:02:54,01,3.1342179176604716,0,3
